fund_id,snapshot_date,benchmark_aum,invested_aum,equity_won,loan_won,deposit_won,aum_basis,asset_allocation_policy,source_row_number,row_hash
112005,2026-05-31,472067985341,414767985341,,,,fund_level_source_snapshot,do_not_allocate_without_approved_rule,3,fcd549e9a442910f6135eb87e2f72a0cdd676cc1fb94553ef7ad4782c25b6181
112006,2026-05-31,285640004779,275940004779,,,,fund_level_source_snapshot,do_not_allocate_without_approved_rule,4,b7b7eebadd2abbd98640f3dd6604b463e3d8b64744405c756e85d609b5340858
112008,2026-05-31,978754387716,978754387716,,,,fund_level_source_snapshot,do_not_allocate_without_approved_rule,5,c49563f4639786a9f1bff3945082aca3ace1d1dd35353e265752bbd4555bff0e
112011,2026-05-31,89500000000,65860675862,,,,fund_level_source_snapshot,do_not_allocate_without_approved_rule,6,338af4d3d8d3baec3328b67fb11ab873924ad158683b20fc0ea0738a67a1899f
112012,2026-05-31,219811847170,204575994248,,,,fund_level_source_snapshot,do_not_allocate_without_approved_rule,7,bc849781498e7c54aaf010b3ff39306f5f5ffcb6c738bca63646941aa8555fb0
112016,2026-05-31,583769942081,688769942081,,,,fund_level_source_snapshot,do_not_allocate_without_approved_rule,8,17669df34a5cbb3e12fd1c9f5f9c7882e95131b71a0842cfdc54f182bf93faa1
112017,2026-05-31,429658773800,429658773800,,,,fund_level_source_snapshot,do_not_allocate_without_approved_rule,9,5236bdc55166e3a32c2d8c650e82433a9d502c152d7cc81c6351a1d940b59ecc
112018,2026-05-31,236500000000,160500000000,,,,fund_level_source_snapshot,do_not_allocate_without_approved_rule,10,6cc2e97b7cfead4fabb6ca678bd3f1d62d14e2c8258b3b60f66abfdb7c19b78d
112024,2026-05-31,623605096071,610905096071,,,,fund_level_source_snapshot,do_not_allocate_without_approved_rule,11,8753c7006017e5c3feb5b16ddbc55ff0489b6c26ad18674444edd3b8e0eae41a
112026,2026-05-31,30173079000,6909238629,,,,fund_level_source_snapshot,do_not_allocate_without_approved_rule,12,b9177c7a8b7861736dcbb22b3cd8de72e8b2d88665556f6607f12136e71be524
112029,2026-05-31,355742897050,199242897050,,,,fund_level_source_snapshot,do_not_allocate_without_approved_rule,13,f71ff114bacee240ccda6cea5c732aaa51848bb40435b5b102febb4decb7b25f
112030,2026-05-31,75395000000,18402041646,,,,fund_level_source_snapshot,do_not_allocate_without_approved_rule,14,3c17e51a77717f520c7e0edb416ec969ef28b78a7046e8ac383d2e33c3b5aa0e
112032,2026-05-31,22633579000,6158970976,,,,fund_level_source_snapshot,do_not_allocate_without_approved_rule,15,2294ac1876fec20656e47cb92a5f10b71c8467c088bb08022dbba41bdf505e6a
112033,2026-05-31,116272152179,115890272361,,,,fund_level_source_snapshot,do_not_allocate_without_approved_rule,16,c2e894c4a23087376b1397755669271354f156e1a0c9c9c92c25f28bfc2ae6db
112034,2026-05-31,90813758372,90813758372,,,,fund_level_source_snapshot,do_not_allocate_without_approved_rule,17,7465c3ba60035dc1aefb27098cb16aca09418e797474408fd8eb96b8574751d3
112035,2026-05-31,517247693068,517247693068,,,,fund_level_source_snapshot,do_not_allocate_without_approved_rule,18,a724245d58c208facab0b5dfe751a15ed2e9becc5f90087accc10164323f5e72
112036,2026-05-31,135625967128,135625967128,,,,fund_level_source_snapshot,do_not_allocate_without_approved_rule,19,edbc30d2233ca12b05c483d02cac2b1a600715c439da2d9a091ae60b044a1997
112037,2026-05-31,283800000000,283800000000,,,,fund_level_source_snapshot,do_not_allocate_without_approved_rule,20,ccbe3fbc3ef82ab809ba892d2b5d2dd94542634eacd1946c8f984673d5f2811d
112038,2026-05-31,340502754000,330401922998,,,,fund_level_source_snapshot,do_not_allocate_without_approved_rule,21,4b18d54289740b54d7a6875c0fba78bf1cadbc682f475d4d50bb31e0b1ce6d06
112039,2026-05-31,350316456120,350316456120,,,,fund_level_source_snapshot,do_not_allocate_without_approved_rule,22,fc269602faaaa1ae675119d4311c0fa5140b5995eb4c576139bd7a3d5118063e
112048,2026-05-31,196662128220,196662128220,,,,fund_level_source_snapshot,do_not_allocate_without_approved_rule,23,1eb05e0377b192da3cb15c4fe6638e04401914db1bdd94c5b4b7c0fb4d867b8a
112049,2026-05-31,606683255834,656929067385,,,,fund_level_source_snapshot,do_not_allocate_without_approved_rule,24,00879d5193825b1896e9d685f6df0fa7b9a2fce2ee6dfe9118cf861f5d1bed09
112051,2026-05-31,43933316300,15184928920,,,,fund_level_source_snapshot,do_not_allocate_without_approved_rule,25,3617a4c77c092d81a818ae420b76a78ac725e090b6cc83417cc319e11761895c
112057,2026-05-31,226185000000,84287513234,,,,fund_level_source_snapshot,do_not_allocate_without_approved_rule,26,a80d5c47b4be49bbc996a45576400c195441bc18f079f9d223caef69c8995cd3
112058,2026-05-31,425053452015,425053452015,,,,fund_level_source_snapshot,do_not_allocate_without_approved_rule,27,f96e7997f271d2c138ee8b2695ba752235e6d91d1330cae0525ee2ff1de54b27
112064,2026-05-31,96442934000,96442934000,,,,fund_level_source_snapshot,do_not_allocate_without_approved_rule,28,583194ece440dd1f00568887ff628d9c68db61914d770ee1fe8db24e725fab52
112067,2026-05-31,197723723268,240834749673,,,,fund_level_source_snapshot,do_not_allocate_without_approved_rule,29,23c87969e8fc01d72801367a1000f5664d14458571549563a97e03cc23dce4c4
112068,2026-05-31,155677752,155677752,,,,fund_level_source_snapshot,do_not_allocate_without_approved_rule,30,b220692aecee835f3f687e41424c0d5e34a255e38e70c010eab2812f3502f051
112069,2026-05-31,155677752,155677752,,,,fund_level_source_snapshot,do_not_allocate_without_approved_rule,31,59ca1786023699f45208efa8fc4f3ebfb292c00c80fa5a5798f77e5c4f9b449f
112074,2026-05-31,52698900000,34803755150,,,,fund_level_source_snapshot,do_not_allocate_without_approved_rule,32,400b625bfa91a57b821fc1220d93db932a7117556cad4e15549dc03a884c5b06
112077,2026-05-31,306496329051,306496329051,,,,fund_level_source_snapshot,do_not_allocate_without_approved_rule,33,ee156ecc3d37ab30db180906781f97752d68c021f91f96ac7de540c95ad9ca3d
112080,2026-05-31,255952047476,187671176486,,,,fund_level_source_snapshot,do_not_allocate_without_approved_rule,34,72fd3cff6ec04a293dd01efccd1596d8d01a4c09b971d2bb7a2f00edac8c4233
112085,2026-05-31,896028680080,887920872080,,,,fund_level_source_snapshot,do_not_allocate_without_approved_rule,35,1655da1961c30f5badfadd3e3f334f792e473943f8ba1d15b71d72eaf7ec2e6c
112086,2026-05-31,59084925600,54209490600,,,,fund_level_source_snapshot,do_not_allocate_without_approved_rule,36,4c2efc63d079d6f5b5f757714af42fe71d620a6cdb20bbb780809532299cf677
112092,2026-05-31,246614030000,246614030000,,,,fund_level_source_snapshot,do_not_allocate_without_approved_rule,37,24892d8b96545492ec974c557eaab6addd6926390394cb4ba20dabb19977e465
112093,2026-05-31,1009241784220,826584835286,,,,fund_level_source_snapshot,do_not_allocate_without_approved_rule,38,a991ab2315eafe3d5d0bc22d53ac1dd22cd0b1329b9ca3b8822359d0daee4b3f
112095,2026-05-31,151996094665,151996094665,,,,fund_level_source_snapshot,do_not_allocate_without_approved_rule,39,d2d0c256e78728aa8b88aa37023390b0e9a92f635384a6d5e1bf83284efa42ed
112100,2026-05-31,372100000000,363353018089,,,,fund_level_source_snapshot,do_not_allocate_without_approved_rule,40,a0d0a337427229ab5aa5448fe77101a5528b440ef6abbbeb4c8b8cd7b0133950
112104,2026-05-31,397480983629,390036844529,,,,fund_level_source_snapshot,do_not_allocate_without_approved_rule,41,42a54392de5077a04ddfdea69324ecd4d7544c52d6af9c6ab4193e5dac26b32a
112109,2026-05-31,76000000000,76000000000,,,,fund_level_source_snapshot,do_not_allocate_without_approved_rule,42,ad924b685da1f2a81fd60b76b566ef6a62164a0bb60c857e5ea540a2f876743e
112114,2026-05-31,10000000000,10000000000,,,,fund_level_source_snapshot,do_not_allocate_without_approved_rule,43,09ab92bb9fed46e28c5502ade6e946cc425fb14a0f01057b88554eb4b1ea41cb
112115,2026-05-31,24980297247,24980297247,,,,fund_level_source_snapshot,do_not_allocate_without_approved_rule,44,1268b8a11f715400dacc064f44d5405913444cc57c749113172cce82d9304db5
112127,2026-05-31,425598336160,425598336160,,,,fund_level_source_snapshot,do_not_allocate_without_approved_rule,45,0d434c11e671924dc711cedaa29158bd03bd854489986ef77780f405d62900bf
112132,2026-05-31,183603398000,176503398000,,,,fund_level_source_snapshot,do_not_allocate_without_approved_rule,46,52274c1bf166fbc348ff12b2c2b0138461eb93642dbefcef7fafecbd52e3e4bd
112143,2026-05-31,30158000000,10344083814,,,,fund_level_source_snapshot,do_not_allocate_without_approved_rule,47,1a6f299e1eef3c2cfb5aae9a8d94a81358fa3c29b5e879d98139daa5ba2f6bb2
112144,2026-05-31,198730584326,198730584326,,,,fund_level_source_snapshot,do_not_allocate_without_approved_rule,48,85a3b5bf653a1fab03b0f10a036cdc4d2965be5af6860328aaa9a5927bc3deec
112147,2026-05-31,120632000000,112559528007,,,,fund_level_source_snapshot,do_not_allocate_without_approved_rule,49,1237982ef53c275f06d2d16fcebbcf4ae2d2fc24e26758280f79a00796ee7ec0
112153,2026-05-31,23311367977,23311367977,,,,fund_level_source_snapshot,do_not_allocate_without_approved_rule,50,cc7970f686e2d8078fda096450ea80303feb2810c724cbe14eb6a5e6d5f72074
112158,2026-05-31,105553000000,78081051188,,,,fund_level_source_snapshot,do_not_allocate_without_approved_rule,51,4b67e8730a713c9a78ca6695fe0bbcf59990f4b14634108af70231ced119a77a
112159,2026-05-31,87735160783,94669020000,,,,fund_level_source_snapshot,do_not_allocate_without_approved_rule,52,4b1cc3e66be47023deba3ec6fb030d90138a35afa30320af7599c08d1f6bb865
112160,2026-05-31,270000000000,270000000000,,,,fund_level_source_snapshot,do_not_allocate_without_approved_rule,53,a8e57c56f54675bee6d7e50a21786072b7b8dec81a344982cc8766c478d920c3
112162,2026-05-31,37697500000,36662218083,,,,fund_level_source_snapshot,do_not_allocate_without_approved_rule,54,4e37d7a5b0777afd34f58359d34c174ea3692367349b95cf2ca017e4a3004a96
112165,2026-05-31,147425340000,147567830524,,,,fund_level_source_snapshot,do_not_allocate_without_approved_rule,55,9154dcaddbd05be44074c01112a10dd4cee077c312249868102d2c80452261e9
112170,2026-05-31,28922965409,28922965409,,,,fund_level_source_snapshot,do_not_allocate_without_approved_rule,56,3b1e881a93aeeb46ae510961d5852f9f74fe8bc1168bd9e9548ea18f616ae176
112171,2026-05-31,19281979520,19281979520,,,,fund_level_source_snapshot,do_not_allocate_without_approved_rule,57,8c067b3c66d3e4072ea998da27a5fe6398035d3266192560b2265b52213e6a78
112172,2026-05-31,1230639798271,995705666116,,,,fund_level_source_snapshot,do_not_allocate_without_approved_rule,58,bdb8c709635159c149b65ad8c61b42140f5480a9068ae5983475d9513eea7d3a
112173,2026-05-31,216768142000,142254417283,,,,fund_level_source_snapshot,do_not_allocate_without_approved_rule,59,848dbb0db9ae00e564402fd2e86e42d53a3742f33f32d20b9e7545af93795911
112180,2026-05-31,22618500000,16221537984,,,,fund_level_source_snapshot,do_not_allocate_without_approved_rule,60,1d60fe7b6d89bf1848797d9fa55a25f9c697042014692f171a901778d83495ed
112182,2026-05-31,83091420000,83258957,,,,fund_level_source_snapshot,do_not_allocate_without_approved_rule,61,1e53b15b61c1d06f25968ae10d45a9c663d5e261b46fe1b65a1021ebe3232b76
112183,2026-05-31,64385043760,64385043760,,,,fund_level_source_snapshot,do_not_allocate_without_approved_rule,62,cadac48d9e88f5ac4d7f5f008e0098306249890e0137bf8946536084a21ce15e
112191,2026-05-31,132129767860,132129767860,,,,fund_level_source_snapshot,do_not_allocate_without_approved_rule,63,a92ca4edb69a89c9e7aaae6079813239873f9723edb5c160574f48b528e7104f
112200,2026-05-31,91712652496,91712652496,,,,fund_level_source_snapshot,do_not_allocate_without_approved_rule,64,78f4abbcc4f3a73408a58ee5ceeb4159701f6711f8eee4bf7ff85f92b428f28e
112205,2026-05-31,62090383000,62090383000,,,,fund_level_source_snapshot,do_not_allocate_without_approved_rule,65,dfb23d299dee1969c613b1f3912b77b13a3e9eb2cbf847aaee40043f42255904
112206,2026-05-31,150790000000,128375126145,,,,fund_level_source_snapshot,do_not_allocate_without_approved_rule,66,0bfeabb64a9036601da9ac73e2d497e850a89b276e8c692b70279e2dd2e56b76
112208,2026-05-31,223262363914,223262363914,,,,fund_level_source_snapshot,do_not_allocate_without_approved_rule,67,e8eea4dfa40a0d180f94c4ff5fd689201fc22b6fcfb92397a0a30610ae3b4c18
112209,2026-05-31,2201441701744,1929808436744,,,,fund_level_source_snapshot,do_not_allocate_without_approved_rule,68,c392625ae03b637e2032ac9231a9567d8b52c461639e174bd98075753d17e19f
112214,2026-05-31,158726644825,158726644825,,,,fund_level_source_snapshot,do_not_allocate_without_approved_rule,69,0956570d075e9dde2a15f5bd2f8b1e19342ade099a4e67826547fb028d9b6ab4
112223,2026-05-31,148671478262,148671478262,,,,fund_level_source_snapshot,do_not_allocate_without_approved_rule,70,049d0d15fadfb695717ff3dc7d060eb9763eb988f6f3b3df79bedc1f4723d323
112234,2026-05-31,66000000000,40187520350,,,,fund_level_source_snapshot,do_not_allocate_without_approved_rule,71,6f3dd50142f09254bcad8be111355d58e791b3e419a6047d0bf65b2ac0a193fc
112235,2026-05-31,80089240000,80089240000,,,,fund_level_source_snapshot,do_not_allocate_without_approved_rule,72,af992e4c8c716da6b2030b66608d9f8e0245ecb244b66fa43c72701dc6b9d452
112242,2026-05-31,486498074718,486498074366,,,,fund_level_source_snapshot,do_not_allocate_without_approved_rule,73,c1cae49df4221ced6f8f250a7d942d466e33e0bb4022c771a04843db7148d14b
112247,2026-05-31,45146526000,23587299607,,,,fund_level_source_snapshot,do_not_allocate_without_approved_rule,74,f6a92558b3a70c313d6898ab58f0b2a07aceb7f27972031b1fd5803e21dd06dd
112250,2026-05-31,149243284800,2802677954,,,,fund_level_source_snapshot,do_not_allocate_without_approved_rule,75,87bd3ba24d73efb1ce24fab7632f83b1308167cef657b830cd19b436e3476838
112254,2026-05-31,477225314387,477225315090,,,,fund_level_source_snapshot,do_not_allocate_without_approved_rule,76,eef3940730c9873933c017fc816a000d89e0ca8391cf06aef61e1feebcc1f446
112256,2026-05-31,44791580566,44791580566,,,,fund_level_source_snapshot,do_not_allocate_without_approved_rule,77,72a86339602dc1ddbedd56eac5ccafe476edeb26a569d215a737bda4b8b20a14
112260,2026-05-31,5814115748,5814115748,,,,fund_level_source_snapshot,do_not_allocate_without_approved_rule,78,330abcad2cf95511e4a12aa7bf16797797b8bbd341f2d43c099ab9c6d03b7649
112267,2026-05-31,86576702000,82733926690,,,,fund_level_source_snapshot,do_not_allocate_without_approved_rule,79,356dde4cd62772201251f86841a9d666d24d360f5ba044ab7cd9814ea0f644b8
112268,2026-05-31,55048825687,48954749247,,,,fund_level_source_snapshot,do_not_allocate_without_approved_rule,80,0dbe38166ee5fe2dd38c930f9eef147783a90919b9a4f50ae361885f878392f8
112269,2026-05-31,21503839200,17256517900,,,,fund_level_source_snapshot,do_not_allocate_without_approved_rule,81,2eb375d7ca192a638e181d21965f569abc0ca5b5a95d2b55700d60dfeb11c098
112270,2026-05-31,82400000000,82400000000,,,,fund_level_source_snapshot,do_not_allocate_without_approved_rule,82,cde32d8d736824fc20bfcf97f5bbc798a4100277bdc38fd799470e46081f8b5c
112273,2026-05-31,88765956000,93565187,,,,fund_level_source_snapshot,do_not_allocate_without_approved_rule,83,cddb6a8d93bb275dd4047629e4e125bca385ba71f46b00ff7fcfbaeaed14cb77
112278,2026-05-31,154991448700,154991448700,,,,fund_level_source_snapshot,do_not_allocate_without_approved_rule,84,998cc7d4d60aa03c2d8e02570998a05ece195312ec327faeddd6096f85e5fb31
112287,2026-05-31,12223963215,12223963215,,,,fund_level_source_snapshot,do_not_allocate_without_approved_rule,85,be774244c45ea3800dffac1ba2a7141cde835b3db59655ebca293de5048e1bbe
112290,2026-05-31,296122833619,296122833619,,,,fund_level_source_snapshot,do_not_allocate_without_approved_rule,86,e7082eaf51779f51fa06e3df91d27da6fdf182afcc65fb0b4ae8674668cbf4b5
112299,2026-05-31,147705990629,147705990629,,,,fund_level_source_snapshot,do_not_allocate_without_approved_rule,87,dccd74bb8940bd70c085a1ee264eb8118961e33708b560ad8492e8da99d796bb
112303,2026-05-31,75748000000,7231767973,,,,fund_level_source_snapshot,do_not_allocate_without_approved_rule,88,6b1b31c7ed67f2defd1b9f7a95a13663eb720f1739148b8c124bb8f63994e450
112305,2026-05-31,80137269550,80137269550,,,,fund_level_source_snapshot,do_not_allocate_without_approved_rule,89,8151881c30b952779d2b3b507a8753564b823cb3f0852960e2350dc3f7e5f5b3
112310,2026-05-31,26137552503,26137552503,,,,fund_level_source_snapshot,do_not_allocate_without_approved_rule,90,6ee03c3008c07a5d36dd47cc23d7a85674cae4007c6f4d96464f493aa3d52e4e
112324,2026-05-31,84967238516,84967238516,,,,fund_level_source_snapshot,do_not_allocate_without_approved_rule,91,b66f7e35a034ce420849c02fc271d6157f21682b6dbbcf721fc82c0cf5f8b848
112325,2026-05-31,602955955014,602955955014,,,,fund_level_source_snapshot,do_not_allocate_without_approved_rule,92,1b4be878b7418eacdcb514917dce115baf29ed737fa4fb1bfe18cc246b1aa49e
112333,2026-05-31,312382020277,312382020277,,,,fund_level_source_snapshot,do_not_allocate_without_approved_rule,93,251575288d6f05e9ce67eca39fb4454dea4cf8d2fd48dfe45c695c63eb70c766
112338,2026-05-31,256882000000,256882000000,,,,fund_level_source_snapshot,do_not_allocate_without_approved_rule,94,e77290c75397e1f96521d389149a62aba70dcb9566888387c72a19391655f9aa
112341,2026-05-31,46879006819,46879006819,,,,fund_level_source_snapshot,do_not_allocate_without_approved_rule,95,598ef1d6604fc3a1edfd45da1bfaf90f4bc8b6bf41483d8e285823d80a87e6d2
112347,2026-05-31,87831500000,66419163920,,,,fund_level_source_snapshot,do_not_allocate_without_approved_rule,96,9e519eb6ccf5640ef37cd81429e47082b2fe7190150e39a94b02fac9ab930396
112350,2026-05-31,513347117600,513347117600,,,,fund_level_source_snapshot,do_not_allocate_without_approved_rule,97,7fa8a1368b360178a59bbe8d682781f6f457c15e47e5855cc929072aba07a401
112355,2026-05-31,690851840000,653427369242,,,,fund_level_source_snapshot,do_not_allocate_without_approved_rule,98,6f3969aac64e9dbabac97616bbe88a635628e3ab33f58cea783505350d50b7d5
112361,2026-05-31,165414410771,165414410771,,,,fund_level_source_snapshot,do_not_allocate_without_approved_rule,99,aa1a373e0a58e1758d2cf7e73905c0b5d1326a748d21531b78db97323b547ac9
112362,2026-05-31,85491541000,85491541000,,,,fund_level_source_snapshot,do_not_allocate_without_approved_rule,100,c20f36d9ebc5f77683b0add17942e744de9773759eab3a0062eab96efd963c20
112365,2026-05-31,65133820000,64133820000,,,,fund_level_source_snapshot,do_not_allocate_without_approved_rule,101,7559766d01e7ba4e7258c32c98a0101eaaa5fc72f51f2897e6bb13f96994ac62
112368,2026-05-31,194499508600,194499508600,,,,fund_level_source_snapshot,do_not_allocate_without_approved_rule,102,54f8c42479bc53b76871f79c5dba5f43c2b0c7d60ad43393c635126bcd95a867
112374,2026-05-31,299107056294,299107056294,,,,fund_level_source_snapshot,do_not_allocate_without_approved_rule,103,8d81179ffa62b519349f57251e7a3c2495622fceebc2b25980b0928d04619d67
112375,2026-05-31,211102253649,211102253649,,,,fund_level_source_snapshot,do_not_allocate_without_approved_rule,104,f41709cbc73ebec876ff64cdb937b4687369cb86a3cdacb5922f78a92af8e197
112380,2026-05-31,0,0,,,,fund_level_source_snapshot,do_not_allocate_without_approved_rule,105,df83873049f784d1a9e439baf70ba72df46369facb5896654d17e8024c34674a
112383,2026-05-31,105895216123,105895216123,,,,fund_level_source_snapshot,do_not_allocate_without_approved_rule,106,0ff70f9fd2055f280a67aad9bd193492cce6255edf173c7f8f18253cbbf6db9f
112408,2026-05-31,45237000000,35072967768,,,,fund_level_source_snapshot,do_not_allocate_without_approved_rule,107,0b2b6fee0adc813c29debde1b43dc6de3adb34843c8b5ae306f3d0d720bb7ee2
112409,2026-05-31,150790000000,101986054966,,,,fund_level_source_snapshot,do_not_allocate_without_approved_rule,108,d4eb03b4e4fafbfc2c4566962f7efbca2a6746b0c1c54810781771f433350e7b
112410,2026-05-31,118681468676,118681468676,,,,fund_level_source_snapshot,do_not_allocate_without_approved_rule,109,0854462d9b5b644b5cbab16bfec95cbe088e73fcf1d5ece9a0411dadde750689
112411,2026-05-31,241264000000,3501274527,,,,fund_level_source_snapshot,do_not_allocate_without_approved_rule,110,b295874470262b1df9ef2603c0aceac127897abc4836776f426e9b6d4ca0ba12
112413,2026-05-31,150790000000,134431554381,,,,fund_level_source_snapshot,do_not_allocate_without_approved_rule,111,cb879482c2e057db4f93854512c35c006308cb1be699e256688d94c14abb6ca3
112421,2026-05-31,597561025181,597561025181,,,,fund_level_source_snapshot,do_not_allocate_without_approved_rule,112,8f3853acaedfb3c10a725d7ced5edc4d3e59a0bdce5ed48f79c372aa8c3b943f
112425,2026-05-31,7774876440,7774876440,,,,fund_level_source_snapshot,do_not_allocate_without_approved_rule,113,1899fdfcc2948e700d8e160bc9633da4a398cbbb4aa873d2be25da9f81bce83d
112445,2026-05-31,0,0,,,,fund_level_source_snapshot,do_not_allocate_without_approved_rule,114,02e5dd5afb16fdeb75cf4c4a0b9a64d806a781addb88521710290448dfb4bb24
112448,2026-05-31,88978350000,88116864000,,,,fund_level_source_snapshot,do_not_allocate_without_approved_rule,115,b645fa52c46ca38e080cb1bb1d676be9c6cd7f5e2b1f5468e284515611410ec0
112450,2026-05-31,41500505009,41500505009,,,,fund_level_source_snapshot,do_not_allocate_without_approved_rule,116,8e4d5919b9f63c5c25b7603ac556aaf9e509a2bbc64991168a3a96cd10219865
112451,2026-05-31,3009153992,3009153992,,,,fund_level_source_snapshot,do_not_allocate_without_approved_rule,117,c16bb38ec42e207d029bedb8fd2342a3bcdb2dda1440a2c69466040f3bc01d31
112466,2026-05-31,60000000000,33685485089,,,,fund_level_source_snapshot,do_not_allocate_without_approved_rule,118,f6d1aed583ac3a3e5fb5f8dec5b324d34ca6e98545232eeecb471ec56a0aefea
112471,2026-05-31,0,0,,,,fund_level_source_snapshot,do_not_allocate_without_approved_rule,119,6f000f61b2af86875b9914cf07dccda92970dab271da6e72bf7940cb497c839e
112475,2026-05-31,674897281340,674897281340,,,,fund_level_source_snapshot,do_not_allocate_without_approved_rule,120,38aa209dcf49f030ec7e7c5f1c6eedf77659a660bbf286fc37f48b4208debc22
112478,2026-05-31,13898742619,13898742619,,,,fund_level_source_snapshot,do_not_allocate_without_approved_rule,121,ddbf503e067c1ca9e3aa4628fb6eaca2cdb2b1c5f8919244437ce8862349aa0a
112482,2026-05-31,78872687000,56663871312,,,,fund_level_source_snapshot,do_not_allocate_without_approved_rule,122,80f19faa7a5093055b568607cdd8aa74a0c55e39fe69a917b5151f63524aadd3
112483,2026-05-31,561705307666,561705307666,,,,fund_level_source_snapshot,do_not_allocate_without_approved_rule,123,87f822d21fa2cfa285d9cd5e1fdc63f408871574a83be9f38ae50b9756fb055e
112486,2026-05-31,60316000000,46237787836,,,,fund_level_source_snapshot,do_not_allocate_without_approved_rule,124,a58131950a131e328e864f26dc82eee44a6cc2f707df733f5d0e2b6eca80443e
112490,2026-05-31,250002720172,250002720172,,,,fund_level_source_snapshot,do_not_allocate_without_approved_rule,125,3befd69670fa1454d60d8c459b622eecb37564aef435b4089f9a4b7d2541fb0d
112493,2026-05-31,160300000000,60326992713,,,,fund_level_source_snapshot,do_not_allocate_without_approved_rule,126,241bbace27b8f1ab42684c939ad98f1658cc3cfd23e35c01f5d2e96fec8c0c71
112494,2026-05-31,193229300000,141829488511,,,,fund_level_source_snapshot,do_not_allocate_without_approved_rule,127,4f33a98808f231cbbd10dae020f0debd297446d87da2d0f032d02e792b8c73fd
112495,2026-05-31,123000000000,103967974610,,,,fund_level_source_snapshot,do_not_allocate_without_approved_rule,128,125cb830c3989c7656129f1744095df69a4b79d783496c3d3328377db399d62b
112496,2026-05-31,155550075477,155550075477,,,,fund_level_source_snapshot,do_not_allocate_without_approved_rule,129,0a5dad9846618e62f17fd7f0a90f671f973e222ade463d2a150d6bb5fcef154a
112497,2026-05-31,28583794729,28583794729,,,,fund_level_source_snapshot,do_not_allocate_without_approved_rule,130,11cd0dd8167d26b416f5cfc6a984e4035be43a085898ae60081258565b7a889b
112499,2026-05-31,188004440153,184304440153,,,,fund_level_source_snapshot,do_not_allocate_without_approved_rule,131,b27a5f8900d021c00290ee682f194b8a17fd346ab671073455b3d6c12a62262f
112501,2026-05-31,152297900000,149334450826,,,,fund_level_source_snapshot,do_not_allocate_without_approved_rule,132,90f3f65bee0ed09b7284b8ac108eece162dca6d983e2a7aa12bf41162328d518
112504,2026-05-31,60000000000,44306796466,,,,fund_level_source_snapshot,do_not_allocate_without_approved_rule,133,ed91db680b273f81a4acf1e22a1308530fb9e97fc7cfe593a8a03cbd35538097
112505,2026-05-31,197603918260,197603918260,,,,fund_level_source_snapshot,do_not_allocate_without_approved_rule,134,7efb4f7f240e9f72d7a5f707323f3309294aff160accc6ceac31a21533ef41d2
112514,2026-05-31,305000000000,237000000000,,,,fund_level_source_snapshot,do_not_allocate_without_approved_rule,135,bb75ebc31ba05ac47aab324eee5d755ee536b3d9ccec81d0c5fd9bd2af41d0ff
112518,2026-05-31,74133071800,74133071800,,,,fund_level_source_snapshot,do_not_allocate_without_approved_rule,136,84e4f7b4f9d31f99f3644360e77971f96583d42b1a0e5416512ebc605b75b506
112519,2026-05-31,47791799975,47791799975,,,,fund_level_source_snapshot,do_not_allocate_without_approved_rule,137,43ed805c93ded700e13c3dae58bd4ad6496a5949da09e91716ee6dbd4af8f0fd
112521,2026-05-31,301580000000,276896285296,,,,fund_level_source_snapshot,do_not_allocate_without_approved_rule,138,87f1c11365aa980fbfa762fa8a2a99e0c57bf720a8cc0f8fc91e1015e1cc93cd
112524,2026-05-31,402793408799,274793408799,,,,fund_level_source_snapshot,do_not_allocate_without_approved_rule,139,4d4e2cd9b5932b853ddabcf646d53f2b41f4519df8473534ff1694439588a9ac
112527,2026-05-31,214359785594,214359785594,,,,fund_level_source_snapshot,do_not_allocate_without_approved_rule,140,bfb5463213e5ceb4694478999b335661cc0683d032b88495e1d24c4b364e72d0
112528,2026-05-31,23239875000,23239875000,,,,fund_level_source_snapshot,do_not_allocate_without_approved_rule,141,e354ed5b6e5ec62981b0adb49093a4aeaabadc55de6fdb791eee6d641c133782
112535,2026-05-31,101284858500,101284858500,,,,fund_level_source_snapshot,do_not_allocate_without_approved_rule,142,f06b9d2494e04bea779a08023e442b4459c572d03de4bdad70ea5c671ac8591f
112536,2026-05-31,100189665431,100189665431,,,,fund_level_source_snapshot,do_not_allocate_without_approved_rule,143,908f72b44beee061b38d6b1e0665d22db953a1b2c82fd1deab6298854821e9a3
112540,2026-05-31,321973515553,321973515553,,,,fund_level_source_snapshot,do_not_allocate_without_approved_rule,144,eeb7115fe0c22721af0c2b784e490130f30bc44b38a54b923cd50b479b594a8d
112541,2026-05-31,435179043839,435179043839,,,,fund_level_source_snapshot,do_not_allocate_without_approved_rule,145,85b1d11dbd05507f7536fe9da7c2566ce1253bb37f0d9bca91eb59ccddfa44b4
112543,2026-05-31,72026297467,72026297467,,,,fund_level_source_snapshot,do_not_allocate_without_approved_rule,146,88a6dd7040da82ca94723d86a7183fc2693eb0a24686f768d1c3f9a53957169c
112547,2026-05-31,265700000000,60000000000,,,,fund_level_source_snapshot,do_not_allocate_without_approved_rule,147,02a5039fb85738ccf76675e746e16359fa21693971ea3324a1d63d64d7c43bdb
112558,2026-05-31,175663000000,148706451527,,,,fund_level_source_snapshot,do_not_allocate_without_approved_rule,148,d8aed332165f123357164aa8027ea64c6ecd14a3ce647132f10fdc1bb3a4be0d
112559,2026-05-31,201100000000,201100000000,,,,fund_level_source_snapshot,do_not_allocate_without_approved_rule,149,f4abf1973e8c380abac8d156b36e3218378e2686abd7eb5820d6ac915741c510
112568,2026-05-31,60150081600,28704960748,,,,fund_level_source_snapshot,do_not_allocate_without_approved_rule,150,e98e6520c9b45a6787b658871a74d9081f8c446741557095196c4c79b03fae35
112573,2026-05-31,95489000000,95495739782,,,,fund_level_source_snapshot,do_not_allocate_without_approved_rule,151,86d9da91a34302537eb29b9af6e19887156ddba4fc89e9a8cd5055a1782d25d6
112576,2026-05-31,52776500000,49147586596,,,,fund_level_source_snapshot,do_not_allocate_without_approved_rule,152,12c753d3d41beb7fbfca2d83c5a6b78613f7c07f402d1d8274accaeec0320dab
112577,2026-05-31,52776500000,31727216759,,,,fund_level_source_snapshot,do_not_allocate_without_approved_rule,153,d276849eb0bf876fae94adeb525e30132e4f9ce5d9be06a8eb44b6437ccf1b18
112578,2026-05-31,52776500000,33057139439,,,,fund_level_source_snapshot,do_not_allocate_without_approved_rule,154,fb99096d703820be5890dac0277c9b5fdee7a1609e7978b18b8cefe9d2b77498
112579,2026-05-31,41704022000,41704022000,,,,fund_level_source_snapshot,do_not_allocate_without_approved_rule,155,500e0ae431250971a165dfcafa530a126b5fe1484e90d78ce00a6766bd78ef17
112582,2026-05-31,143451857227,143451857227,,,,fund_level_source_snapshot,do_not_allocate_without_approved_rule,156,257bdff371d82d700e5bf9c3e8679cb072fc69ca3504cc62ff109d8cbd3df7e1
112583,2026-05-31,15412433115,15412433115,,,,fund_level_source_snapshot,do_not_allocate_without_approved_rule,157,990d1bd7dade53ddfc16aad7f47a6f2fcd6475f6a103ff26747e33f02be2769c
112584,2026-05-31,100000000000,68567934814,,,,fund_level_source_snapshot,do_not_allocate_without_approved_rule,158,39683effbc562cde9f90efc5b9fd3771598acfeec33654e6f24e7dce2dfc36a7
112585,2026-05-31,45237000000,42167097511,,,,fund_level_source_snapshot,do_not_allocate_without_approved_rule,159,16ee500a7683f3c7bca6e685e346f2774b53c454effbe3700cb5661de74b1b17
112586,2026-05-31,59753506800,59753506800,,,,fund_level_source_snapshot,do_not_allocate_without_approved_rule,160,08d7fa790b2d83d79b872d2d734d24df707e340d62bee0269a8a30a17a3dfaac
112587,2026-05-31,232263947114,232263947114,,,,fund_level_source_snapshot,do_not_allocate_without_approved_rule,161,d14a5720485c6bfbd40575f34ab865283179339cd9e3f06a40cc3150731bd2b2
112588,2026-05-31,355264000000,364932138151,,,,fund_level_source_snapshot,do_not_allocate_without_approved_rule,162,68cf7c3611a934e102b09e3d334e4762d2f15ceaf97feb374f3d06d43986087f
112589,2026-05-31,2765014569360,2839742519501,,,,fund_level_source_snapshot,do_not_allocate_without_approved_rule,163,6b6cb556cfad5c6d181ffc9a861aa91ee092a79addfcf470cf520f12c32ce04b
112596,2026-05-31,205000000000,226080700324,,,,fund_level_source_snapshot,do_not_allocate_without_approved_rule,164,14f11e4ff251e14127f8cd749b0e600205509b64c6acb74d5b2b766c453d60c5
112597,2026-05-31,63469222062,63469222062,,,,fund_level_source_snapshot,do_not_allocate_without_approved_rule,165,42beeb66f8d94383f786d13c7e98fdbc52182f4dd5f2a68416a1640dcef86d50
112598,2026-05-31,203053385581,203053385581,,,,fund_level_source_snapshot,do_not_allocate_without_approved_rule,166,b66027981a4c88a8f414874c3cf63d90dcc80924841c21a10336e0248ba41804
112599,2026-05-31,203053385582,203053385582,,,,fund_level_source_snapshot,do_not_allocate_without_approved_rule,167,d5425d20e9d9e3ea2c16452899cfbec4c2b530cadb757c8f40836951925d7e0a
112600,2026-05-31,157615499612,157615499612,,,,fund_level_source_snapshot,do_not_allocate_without_approved_rule,168,b37ea915b742e16ef8c22f089cef9f4b68642a2de687106cd84a78457ad42dc1
112601,2026-05-31,60692975000,38724836351,,,,fund_level_source_snapshot,do_not_allocate_without_approved_rule,169,298b6d5fb76a9a6270766d15256fc0cf547b8a05b2431485b81510574af2613b
112602,2026-05-31,124000000000,59166310912,,,,fund_level_source_snapshot,do_not_allocate_without_approved_rule,170,64027b1937775ec6bbf774cb228e740065a1d52684a16bb6dd804e3bdb8ded7d
112604,2026-05-31,137600000000,137600000000,,,,fund_level_source_snapshot,do_not_allocate_without_approved_rule,171,520adee8b984b92890b56a7894d7829669864a2710487bda8d03d60d983c2996
112606,2026-05-31,180901725000,183601578000,,,,fund_level_source_snapshot,do_not_allocate_without_approved_rule,172,3478fce6a192a5035615c87ff917539076c3bcba6d849d2f271bce972ebe1506
112607,2026-05-31,105553000000,90912110000,,,,fund_level_source_snapshot,do_not_allocate_without_approved_rule,173,a438320c962f181c4ba6fb0e49938ca0ce7b5f936071f9dc13484ad4bec647b9
112608,2026-05-31,1009500000000,801852415986,,,,fund_level_source_snapshot,do_not_allocate_without_approved_rule,174,b47b7b9bc379857337aadcf0c033752ef59f1e0a42f884b40a8607cabad910e9
112611,2026-05-31,100000000000,59578550192,,,,fund_level_source_snapshot,do_not_allocate_without_approved_rule,175,7249e3f3fab45d4eba9a9fa8a0d5bd13dc198ccf42ebb5c62c9a880781d4c100
112614,2026-05-31,323000000000,323000000000,,,,fund_level_source_snapshot,do_not_allocate_without_approved_rule,176,4c51a2e84fd4a7d870eaf87cc7c4a8917a1f64e9ad4cf93c64bd222b949ace3b
112617,2026-05-31,75395000000,87655555877,,,,fund_level_source_snapshot,do_not_allocate_without_approved_rule,177,cfc60f44eefd3129596cfcd305afa404e404968680d727b55eeb85e8d4126d1a
112619,2026-05-31,98013500000,55748252318,,,,fund_level_source_snapshot,do_not_allocate_without_approved_rule,178,15f9f833444743e82742588bb202d64ac72c37ba92ac3d00e2ddf18d28725553
112621,2026-05-31,116002747000,87541989682,,,,fund_level_source_snapshot,do_not_allocate_without_approved_rule,179,d972b838ffc2dc71d20bf536d6cbe640fb2396efd231d8373e73756adb8ab2d0
112622,2026-05-31,49715463000,39819598108,,,,fund_level_source_snapshot,do_not_allocate_without_approved_rule,180,b62649ef09f23f4f3c9a25dd971ce562e4916c066ab52887ae63a92a1527b977
112623,2026-05-31,0,0,,,,fund_level_source_snapshot,do_not_allocate_without_approved_rule,181,e12e697d380efeda95fc00f3598d65ef77f5b0debd786f0f4d71c88ae4e84776
112624,2026-05-31,0,0,,,,fund_level_source_snapshot,do_not_allocate_without_approved_rule,182,2992a9c82ab6cbbabbdbda5cb05c28231d59e418aaa066d2874eefd6a80dad10
112625,2026-05-31,45237000000,41907809224,,,,fund_level_source_snapshot,do_not_allocate_without_approved_rule,183,3a4d84aca7af651e067b715a7682ba3a89dff685550a69bdfd030bf0f3bbf97d
112626,2026-05-31,2326453752,2326453752,,,,fund_level_source_snapshot,do_not_allocate_without_approved_rule,184,9670c371d8423ef2d4c6f16ce36b3aabd2e7f2498a24e2df41c2f0d417baf1e4
112629,2026-05-31,7831773309,7831773309,,,,fund_level_source_snapshot,do_not_allocate_without_approved_rule,185,f5888d9aba16d77ba52bc4452429721dd00e0331c97825a4dae8f8c54b09f9f9
112641,2026-05-31,14100000000,14100000000,,,,fund_level_source_snapshot,do_not_allocate_without_approved_rule,186,cbd0ccfb0b0cbdc62cda9634540f65c193060302a7181fc91c3e398cef64a1e5
112642,2026-05-31,237894893070,237894893070,,,,fund_level_source_snapshot,do_not_allocate_without_approved_rule,187,5098719d8e81c984bb67b7dcfccfe9c86e42d54634d7d8dfca61af8969facd47
112645,2026-05-31,45237000000,37929688143,,,,fund_level_source_snapshot,do_not_allocate_without_approved_rule,188,2af606df3ab50a08182748b3ff2de4ca86544a7b38b79b5f537a803a4fab548d
112646,2026-05-31,33100000000,23120170738,,,,fund_level_source_snapshot,do_not_allocate_without_approved_rule,189,242c3f0f89372646237e409880f357d8980671a457d59c4ac36884a214c6568c
112648,2026-05-31,131730300000,103838107039,,,,fund_level_source_snapshot,do_not_allocate_without_approved_rule,190,8fec81e9c40d2e16389ec0d1ef6a89858609397191f0a9b2eadf7aed63adb9dd
112649,2026-05-31,39953877300,39509155300,,,,fund_level_source_snapshot,do_not_allocate_without_approved_rule,191,cadb6b8b82f0c898385b3d70cab618a3aaa395e987f18b5c75556db9b5e0d58b
112653,2026-05-31,25894328574,25894328574,,,,fund_level_source_snapshot,do_not_allocate_without_approved_rule,192,a97dc88521621c1eda2d8db3f1cae3b4ab7e5d63f53a809678e3d5f6d499d2f6
112656,2026-05-31,30755500000,30755500000,,,,fund_level_source_snapshot,do_not_allocate_without_approved_rule,193,9d7f8e8c33664ba473f4c20e904f4abe2c04cf0ee74c2e6c1001c1ca59f748b1
112657,2026-05-31,179484132188,177367718964,,,,fund_level_source_snapshot,do_not_allocate_without_approved_rule,194,f592c8682b1f47ff23a3f09907a924080057f22e09683c1911511ad4e75b7cda
112658,2026-05-31,74641050000,71152700000,,,,fund_level_source_snapshot,do_not_allocate_without_approved_rule,195,84d86de4a4f55455002124ff20330242bd3bb5770cd630e3911da210d0387166
112659,2026-05-31,16888480000,15018380898,,,,fund_level_source_snapshot,do_not_allocate_without_approved_rule,196,77866ae9b8b1ebe216808a9f118072444209d7d9568b2c76809d273e96a6ecb3
112660,2026-05-31,7237920000,7705810164,,,,fund_level_source_snapshot,do_not_allocate_without_approved_rule,197,39259e3e12b223f6c78408de098a618fe4313c38a8c47c8b617dc68ffae96c67
112661,2026-05-31,6600000000,6600000000,,,,fund_level_source_snapshot,do_not_allocate_without_approved_rule,198,13487f0b8e46bab753b7d30c22192ec6c089b1e26d8a771702d959f66b19f795
112662,2026-05-31,150790000000,194793898212,,,,fund_level_source_snapshot,do_not_allocate_without_approved_rule,199,d9dba3e81da582023a7f5d4eae43729b011dfdcbf34b4e47945bd1ec8e781b2d
112663,2026-05-31,45237000000,19036358765,,,,fund_level_source_snapshot,do_not_allocate_without_approved_rule,200,ca035b5f3893c5720b3856e68254f7368f11ed600cd88d7a358a8b6dc6555527
112664,2026-05-31,42053012653,42053012653,,,,fund_level_source_snapshot,do_not_allocate_without_approved_rule,201,5abe6f171cfea646922a721666a5ae1d516b6701f6d8ebdd8f3886ec651bc916
112665,2026-05-31,582736338,582736338,,,,fund_level_source_snapshot,do_not_allocate_without_approved_rule,202,5864acdc7b54afdc87febda648695f67f5f9d5e95c3370e733e957b233117fb6
112666,2026-05-31,221100000000,99593821977,,,,fund_level_source_snapshot,do_not_allocate_without_approved_rule,203,af67698b6d1aaaa64ed9696b9d8497753ce35a17c9c68e0c581141dbbc89c5d4
112667,2026-05-31,70931700000,40252673097,,,,fund_level_source_snapshot,do_not_allocate_without_approved_rule,204,654642d1ce10d19993bc5b4cc872d440b13db9bb935731a9b77fdbd51db068d1
112668,2026-05-31,40937724000,21844642127,,,,fund_level_source_snapshot,do_not_allocate_without_approved_rule,205,066cf15764017affb92c72f6ae204a30f6dd9f5336cbd0d674190dc976257e30
112669,2026-05-31,94130000000,94130000000,,,,fund_level_source_snapshot,do_not_allocate_without_approved_rule,206,8adf1b5d79bfecdf3a5d65f832693e4ab63fc39cc901fe54d8f591ef2b28ac67
112683,2026-05-31,78000000000,78000000000,,,,fund_level_source_snapshot,do_not_allocate_without_approved_rule,207,f211eaec26a73d636f64b10bbbf0f3f02fc779cdd1aa244682d803d85cf4dc23
112684,2026-05-31,75470395000,75281461289,,,,fund_level_source_snapshot,do_not_allocate_without_approved_rule,208,d00315ebf414dc85b92a12f28f6428b1ece264be1fb4f0106b0892456cfe4643
112685,2026-05-31,21189764750,19543454857,,,,fund_level_source_snapshot,do_not_allocate_without_approved_rule,209,0e86aa5f4969bc607949557ba1d2147803b7060b528e72eb6dd9c0ddf82690c3
112686,2026-05-31,9081327750,10199580239,,,,fund_level_source_snapshot,do_not_allocate_without_approved_rule,210,e178f3e9d42fe39472456cb95026c83b39d2ea6d25826a4221d375c8ad9569d0
112687,2026-05-31,88200000000,21879832420,,,,fund_level_source_snapshot,do_not_allocate_without_approved_rule,211,53b20f42bef59a5318a1d29df0eda7092043c3c92921203d89f2b7f68cf6b1b9
112690,2026-05-31,602222729600,590099308600,,,,fund_level_source_snapshot,do_not_allocate_without_approved_rule,212,cdedee52c361ac541a143c7d82975aaf91b804e9bec02e753058afe92931be08
112700,2026-05-31,800904224941,766904224941,,,,fund_level_source_snapshot,do_not_allocate_without_approved_rule,213,f80eccba89681d8585931f3ca1b6261f3d767bdcdcec30261d23caf944c8f9d9
112703,2026-05-31,177800000000,177800000000,,,,fund_level_source_snapshot,do_not_allocate_without_approved_rule,214,64323e9dd83e763744a91cadb064f931d1d840d9208f32b62b9237479fb5219c
112704,2026-05-31,600000000,600000000,,,,fund_level_source_snapshot,do_not_allocate_without_approved_rule,215,acef56972a56b7eaff2f338f0037049f2a70c71753476823fb68056a417cfe1e
112715,2026-05-31,100000000000,78911519452,,,,fund_level_source_snapshot,do_not_allocate_without_approved_rule,216,596758a0c45faf23f6586ecd186a6dcca71addad68b6e8dd855d330b033d5207
112719,2026-05-31,42500000000,42500000000,,,,fund_level_source_snapshot,do_not_allocate_without_approved_rule,217,7e6bbc93ce8fadd66d5f52dbeaa3cafad4684b90e996110ee0d1a1763d6f936b
112721,2026-05-31,0,0,,,,fund_level_source_snapshot,do_not_allocate_without_approved_rule,218,2640dc02d962eb8ce10408494deea44bc1029242b22a4a63206f48f87aa798fa
112739,2026-05-31,53050226000,21723305297,,,,fund_level_source_snapshot,do_not_allocate_without_approved_rule,219,ce7a549f34871bf325407e35b1d667cd1ab13d7c77cd9ddbb577be4405d436bf
112744,2026-05-31,9145675683,9145675683,,,,fund_level_source_snapshot,do_not_allocate_without_approved_rule,220,c645cbcee65b690199af45a8f9558f785fcc95f63c5323ab9ded93e9274eb0bf
112745,2026-05-31,0,0,,,,fund_level_source_snapshot,do_not_allocate_without_approved_rule,221,cf45a2ed693e24bd58bddb23fee431595efeb005ba193cf7d9162a0ed5e528e5
112748,2026-05-31,95450000000,126451083000,,,,fund_level_source_snapshot,do_not_allocate_without_approved_rule,222,1af6ecbdec60fc7310f61ec61b858d4646ae2e5183976e3f30d03af8e7874f51
112751,2026-05-31,588058966310,588058966310,,,,fund_level_source_snapshot,do_not_allocate_without_approved_rule,223,2474176450132e157ca5eb47386e33da5f2b455f47def14ae2a7b0d6cf942d39
112755,2026-05-31,120540000000,120540000000,,,,fund_level_source_snapshot,do_not_allocate_without_approved_rule,224,5eed7a1bac07d653efc38f4d84b97efadcbd91569fbce2c0aff8892a38331572
112756,2026-05-31,21631278909,21631278909,,,,fund_level_source_snapshot,do_not_allocate_without_approved_rule,225,7977818e70ff844be9780862756373ddee893f7d9dbd57979a021b8f7982e7b0
112778,2026-05-31,38588309000,38588309000,,,,fund_level_source_snapshot,do_not_allocate_without_approved_rule,226,f22c598585b1b6507b24345ff2563411b54b219f3736e3a2de30f2544e87dbe1
112785,2026-05-31,0,0,,,,fund_level_source_snapshot,do_not_allocate_without_approved_rule,227,bf534e6bef0529b2fa08ac356b8f72644a7385658a83d4d7193a5ad57f5362be
112789,2026-05-31,70128483000,70128483000,,,,fund_level_source_snapshot,do_not_allocate_without_approved_rule,228,b00d54df8afb4aefb1e48c8de5ef4582ed755fef76031ef361769b5496a2d040
112790,2026-05-31,165869000000,46566130347,,,,fund_level_source_snapshot,do_not_allocate_without_approved_rule,229,ab03814cfd466e8358af71d03458f598b249781c5b888eb2fb5c565aec9c3f62
112795,2026-05-31,82934500000,28049988056,,,,fund_level_source_snapshot,do_not_allocate_without_approved_rule,230,f4c931191e1037ea384e239662df115583d5f759fdabc162d41941597be4da50
112803,2026-05-31,87831500000,19111942913,,,,fund_level_source_snapshot,do_not_allocate_without_approved_rule,231,d418e2302b4b4a0fdc173283d2f5836584dec0110dc9416c0312cec848c9a88a
120001,2026-05-31,0,0,,,,fund_level_source_snapshot,do_not_allocate_without_approved_rule,232,ba36adfe21cb63005e89ad49aac2f60fa586a9d58c5e42d280592006a1e37d03
120008,2026-05-31,285452510010,285452510010,,,,fund_level_source_snapshot,do_not_allocate_without_approved_rule,233,31ea395c4115db2799c8305190f66a218259724207cee7ef67124f19b57430a7
120015,2026-05-31,59384114332,59384114332,,,,fund_level_source_snapshot,do_not_allocate_without_approved_rule,234,1890e55e03c9685ef40351307d23a5d086e62a2f3816c48ac08eacd2e8bb2c96
120017,2026-05-31,4500000000,4500000000,,,,fund_level_source_snapshot,do_not_allocate_without_approved_rule,235,d55b1634d8a5e7896d6a31c7d246e86c309210af3cfa9b2b260f94d81f62ed84
120023,2026-05-31,7161271024,7161271024,,,,fund_level_source_snapshot,do_not_allocate_without_approved_rule,236,a90e62ee052e4126fba78f077ee21ed331d073145a28f4f3bfa4803974ade442
120028,2026-05-31,0,0,,,,fund_level_source_snapshot,do_not_allocate_without_approved_rule,237,a3808aef1cca48f1da667a51ab32c170a5d03fa9e6d430bb8112558a38e89d3a
120031,2026-05-31,6866666000,6866666000,,,,fund_level_source_snapshot,do_not_allocate_without_approved_rule,238,7f6eea6c1946b96b7d0c3a5dbcfd22a686a1f4d877f70ad9cbe0dcba0f1d5471
120045,2026-05-31,26030000000,22366053732,,,,fund_level_source_snapshot,do_not_allocate_without_approved_rule,239,4373f8c7bd516b2826b351f9ad3e169c863afdfc0acd968f15375888c253b4d6
120048,2026-05-31,15300000000,10128918360,,,,fund_level_source_snapshot,do_not_allocate_without_approved_rule,240,a3716d7fc0e399adbb8bac26c23aa98e91014c7f083102fac43f567790370273
120053,2026-05-31,25500000000,16681421512,,,,fund_level_source_snapshot,do_not_allocate_without_approved_rule,241,15568e8d4e248b50d90781e1de719e1d2fb66580040e6f98ed4c90d5a865c2a4
120056,2026-05-31,124200000000,85347522340,,,,fund_level_source_snapshot,do_not_allocate_without_approved_rule,242,20b569c0e480f19e877d580977925ed833f60dfecb3f24cc3d863979025bbbb6
120058,2026-05-31,123910000000,123910000000,,,,fund_level_source_snapshot,do_not_allocate_without_approved_rule,243,b80e819a4d39db3cc0cc1e90a82af5e015d5b1007894f45d2218ca728e720296
120062,2026-05-31,15500215000,15500215000,,,,fund_level_source_snapshot,do_not_allocate_without_approved_rule,244,eeaa265e18679da74a5ec5283196b8dc51a0fbdc2cbb7e550560c9ff1e926d36
120063,2026-05-31,26000000000,26000000000,,,,fund_level_source_snapshot,do_not_allocate_without_approved_rule,245,1a32c06f7f5069ad1ab9d36fa44a93c2b470a4561612ae3712a74ddc9d6df9b4
120074,2026-05-31,27014025927,27014025927,,,,fund_level_source_snapshot,do_not_allocate_without_approved_rule,246,5faf14dbe4b0311617766c4e3487caea23283ab23589b03e1c00186a98b4ce5b
120085,2026-05-31,189228456200,189228456200,,,,fund_level_source_snapshot,do_not_allocate_without_approved_rule,247,fe44bc0deb4bccf3dfe1df832dff88c2b6608877eab166b711c9376b6f404d97
120091,2026-05-31,17202000000,4822165500,,,,fund_level_source_snapshot,do_not_allocate_without_approved_rule,248,f7c3897cf0d47a0348aea5cfd84dcafd64464bd885fd2b2c689005b844a6d548
120094,2026-05-31,286390000000,286390000000,,,,fund_level_source_snapshot,do_not_allocate_without_approved_rule,249,bf471f6ecec9587875e457665c0f1e9a01f13a2b357da822be42adf13130a678
120099,2026-05-31,190000000000,190000000000,,,,fund_level_source_snapshot,do_not_allocate_without_approved_rule,250,db35655626befd9b08983f0037ac4c13d3cb51947798427b174cfd98a89972d0
120104,2026-05-31,95000000000,5000000000,,,,fund_level_source_snapshot,do_not_allocate_without_approved_rule,251,7f6986f5b1ce19326e0e0a0b5f72506199d28d35b9b403e89d1e5f2019f54df1
120119,2026-05-31,60000000000,7599264117,,,,fund_level_source_snapshot,do_not_allocate_without_approved_rule,252,8d3dee6b3790af7313cdeead75633b3a203c62344f10f668a10bd79584f6af0a
190001,2026-05-31,58167400000,58167400000,,,,fund_level_source_snapshot,do_not_allocate_without_approved_rule,253,f2f96fb836e77de4b27763211841540a7ab478f88ef119566ff0e477bd56f3e2
190002,2026-05-31,265904813630,265979505630,,,,fund_level_source_snapshot,do_not_allocate_without_approved_rule,254,4dc0eed0ab36f332b2f8abc5a086adb71b579e06dc2f3dbec835fc4fb510211f
190005,2026-05-31,67800000000,70814786000,,,,fund_level_source_snapshot,do_not_allocate_without_approved_rule,255,9452aecdcc1f5e7b6ae59b4bdad39ca2c0506649c32b35eb15ce90873fb0a297
190008,2026-05-31,30000000000,32500981000,,,,fund_level_source_snapshot,do_not_allocate_without_approved_rule,256,bfb72acdaa2b6d83217982fdb469b70adaab9849258b70986b964be62efbfab0
190009,2026-05-31,85000000000,25901302000,,,,fund_level_source_snapshot,do_not_allocate_without_approved_rule,257,053c2d03b8abddd1ad8995793426dffb1bdc523d30b06f32012763a9512ca275
190010,2026-05-31,0,0,,,,fund_level_source_snapshot,do_not_allocate_without_approved_rule,258,148b522a8074c200104600c832c3a33abbf14a1ae33d84a049cc8204c4c2c20a
190013,2026-05-31,119660000000,34714971000,,,,fund_level_source_snapshot,do_not_allocate_without_approved_rule,259,9f8ed2dcce259703c0ff3520389b135ec2310525abcb39d70cf8bb943f8fb27b
190014,2026-05-31,37340000000,14301108000,,,,fund_level_source_snapshot,do_not_allocate_without_approved_rule,260,7e918af52daacbac5076563f2e587d749db7ccae22cf1a4b8345e3e1b328bc24
190017,2026-05-31,39300000000,39300000000,,,,fund_level_source_snapshot,do_not_allocate_without_approved_rule,261,0d84403e3224cd25eb0a79333edae460186a180dd65365aa053754a76d167273
200001,2026-05-31,24678894870,21735465453,,,,fund_level_source_snapshot,do_not_allocate_without_approved_rule,262,faec1e0c2be06842e35863bedf0372f4d0db7ec3eb515fd2058c8c17057d6fca
200002,2026-05-31,10576669230,6716481653,,,,fund_level_source_snapshot,do_not_allocate_without_approved_rule,263,1514f3139f35acb011869071cea087c38e767f6ed32d21e9763b0b9679cf8d53
200004,2026-05-31,75395000000,31360162915,,,,fund_level_source_snapshot,do_not_allocate_without_approved_rule,264,db226ab52f002038b28d46d4cb66a3befa511d3658b42a4052bcf5301d7cd520
200005,2026-05-31,22618500000,9733174525,,,,fund_level_source_snapshot,do_not_allocate_without_approved_rule,265,2036fea6c847957d3b7493ef3308d3c84c1da3198a188533a45c20779f7defe0
200006,2026-05-31,151996320000,43893016746,,,,fund_level_source_snapshot,do_not_allocate_without_approved_rule,266,de28aa96e79732ff89383d9b7bd945f529fbca0b3ce5fad231ba499cbd4e4957
200007,2026-05-31,45237000000,15862671967,,,,fund_level_source_snapshot,do_not_allocate_without_approved_rule,267,1dec1afd5c190fb90dbf36b8d4a8c52eed320651df187b3828f18939d2810c5d
200008,2026-05-31,948609536000,399047489303,,,,fund_level_source_snapshot,do_not_allocate_without_approved_rule,268,8fbec0b1edfec80a03ecb12f2335908ba087ed91ff457b8f74d1e470bce0378b
200009,2026-05-31,105884738000,87097347836,,,,fund_level_source_snapshot,do_not_allocate_without_approved_rule,269,1bf511928e8b2caf55204c86b385972bad55562e4bc603e574a94b3eefce142d
200010,2026-05-31,52776500000,15309147361,,,,fund_level_source_snapshot,do_not_allocate_without_approved_rule,270,26f001a7d6764b70883c8175953b3eb296a0be2c517bf4c218e598351138fc96
200011,2026-05-31,60798600000,27621979168,,,,fund_level_source_snapshot,do_not_allocate_without_approved_rule,271,70ffe2ca14a595ccb9075beeec663c4116e3b5ca24a729e95ec00fb5a0d5f2a1
200012,2026-05-31,46292530000,15853695992,,,,fund_level_source_snapshot,do_not_allocate_without_approved_rule,272,75ef286d30f0e84e954a5f87d830b98f15bddd703daf9ff4ce4e25a02ef2efa0
200013,2026-05-31,30308790000,13311071225,,,,fund_level_source_snapshot,do_not_allocate_without_approved_rule,273,e69d4c56779e2667f7e44368d9091a5d2eea7afbd5f22e0663be19f633574579
200014,2026-05-31,35132600000,17938753812,,,,fund_level_source_snapshot,do_not_allocate_without_approved_rule,274,bb8d0cc876e0059f31cec766016f4fa240a5bc4203a06ee434d3270b2dc5b810
200016,2026-05-31,43915750000,10097420784,,,,fund_level_source_snapshot,do_not_allocate_without_approved_rule,275,afa9533f1f397f10203d27beeeb6a4a631205d63b6b37b5c49f68e4d73dcc227
200017,2026-05-31,306627606000,227940242712,,,,fund_level_source_snapshot,do_not_allocate_without_approved_rule,276,5b0804364622eee7325aa9caf2ccd57d883842153780ee0582f9863542d78bd0
200018,2026-05-31,30158000000,23772837513,,,,fund_level_source_snapshot,do_not_allocate_without_approved_rule,277,228002efad518188b4333160e26fcb4dc1eae20d9e3fd033974230aa263334a1
200019,2026-05-31,5594309000,2511161927,,,,fund_level_source_snapshot,do_not_allocate_without_approved_rule,278,b613dbb9a6bfacf0d330a1b6812090e76bf0ab79cb5730b49e8ab5f97cdbe1a1
200020,2026-05-31,70265200000,62828614501,,,,fund_level_source_snapshot,do_not_allocate_without_approved_rule,279,ae6a178e34200e2c1515ac251c54f0c1d08f8fc30418302dad00beaffd3bf583
200021,2026-05-31,7539500000,4780069414,,,,fund_level_source_snapshot,do_not_allocate_without_approved_rule,280,693a94a07f89ea92000f082aa67e5a820223065be5361625486bfd969f1467e3
200022,2026-05-31,18386444362,18386444362,,,,fund_level_source_snapshot,do_not_allocate_without_approved_rule,281,00bc5af93d38624a18fcffa37dd19b97cce92064129584a9fb4a4d6728be409a
200023,2026-05-31,337121920025,243147887764,,,,fund_level_source_snapshot,do_not_allocate_without_approved_rule,282,53383b3c54f12a3107a417ed09304afeccea88ac060b7b2c9332b32294ac0eaf
200024,2026-05-31,87831500000,20588566888,,,,fund_level_source_snapshot,do_not_allocate_without_approved_rule,283,45d073fdb706c77a2551ad8a94f5e3f3618cf09a57db3e51d9d7d1851536aee5
200025,2026-05-31,52776500000,11889063149,,,,fund_level_source_snapshot,do_not_allocate_without_approved_rule,284,ed3e4966011367c057d0ef4655e8c006a72db75a00d664ac07df7a77ca6fb46a
200026,2026-05-31,52776500000,9251022245,,,,fund_level_source_snapshot,do_not_allocate_without_approved_rule,285,782d2e5025c690fca5bb47bc45b2edcfd77808d683ec7a4fd339930edfe2ccb3
200027,2026-05-31,17917626000,9208392031,,,,fund_level_source_snapshot,do_not_allocate_without_approved_rule,286,cda85437e1d41770adfb96c1f13ef36d3223e8336bac7cf7192675e45774eec4
200028,2026-05-31,310175030000,292040187000,,,,fund_level_source_snapshot,do_not_allocate_without_approved_rule,287,8eace3684f0d7f25fec926e4b397dd1be4792d53b270bb3e64a079c45966b43c
200029,2026-05-31,15181537200,12720072903,,,,fund_level_source_snapshot,do_not_allocate_without_approved_rule,288,86c66470bf83aa6a0a65defab8fee632cdf56f433af25ca8d572bc8604aa742b
200030,2026-05-31,125000000000,125016203362,,,,fund_level_source_snapshot,do_not_allocate_without_approved_rule,289,f093326313f0206ae06456a799f0d530e36bc639454009bbf313e1da3ae2fd47
200031,2026-05-31,301580000000,194157442765,,,,fund_level_source_snapshot,do_not_allocate_without_approved_rule,290,877baec70c1423750fc57d58b058ec031b7e65a8eb6c82ce760095ff66fe9f4b
200033,2026-05-31,32497655000,30127270551,,,,fund_level_source_snapshot,do_not_allocate_without_approved_rule,291,c3c08988bebdf8c656c616193855399f6108d31fb6a0b4bd9be4bb08a668e43d
200034,2026-05-31,150790000000,137314043000,,,,fund_level_source_snapshot,do_not_allocate_without_approved_rule,292,7cf39b6f628ad9ff51551fec141d333b6d6e20bd52ffeac8fde7c45cf96e2577
200035,2026-05-31,150790000000,122151851157,,,,fund_level_source_snapshot,do_not_allocate_without_approved_rule,293,650d1d2ab1184940c3ed022e20a8f4f145c1625c780e29f809608a79b9ff9bdf
200036,2026-05-31,150790000000,116429788610,,,,fund_level_source_snapshot,do_not_allocate_without_approved_rule,294,2360cb849dc2f72f28dd1f3bf018adfc6004a52c26914c814b76c2ea1413755a
200037,2026-05-31,60316000000,59339958273,,,,fund_level_source_snapshot,do_not_allocate_without_approved_rule,295,134e10043d9c11508591cabfd473a96b4fdad3bd555cc1b1e42920e846bfbe8b
200038,2026-05-31,87831500000,11450000000,,,,fund_level_source_snapshot,do_not_allocate_without_approved_rule,296,d8450848d8dda30a4ea54f3e876bb0c4338cdeb1cc88c9e9e82f921bef57f39a
200039,2026-05-31,87831500000,9207000000,,,,fund_level_source_snapshot,do_not_allocate_without_approved_rule,297,daff5b6ff9df514111e6369ff35316cfa5fc120ffe05694e459ae93796d4c254
200040,2026-05-31,75395000000,8000000,,,,fund_level_source_snapshot,do_not_allocate_without_approved_rule,298,7342f69d39dfe91cc13b7bdce2dd074b1ca796dcc0d5b00254a5116accc93f9c
200041,2026-05-31,105553000000,48132717741,,,,fund_level_source_snapshot,do_not_allocate_without_approved_rule,299,a165c4a77a35b0c8f4f32b1aff3530bf1970eb2fd1b1513bfe89e7d1abf8042d
200042,2026-05-31,153880788000,80884000000,,,,fund_level_source_snapshot,do_not_allocate_without_approved_rule,300,5dd97e4d92487ba0a20217b5b272d12a20905368b053bbbd98ca9701b533793f
200044,2026-05-31,135711000000,134910000000,,,,fund_level_source_snapshot,do_not_allocate_without_approved_rule,301,0675930ceb1579bde43404c6b1232f44c2e272e0cd4bd97184bf122004beaa2d
200045,2026-05-31,46387527700,44080909000,,,,fund_level_source_snapshot,do_not_allocate_without_approved_rule,302,4b1f44fb4c528732f9d551d99bb9d6fec51a693d5f633074d91befb71ab106ec
200046,2026-05-31,150790000000,73440348500,,,,fund_level_source_snapshot,do_not_allocate_without_approved_rule,303,401078d329ca1229bf8b275248fa1fa7341ec48b8d87df0a2b9c1e3a11c97cf4
300001,2026-05-31,11619642212,11619642212,,,,fund_level_source_snapshot,do_not_allocate_without_approved_rule,304,ff18b3d3c45fd476b1fdfd6c3cd6af7e4bee38ea030261e45a1a6705f9cabfec
300015,2026-05-31,122215565705,122215565705,,,,fund_level_source_snapshot,do_not_allocate_without_approved_rule,305,ef7a08118bcb216c20e1aa2e10bcde563ecb1312ab95b05dbfee97743195e697
300017,2026-05-31,14012764578,14012764578,,,,fund_level_source_snapshot,do_not_allocate_without_approved_rule,306,25d922ff2d50ce59ac67bee6ecac691394b8021023f19a8acd79b3891084d110
300018,2026-05-31,10200000000,10200000000,,,,fund_level_source_snapshot,do_not_allocate_without_approved_rule,307,951a6dcd3a08b9cef8122f35c6595f36a3a3a6a42664c5924e0ae5f0ef269e3e
300019,2026-05-31,15500000000,15500000000,,,,fund_level_source_snapshot,do_not_allocate_without_approved_rule,308,254f2ed4d66e668ec7d929310905a7b4bc11283429737be4f21e3edb3e8c6f5d
300037,2026-05-31,16000000000,16000000000,,,,fund_level_source_snapshot,do_not_allocate_without_approved_rule,309,4b195f53184c70677ab515c9918def6de153ce5a8395eeefd63fcc00758c871b
300038,2026-05-31,51000000000,49407534861,,,,fund_level_source_snapshot,do_not_allocate_without_approved_rule,310,ea19dfc91e9bccf571a8d478df040728e3ecb871bc962d3e415b5d637765d74b
300039,2026-05-31,20500000000,20500000000,,,,fund_level_source_snapshot,do_not_allocate_without_approved_rule,311,4a4f53ba77f0395ddc0710deb41f5b171ae60fa21702af8c34ad2d35e0186d9c
300044,2026-05-31,12999190219,12999190219,,,,fund_level_source_snapshot,do_not_allocate_without_approved_rule,312,07ec4341f3a217c173f8855c666e1b3c44c6107eb9a49366e609a792004ff31d
300046,2026-05-31,11466317396,11466317396,,,,fund_level_source_snapshot,do_not_allocate_without_approved_rule,313,888e392620887237337e71e9a19eafc22ae2340c595756a02ce52ab27d1aaa59
300050,2026-05-31,13903849353,13903849353,,,,fund_level_source_snapshot,do_not_allocate_without_approved_rule,314,36dcbc36161c862c5266e305a195dd1ee2236f46eb14dad4bb1a5824b482d9c6
300052,2026-05-31,11500000000,11500000000,,,,fund_level_source_snapshot,do_not_allocate_without_approved_rule,315,401e373a6ce49dc8fa079aaaf6150372a8333f1b364afd90e7c6712af758181a
300053,2026-05-31,150790000000,84471658148,,,,fund_level_source_snapshot,do_not_allocate_without_approved_rule,316,80efe9eb196f1268c2d17e9378f8acae16487206b0a32e698431873463321bb1
300057,2026-05-31,13239147480,13239147480,,,,fund_level_source_snapshot,do_not_allocate_without_approved_rule,317,562a9e301b37cad5f3d00d6e60888bf2f27128c29eeaae14b622baa05b458b67
300061,2026-05-31,20200000000,20200000000,,,,fund_level_source_snapshot,do_not_allocate_without_approved_rule,318,561730d4f68e73976599f1992aa803c6fe627871a01f308f552b3a00e8d3cb14
300063,2026-05-31,7911239108,7911239108,,,,fund_level_source_snapshot,do_not_allocate_without_approved_rule,319,8ac416e86b3105046a5ded53d914f42036744b8103df40ef866ae646f35f17e9
300066,2026-05-31,150790000000,80051386762,,,,fund_level_source_snapshot,do_not_allocate_without_approved_rule,320,630fede1590a57772e1cf2218b4919ab1b8c462ab22196d98995773b1e8b77b9
300067,2026-05-31,20274485743,20274485743,,,,fund_level_source_snapshot,do_not_allocate_without_approved_rule,321,66c1ccc7285bce9b1831fa9739983b2c0e1e39e173ee9fdbccb48ea0c0307bba
300073,2026-05-31,60000000000,60000000000,,,,fund_level_source_snapshot,do_not_allocate_without_approved_rule,322,a0392fc39b781f67846dcb9a8b6c8656329c32d9e7b553ee11a17acda1abf715
300074,2026-05-31,11000000000,11000000000,,,,fund_level_source_snapshot,do_not_allocate_without_approved_rule,323,9744d0415d94dd2d7a67267750b990915d4408c5b4e38ca4f64b13c390914550
300075,2026-05-31,14000150023,14000150023,,,,fund_level_source_snapshot,do_not_allocate_without_approved_rule,324,ef4e868dd5baf4641b38ce690090700abbea02002dedbc360b98b43876f5cfc0
300079,2026-05-31,11500000000,11500000000,,,,fund_level_source_snapshot,do_not_allocate_without_approved_rule,325,ade5be35d7c7f6b59972ca1137495b4b3306a886d2d359408ff835fc04232d9f
300080,2026-05-31,11494929023,11494929023,,,,fund_level_source_snapshot,do_not_allocate_without_approved_rule,326,0b1703c54df3aee61191fb04f1264def38e4bbbe9cf1f9a85d80dff4e0b8d21b
300085,2026-05-31,20097833000,20097833000,,,,fund_level_source_snapshot,do_not_allocate_without_approved_rule,327,a552fd501dd01d75c07660f2adc1a8608bc436188cbe446576fccc2a64350407
300086,2026-05-31,8896039604,8896039604,,,,fund_level_source_snapshot,do_not_allocate_without_approved_rule,328,5cc5c785769308cf87ea04eaa7c408343e8928b077178fb94bd4d4068aa13c48
300090,2026-05-31,10000000000,10000000000,,,,fund_level_source_snapshot,do_not_allocate_without_approved_rule,329,2765bb7e430d4dca49ca55515200a20519c3efd5de465fe3759c55f30807a59f
P00001,2026-05-31,20000000000,20000000000,,,,fund_level_source_snapshot,do_not_allocate_without_approved_rule,330,1c9f9c54ae780cc3ae2a6309d3a3abaef9833eb99955c0ab811d63ca2b966b42
P00002,2026-05-31,358010000000,383710000000,,,,fund_level_source_snapshot,do_not_allocate_without_approved_rule,331,5604a5444c5e32b5f1acd38187ded8ac8da3b8e532b32064f80cfd7b56590722
P00005,2026-05-31,5570000000000,1696400000000,,,,fund_level_source_snapshot,do_not_allocate_without_approved_rule,332,cba21fffd61e4b3394a516c3331062b4ba750cd9a7c884b9a15ac2298ff89610
P00006,2026-05-31,1145111750000,394111750000,,,,fund_level_source_snapshot,do_not_allocate_without_approved_rule,333,e1d5922a33567f0d2a6efe2d4cc20b6abf84d87a13d9d0435a84bd2591d71a80
P00007,2026-05-31,341406275320,341406275320,,,,fund_level_source_snapshot,do_not_allocate_without_approved_rule,334,2facc47b9fa3683ba1bdaf2f9c8023d13def271a38492b9bc3eca42009e9bdd7
P00008,2026-05-31,170000000000,141200000000,,,,fund_level_source_snapshot,do_not_allocate_without_approved_rule,335,05696a1738582c85a2fc88768400c6f9164ed7960472e308d98c027eab4c2935
P00009,2026-05-31,0,0,,,,fund_level_source_snapshot,do_not_allocate_without_approved_rule,336,1513ee8b6150f273220b5052c16fac8ce81e4804f0e3ecf89bd01cc93cf46881
P00012,2026-05-31,489540000000,315900000000,,,,fund_level_source_snapshot,do_not_allocate_without_approved_rule,337,f9b4c61a8d721d53c31188359af850016e83c87d23a4b3655ec6b3bad6a3fa22
P00014,2026-05-31,185000000000,185000000000,,,,fund_level_source_snapshot,do_not_allocate_without_approved_rule,338,103a5cb65863586a7c49d90f6892916b9759707313fac9aa79ad3d8e919576e6
P00015,2026-05-31,168000000000,168000000000,,,,fund_level_source_snapshot,do_not_allocate_without_approved_rule,339,213ad0294638b80a42c495d0561239206011374208fb0c5c6ceab89f90890e21
P00017,2026-05-31,10300003000,10300003000,,,,fund_level_source_snapshot,do_not_allocate_without_approved_rule,340,53c9d353732d8849d25fbc86875eb61ae0c602780b5e091c93b4142c85bbb2c7
P00019,2026-05-31,121554943000,104206254490,,,,fund_level_source_snapshot,do_not_allocate_without_approved_rule,341,58402e958ddbb30b7c33fab1c545775a329cec2969e99bdc317ec734c9a17c4a
P00022,2026-05-31,171000000000,171000000000,,,,fund_level_source_snapshot,do_not_allocate_without_approved_rule,342,f46f649571399e77d7fceffdb705f3b4f83b02d191552f3e7cde4a368b62e305
P00024,2026-05-31,36047941737,36047941737,,,,fund_level_source_snapshot,do_not_allocate_without_approved_rule,343,8c6226634d10b7968fcc1eee142c70e02b1b4df4897ecb0d1d69645d2ba1d9d7
P00025,2026-05-31,37500000000,17000000000,,,,fund_level_source_snapshot,do_not_allocate_without_approved_rule,344,7a9e69e036a31eedebd6dd19d8b32b41e004133437199b9c5b122390fd97c4e1
P00026,2026-05-31,77000000000,75800000000,,,,fund_level_source_snapshot,do_not_allocate_without_approved_rule,345,bf952567d8e4bb4503eb1b6b02cb88b07928960e6dbe85387702a10b7d469e53
P00027,2026-05-31,1272920000000,70300000000,,,,fund_level_source_snapshot,do_not_allocate_without_approved_rule,346,7dbcca83262487e617d36f8713d2da9ff4958e317a362c5f75fe011600674028
P00028,2026-05-31,53900000000,53900000000,,,,fund_level_source_snapshot,do_not_allocate_without_approved_rule,347,5058a385ae0dd1e97a4909f6352865e78194ed43c33f0d4a1cd8f7bdedb427cc
P00029,2026-05-31,360000000000,202000000000,,,,fund_level_source_snapshot,do_not_allocate_without_approved_rule,348,d200cd4fc3a2fc1c6c665a726cdc88b7658ec5a9d963a7e9cfd4f0ddd0bd17c0
P00030,2026-05-31,2280000000000,1965400000000,,,,fund_level_source_snapshot,do_not_allocate_without_approved_rule,349,38b8d15168d0293289a861feb340fdb508a58930a76bfffb83368f1dfe10546a
P00031,2026-05-31,16000000000,16000000000,,,,fund_level_source_snapshot,do_not_allocate_without_approved_rule,350,d514b4ed7b3497f7c86884522741354392dd7e9b6c3b4941dfe5120ba26f5200
P00032,2026-05-31,372000000000,205500000000,,,,fund_level_source_snapshot,do_not_allocate_without_approved_rule,351,1a68fdf8738372a778891493c98145bce6fef13881bae19def127a42de5715fe
P00033,2026-05-31,255000000000,115075000000,,,,fund_level_source_snapshot,do_not_allocate_without_approved_rule,352,06ff395c75d1526c054f7bb0d5b51bc9165df26a6851dfad6d8b2c24f034f941
P00034,2026-05-31,55000000000,55000000000,,,,fund_level_source_snapshot,do_not_allocate_without_approved_rule,353,b33b74a18781c7e65b4601ca9903ded14f8450b23bf2cd76b2f4963c58aee733
P00035,2026-05-31,328852200000,328851000000,,,,fund_level_source_snapshot,do_not_allocate_without_approved_rule,354,36dad3f39c1bfeeb6f797a82b1ed0f2301db42429e5918643e32cbbd5e05bdf7
P00037,2026-05-31,1056895000000,1056895000000,,,,fund_level_source_snapshot,do_not_allocate_without_approved_rule,355,9b3a4cb0c1c59efc8eb820470767e21d889c8980a2e9310b885b0c9552595524
P00038,2026-05-31,10000000000,10000000000,,,,fund_level_source_snapshot,do_not_allocate_without_approved_rule,356,2b3ed90029bddcb65ae589510c9ed3e9083d4895a0c7ce5e4837735b5da1f52f
P00039,2026-05-31,0,0,,,,fund_level_source_snapshot,do_not_allocate_without_approved_rule,357,5fd95476208e1aa04dfc2498ac7eba8347d42afc253670750acad4f7ce57d797
P00040,2026-05-31,103700000000,8700000000,,,,fund_level_source_snapshot,do_not_allocate_without_approved_rule,358,03efafef910947e6c14fd345b489d7137810ce0f594355ae71e8cdb4a91bf710
R00001,2026-05-31,331200000000,153900000000,,,,fund_level_source_snapshot,do_not_allocate_without_approved_rule,359,3d592d41c281f3ea648f90037b624f2289ddb857a8880c219ef700773915b650
R00004,2026-05-31,455986423520,433486423520,,,,fund_level_source_snapshot,do_not_allocate_without_approved_rule,360,f1ec9acb7b703a2f286bf325775caa63ae97ccf59557ef9a70433cf56304b6d0
R00006,2026-05-31,13997168228,13997168228,,,,fund_level_source_snapshot,do_not_allocate_without_approved_rule,361,21d601003e33e123770ae0fa83bf9a16aaf08f989f97d7be7b74f30fef355b0c
R00008,2026-05-31,398500859795,398500859795,,,,fund_level_source_snapshot,do_not_allocate_without_approved_rule,362,e392bdb21280b58c759f8d043d2974fedcdeb7e8f78e6cd2fe111c4eaf7e0c07
R00010,2026-05-31,176872731464,176872731464,,,,fund_level_source_snapshot,do_not_allocate_without_approved_rule,363,9d4cf1f0abca1256f39744e172cb7a6046c761491b4d22ea2c501a308a6e855d
R00011,2026-05-31,583146874232,583146874232,,,,fund_level_source_snapshot,do_not_allocate_without_approved_rule,364,01e88f8265fafd0db7aa9614926696ce2a976c7419c7c99f658a6aa7dc81677b
R00012,2026-05-31,214034700000,214034700000,,,,fund_level_source_snapshot,do_not_allocate_without_approved_rule,365,e02080611e0f3f8301399d7b98836f6fc0c94061840f6bb2d28ee53d1596e693
R00013,2026-05-31,436504000000,430504000000,,,,fund_level_source_snapshot,do_not_allocate_without_approved_rule,366,3b5abec0dbbdc8076b6be7936d5483e005b744d3d7c4f504f9feffb03763f1b2
R00014,2026-05-31,627343378000,451343378000,,,,fund_level_source_snapshot,do_not_allocate_without_approved_rule,367,90d864e5dbfe8d9d58c7fbd1af432d6bfcac5d28090507b4eee041472b1f8f90
R00015,2026-05-31,975338433535,962338433535,,,,fund_level_source_snapshot,do_not_allocate_without_approved_rule,368,e42fa44992bd4c06f09675f9e1bc6f117ad89e3e00c59fa9629737ced25d88a9
R00016,2026-05-31,0,0,,,,fund_level_source_snapshot,do_not_allocate_without_approved_rule,369,265de5352d06e1de23cde65de99451dbba277d51459ca0efa4568247f258f5bd
367,2026-05-31,71352061469913,57655841934082,,,,fund_level_source_snapshot,do_not_allocate_without_approved_rule,370,1ce92c3ab47dc8801383d73fe61adbf4160cfdc9cc3ec4ed663c117de2991821
