asset_id,canonical_name,asset_type,address_text,current_pnu,match_status,proposed_pnu,matched_address,matched_category,match_score,match_reasons,longitude,latitude,updated_rows
ast_7f66d2a674c4,동일타워,오피스,서울특별시 강남구 대치동 1004,,safe,1168010600110040000,서울특별시 강남구 대치동 1004,parcel,12,token:서울특별시;token:강남구;token:대치동;lot:1004,127.0669361035621,37.50707036435792,1
ast_d052165ba593,NC백화점(강서),리테일,서울특별시 강서구 등촌동 689번지 외 2필지,,safe,1150010200106890000,서울특별시 강서구 등촌동 689,parcel,12,token:서울특별시;token:강서구;token:등촌동;lot:689,126.84039846690605,37.560087766931055,1
ast_97eee497ab45,PFV_Lotus (지분증권),호텔복합,서울특별시 종로구 관훈동 155-2 외 4필지,,safe,1111012800101550002,서울특별시 종로구 관훈동 155-2,parcel,12,token:서울특별시;token:종로구;token:관훈동;lot:155-2,126.98379205533436,37.574560943003,1
ast_4b461cc661b2,포도몰,리테일,서울특별시 관악구 신림동 1641-2,,safe,1162010200116410002,서울특별시 관악구 신림동 1641-2,parcel,12,token:서울특별시;token:관악구;token:신림동;lot:1641-2,126.93018609240423,37.483847234574526,1
ast_4e9c841b327e,와이플러스빌딩,리테일,서울특별시 강남구 신사동 533-3,,safe,1168010700105330003,서울특별시 강남구 신사동 533-3,parcel,12,token:서울특별시;token:강남구;token:신사동;lot:533-3,127.0224305448551,37.52217878286065,1
ast_791b962e0c10,삼일빌딩,오피스,서울시 종로구 관철동 10-2 및 7-3,,safe,1111013500100100002,서울특별시 종로구 관철동 10-2,parcel,10,token:종로구;token:관철동;lot:10-2,126.9871707224284,37.56859604937492,1
ast_790533b0da44,"NH농협생명빌딩 서관(구, 임광빌딩 본관)",오피스,서울특별시 서대문구 미근동 267,,safe,1141010400102670000,서울특별시 서대문구 미근동 267,parcel,12,token:서울특별시;token:서대문구;token:미근동;lot:267,126.96873488349732,37.56236576106109,1
ast_3394bcf0a0cd,"부산시 사상구 괘법동 오피스텔, 도시형생활주택 및 근린생활시설 신축사업",오피스복합,부산시 사상구 괘법동 564-8번지,,safe,2653010400105640008,부산광역시 사상구 괘법동 564-8,parcel,10,token:사상구;token:괘법동;lot:564-8,128.98229555901628,35.161922965663464,1
ast_7bb76c255a79,신정동 근린생활시설,리테일,서울 양천구 신정동 329-10번지,,safe,1147010100103290010,서울특별시 양천구 신정동 329-10,parcel,12,token:서울;token:양천구;token:신정동;lot:329-10,126.87052588273427,37.518951507953986,1
ast_2901ee96b420,광교 아이파크 주상복합 내 판매시설 선순위 담보 대출채권,리테일,경기도 수원시 영통구 원천동 593번지 일원,,safe,4111710200105930000,경기도 수원시 영통구 원천동 593,parcel,14,token:경기도;token:수원시;token:영통구;token:원천동;lot:593,127.06094536687598,37.27372652583924,1
ast_08c6f4e86f22,군산수상태양광 PF대출,,전라북도 군산시 비응도동 19,,safe,5213014800100190000,전북특별자치도 군산시 비응도동 19,parcel,10,token:군산시;token:비응도동;lot:19,126.52600084965414,35.955445151335866,1
ast_6be590f974c1,누디트 홍대,호텔복합,서울특별시 서교동 460-25,,safe,1144012000104600025,서울특별시 마포구 서교동 460-25,parcel,10,token:서울특별시;token:서교동;lot:460-25,126.91682741291842,37.55624182650921,1
ast_5fedae1c0415,송도 센토피아더샵 공동주택 및 근린생활시설 개발사업 PF Refinancing 대출채권,주거,인천광역시 연수구 송도동 308-1 일원,,safe,2818510600103080001,인천광역시 연수구 송도동 308-1,parcel,12,token:인천광역시;token:연수구;token:송도동;lot:308-1,126.61206986502944,37.412074961577574,1
ast_5827261360b4,선릉위워크타워,오피스,서울특별시 강남구 테헤란로302(역삼동 706),,safe,1168010100107060000,역삼동 706,road,7,token:역삼동;lot:706,127.04356309689808,37.50249173939364,1
ast_bb50a5baa03a,평택아디다스물류센터,물류센터,경기도 평택시 도일유통길 64(도일동 1175-3),,safe,4122010600111750003,도일동 1175-3,road,7,token:도일동;lot:1175-3,127.10557017754222,37.03723559416221,1
ast_79c9f274cd28,안성 홈플러스 중부허브 물류센터,물류센터,경기도 안성시 원곡면 칠곡리 941번지,,safe,4155038022109410000,경기도 안성시 원곡면 칠곡리 941,parcel,14,token:경기도;token:안성시;token:원곡면;token:칠곡리;lot:941,127.16739772363374,37.0487099308822,1
ast_7773542720e0,"NH농협생명빌딩 동관(구, 임광빌딩 신관)",오피스,서울특별시 서대문구 미근동 257,,safe,1141010400102570000,서울특별시 서대문구 미근동 257,parcel,12,token:서울특별시;token:서대문구;token:미근동;lot:257,126.96854821702382,37.56274849442844,1
ast_6c15b114075c,용산더프라임,오피스,서울특별시 용산구 원효로1가 121-90,,safe,1117011200101210090,서울특별시 용산구 원효로1가 121-90,parcel,12,token:서울특별시;token:용산구;token:원효로1가;lot:1,126.96897343509582,37.53866648630111,1
ast_b939ab49c418,네오밸류한남PFV의 전환사채,오피스복합,서울시 용산구 한남동 736-9 외 2필지,,safe,1117013100107360009,서울특별시 용산구 한남동 736-9,parcel,10,token:용산구;token:한남동;lot:736-9,126.99790977499076,37.53460849521397,1
ast_02e499cf476b,서울 서초구 반포동 64-1번지 일원 개발사업장 브릿지대출,주거,서울 서초구 반포동 64-1번지 일원,,safe,1165010700100640001,서울특별시 서초구 반포동 64-1,parcel,12,token:서울;token:서초구;token:반포동;lot:64-1,127.00169879220564,37.5007955335506,1
ast_cd234848887e,위례Senior Living 개발사업,오피스복합,서울특별시 송파구 거여동 573-1,,safe,1171011300105730001,서울특별시 송파구 거여동 573-1,parcel,12,token:서울특별시;token:송파구;token:거여동;lot:573-1,127.15534808977841,37.49096846138515,1
ast_fe67309c28e2,다산1,,해남군 해남읍 복평리 995-7,,safe,4682025037109950007,전라남도 해남군 해남읍 복평리 995-7,parcel,12,token:해남군;token:해남읍;token:복평리;lot:995-7,126.53816166536672,34.56520112072527,1
ast_34e35d0dff33,분당야탑물류센터,물류센터,경기도 성남시 분당구 야탑동 403,,safe,4113510700104030000,경기도 성남시 분당구 야탑동 403,parcel,14,token:경기도;token:성남시;token:분당구;token:야탑동;lot:403,127.11873273895966,37.41488168828728,1
ast_f58dae267b1b,을지로부림빌딩,오피스,서울특별시 중구 을지로1가 71-9번지,,safe,1114010400100710009,서울특별시 중구 을지로1가 71-9,parcel,12,token:서울특별시;token:중구;token:을지로1가;lot:1,126.98014049302466,37.56652357487495,1
ast_b2fa1e20d812,용산전자상가 특별계획구역8 개발사업,,서울특별시 용산구 한강로2가 15-2,,safe,1117012500100150002,서울특별시 용산구 한강로2가 15-2,parcel,12,token:서울특별시;token:용산구;token:한강로2가;lot:2,126.96567150810358,37.533912596241706,1
ast_498605d11e47,"용답동 231, 231-1 공동주택 및 근린생활시설",오피스,서울특별시 성동구 용답동 231,,safe,1120012200102310000,서울특별시 성동구 용답동 231,parcel,12,token:서울특별시;token:성동구;token:용답동;lot:231,127.06353220730699,37.560627395430146,1
ast_97000349e062,원주AK,리테일,강원도 원주시 단계동 1123,,safe,5113011000111230000,강원특별자치도 원주시 단계동 1123,parcel,10,token:원주시;token:단계동;lot:1123,127.92751947577565,37.345662745809555,1
ast_863c34bc88b1,더피나클강남,오피스,서울특별시 강남구 논현동 119,,safe,1168010800101190000,서울특별시 강남구 논현동 119,parcel,12,token:서울특별시;token:강남구;token:논현동;lot:119,127.04065596464453,37.51749296571435,1
ast_fe9e7fc006fb,눈스퀘어,리테일,서울특별시 중구 명동2가 83-5,,safe,1114012700100830005,서울특별시 중구 명동2가 83-5,parcel,12,token:서울특별시;token:중구;token:명동2가;lot:2,126.98288961780138,37.56341329084624,1
ast_859f99e97066,롯데마트(나주),리테일,전라남도 나주시 송월동 1106-2 외 2필지,,safe,4617010200111060002,전라남도 나주시 송월동 1106-2,parcel,12,token:전라남도;token:나주시;token:송월동;lot:1106-2,126.7131182890293,35.0132329386243,1
ast_122d47e0ef63,홈플러스금천점,리테일,서울특별시 금천구 독산동 291-7,,safe,1154510200102910007,서울특별시 금천구 독산동 291-7,parcel,12,token:서울특별시;token:금천구;token:독산동;lot:291-7,126.89694182506258,37.46890988954816,1
ast_7b6a0d5ee212,2001아울렛(안양),리테일,경기도 안양시 만안구 안양동 627-287,,safe,4117110100106270287,경기도 안양시 만안구 안양동 627-287,parcel,14,token:경기도;token:안양시;token:만안구;token:안양동;lot:627-287,126.92280120546668,37.396615672835644,1
ast_6bfb26e9f2e6,홈플러스동수원점,리테일,경기도 수원시 팔달구 인계동 1045,,safe,4111514100110450000,경기도 수원시 팔달구 인계동 1045,parcel,14,token:경기도;token:수원시;token:팔달구;token:인계동;lot:1045,127.03012418681243,37.2627396533294,1
ast_3c6660ce41f1,홈플러스센텀시티점,리테일,부산광역시 해운대구 우동 1499,,safe,2635010500114990000,부산광역시 해운대구 우동 1499,parcel,12,token:부산광역시;token:해운대구;token:우동;lot:1499,129.13375255612766,35.17089807054652,1
ast_55647389ae80,홈플러스영등포점,리테일,서울특별시 영등포구 문래동3가 55-3,,safe,1156012100100550003,서울특별시 영등포구 문래동3가 55-3,parcel,12,token:서울특별시;token:영등포구;token:문래동3가;lot:3,126.89590965053286,37.51817943386882,1
ast_03c3c2e1b0b2,신라스테이울산,호텔,울산광역시 남구 달동 1247-1 외 2필지,,safe,3114010500112470001,울산광역시 남구 달동 1247-1,parcel,12,token:울산광역시;token:남구;token:달동;lot:1247-1,129.32925718822187,35.537485688254094,1
ast_526e7318eac3,SKT구로사옥,오피스,서울특별시 구로구 구로동 1258,,safe,1153010200112580000,서울특별시 구로구 구로동 1258,parcel,12,token:서울특별시;token:구로구;token:구로동;lot:1258,126.8746784190408,37.5009490275127,1
ast_21ccb7c9f7bd,G밸리비즈플라자,오피스복합,서울특별시 구로구 구로동 188-25,,safe,1153010200101880025,서울특별시 구로구 구로동 188-25,parcel,12,token:서울특별시;token:구로구;token:구로동;lot:188-25,126.89634254488954,37.48486544412546,1
ast_d36a3b06c819,홈플러스삼천포점,리테일,경상남도 사천시 벌리동 58-3,,safe,4824010800100580003,경상남도 사천시 벌리동 58-3,parcel,12,token:경상남도;token:사천시;token:벌리동;lot:58-3,128.07995465767877,34.94042179680983,1
ast_612cef5b7905,홈플러스진주점,리테일,경상남도 진주시 상대동 181-1,,safe,4817011900101810001,경상남도 진주시 상대동 181-1,parcel,12,token:경상남도;token:진주시;token:상대동;lot:181-1,128.11770961060625,35.18753287020908,1
ast_3610ec7fb906,홈플러스죽도점,리테일,경상북도 포항시 북구 죽도동 50-1,,safe,4711311600100500001,경상북도 포항시 북구 죽도동 50-1,parcel,14,token:경상북도;token:포항시;token:북구;token:죽도동;lot:50-1,129.3650999824318,36.0308993635084,1
ast_b79d97794e21,트윈트리타워,오피스,서울특별시 종로구 중학동 14,,safe,1111012500100140000,서울특별시 종로구 중학동 14,parcel,12,token:서울특별시;token:종로구;token:중학동;lot:14,126.97971045762571,37.575432757607295,1
ast_115f3c3277d4,서영빌딩,오피스,경기도 성남시 분당구 수내동 6-3,,safe,4113510200100060003,경기도 성남시 분당구 수내동 6-3,parcel,14,token:경기도;token:성남시;token:분당구;token:수내동;lot:6-3,127.11702712907129,37.37942352789002,1
ast_7418f76af537,탑빌딩,오피스,경기도 성남시 분당구 야탑동 361-4,,safe,4113510700103610004,경기도 성남시 분당구 야탑동 361-4,parcel,14,token:경기도;token:성남시;token:분당구;token:야탑동;lot:361-4,127.12984996310684,37.41256645293849,1
ast_07e0f0bb366d,트리스빌딩,오피스,서울특별시 강남구 논현동 70-6,,safe,1168010800100700006,서울특별시 강남구 논현동 70-6,parcel,12,token:서울특별시;token:강남구;token:논현동;lot:70-6,127.03404715068541,37.519629829377365,1
ast_1b09ced3f5a7,호수빌딩,오피스,대구광역시 중구 동인동2가 50-3,,safe,2711010200100500003,대구광역시 중구 동인동2가 50-3,parcel,12,token:대구광역시;token:중구;token:동인동2가;lot:2,128.60120426938542,35.86922954976167,1
ast_855b77ffc374,광화문G타워,오피스복합,서울특별시 종로구 수송동 156,,safe,1111012400101560000,서울특별시 종로구 수송동 156,parcel,12,token:서울특별시;token:종로구;token:수송동;lot:156,126.98111092099492,37.57270564294683,1
ast_99bb7e6dd0fa,노스게이트빌딩,오피스,서울특별시 종로구 적선동 66,,safe,1111010700100660000,서울특별시 종로구 적선동 66,parcel,12,token:서울특별시;token:종로구;token:적선동;lot:66,126.9739715362036,37.57517585382437,1
ast_bb2cc0b2b2e3,대구시티센터,오피스복합,대구광역시 중구 문화동 11-1,,safe,2711012100100110001,대구광역시 중구 문화동 11-1,parcel,12,token:대구광역시;token:중구;token:문화동;lot:11-1,128.59770686332172,35.87096455471976,1
ast_2d6772e4d2c7,신라스테이제주,호텔,제주특별자치도 제주시 연동 274-16 외 2필지,,safe,5011013700102740016,제주특별자치도 제주시 연동 274-16,parcel,12,token:제주특별자치도;token:제주시;token:연동;lot:274-16,126.49090288082573,33.48565079626567,1
ast_3e4a7ba7841a,오토웨이타워,오피스,서울특별시 강남구 대치동 948,,safe,1168010600109480000,서울특별시 강남구 대치동 948,parcel,12,token:서울특별시;token:강남구;token:대치동;lot:948,127.06372803515671,37.50619356830171,1
ast_a60a75cb3e01,정동빌딩,오피스,서울특별시 중구 정동 15-5,,safe,1114016700100150005,서울특별시 중구 정동 15-5,parcel,12,token:서울특별시;token:중구;token:정동;lot:15-5,126.97103665267116,37.56749610125584,1
ast_9fb48d4d8ce0,씨티센터타워,오피스,서울특별시 중구 저동2가 24-1,,safe,1114016100100240001,서울특별시 중구 저동2가 24-1,parcel,12,token:서울특별시;token:중구;token:저동2가;lot:2,126.99036397402368,37.564445905943884,1
ast_c0ac2f0648ba,남악신도시 복합쇼핑몰,오피스복합,전라남도 무안군 삼향읍 남악리 2622,,safe,4684025622126220000,전라남도 무안군 삼향읍 남악리 2622,parcel,14,token:전라남도;token:무안군;token:삼향읍;token:남악리;lot:2622,126.46507824582989,34.80232099141669,1
ast_f51cc97d21ec,신라스테이해운대,호텔,부산광역시 해운대구 우동 629-6,,safe,2635010500106290006,부산광역시 해운대구 우동 629-6,parcel,12,token:부산광역시;token:해운대구;token:우동;lot:629-6,129.1587283649048,35.15976334589877,1
ast_f11894da692a,우덕빌딩,오피스,서울특별시 강남구 역삼동 832-2,,safe,1168010100108320002,서울특별시 강남구 역삼동 832-2,parcel,12,token:서울특별시;token:강남구;token:역삼동;lot:832-2,127.03065932084635,37.492691450895755,1
ast_16a56a088f89,영등포역 오피스텔 개발사업,주거,서울특별시 영등포구 영등포동1가 143-3,,safe,1156010200101430003,서울특별시 영등포구 영등포동1가 143-3,parcel,12,token:서울특별시;token:영등포구;token:영등포동1가;lot:1,126.90927187949978,37.517020485792756,1
ast_938f03c98067,롯데마트(대전대덕),리테일,대전시 유성구 관평동 887,,safe,3020014600108870000,대전광역시 유성구 관평동 887,parcel,10,token:유성구;token:관평동;lot:887,127.38679409990091,36.4268313744394,1
ast_8b9207d29b9d,롯데마트(제주),리테일,제주시 노형동 708,,safe,5011012200107080000,제주특별자치도 제주시 노형동 708,parcel,10,token:제주시;token:노형동;lot:708,126.48140491293728,33.48246855399216,1
ast_2c3a67886c92,롯데팩토리아울렛(인천),리테일,인천시 중구 항동7가 76-2,,safe,2811011800100760002,인천광역시 중구 항동7가 76-2,parcel,10,token:중구;token:항동7가;lot:7,126.6221947437956,37.44801390688702,1
ast_764edeb2506b,씨티플라자,오피스,서울특별시 영등포구 여의도동 여의도동 25,,safe,1156011000100250000,서울특별시 영등포구 여의도동 25,parcel,14,token:서울특별시;token:영등포구;token:여의도동;token:여의도동;lot:25,126.92602374592425,37.524077371873496,1
ast_fdb1842a936b,롯데마트(포항),리테일,경상북도 포항시 남구 지곡동 481-1,,safe,4711111500104810001,경상북도 포항시 남구 지곡동 481-1,parcel,14,token:경상북도;token:포항시;token:남구;token:지곡동;lot:481-1,129.32469995560982,36.02757681525665,1
ast_97638ebe48e2,수송스퀘어,오피스,서울특별시 종로구 수송동 83-1,,safe,1111012400100830001,서울특별시 종로구 수송동 83-1,parcel,12,token:서울특별시;token:종로구;token:수송동;lot:83-1,126.98132632783675,37.574146922321965,1
ast_c8c2e5210765,쌈지길,리테일,"서울특별시 종로구 관훈동 38, 44",,safe,1111012800100380000,서울특별시 종로구 관훈동 38,parcel,12,token:서울특별시;token:종로구;token:관훈동;lot:38,126.98489738114375,37.57426475963893,1
ast_05a1704bed45,유림빌딩,리테일,서울특별시 마포구 동교동 165-4,,safe,1144012100101650004,서울특별시 마포구 동교동 165-4,parcel,12,token:서울특별시;token:마포구;token:동교동;lot:165-4,126.92408516212947,37.55651208566914,1
ast_56793c2827ee,순화타워,오피스,서울특별시 중구 순화동 66,,safe,1114016800100660000,서울특별시 중구 순화동 66,parcel,12,token:서울특별시;token:중구;token:순화동;lot:66,126.97225946107426,37.561074309120116,1
ast_09e5db3eee02,업스퀘어,오피스복합,울산광역시 남구 삼산동 1569-1,,safe,3114010600115690001,울산광역시 남구 삼산동 1569-1,parcel,12,token:울산광역시;token:남구;token:삼산동;lot:1569-1,129.33882876632254,35.541962694418544,1
ast_12056ec44b17,NC백화점(야탑),리테일,경기도 성남시 분당구 야탑동 356,,safe,4113510700103560000,경기도 성남시 분당구 야탑동 356,parcel,14,token:경기도;token:성남시;token:분당구;token:야탑동;lot:356,127.12745913841377,37.41089585149441,1
ast_b257dd733dea,뉴코아아울렛(평촌),리테일,경기도 안양시 동안구 호계동 1039-3,,safe,4117310400110390003,경기도 안양시 동안구 호계동 1039-3,parcel,14,token:경기도;token:안양시;token:동안구;token:호계동;lot:1039-3,126.95123648788098,37.38926371192653,1
ast_40eb7f1348f6,뉴코아아울렛(일산),리테일,경기도 고양시 일산동구 마두동 797,,safe,4128510500107970000,경기도 고양시 일산동구 마두동 797,parcel,14,token:경기도;token:고양시;token:일산동구;token:마두동;lot:797,126.7770780062971,37.65482433705132,1
ast_cd4e754af9e0,평촌G스퀘어,오피스복합,경기도 안양시 동안구 호계동 1039 외 2필지,,safe,4117310400110390000,경기도 안양시 동안구 호계동 1039,parcel,14,token:경기도;token:안양시;token:동안구;token:호계동;lot:1039,126.9506318628633,37.390291646150864,1
ast_11888bd81598,신도림핀포인트,오피스,서울특별시 구로구 신도림동 337,,safe,1153010100103370000,서울특별시 구로구 신도림동 337,parcel,12,token:서울특별시;token:구로구;token:신도림동;lot:337,126.88775265410224,37.50941868611462,1
ast_a36a0293fea2,하남미사우성르보아파크,주거,경기도 하남시 망월동 1079,,safe,4145010900110790000,경기도 하남시 망월동 1079,parcel,12,token:경기도;token:하남시;token:망월동;lot:1079,127.18925058575297,37.56675401786774,1
ast_a81bf18a93d4,스타필드(고양),리테일,경기도 고양시 덕양구 동산동 370,,safe,4128111200103700000,경기도 고양시 덕양구 동산동 370,parcel,14,token:경기도;token:고양시;token:덕양구;token:동산동;lot:370,126.89468583831379,37.647052116784664,1
ast_2b8d6d15574a,태평로빌딩,오피스,서울특별시 중구 서소문동 111,,safe,1114016600101110000,서울특별시 중구 서소문동 111,parcel,12,token:서울특별시;token:중구;token:서소문동;lot:111,126.97571411690646,37.56293458489506,1
ast_ba08839e7d49,부산송정물류센터,물류센터,부산광역시 강서구 송정동 1715-2,,safe,2644010900117150002,부산광역시 강서구 송정동 1715-2,parcel,12,token:부산광역시;token:강서구;token:송정동;lot:1715-2,128.84094800268176,35.08506307451265,1
ast_af5f71776ae0,바른빌딩,오피스,서울특별시 강남구 대치동 945-27,,safe,1168010600109450027,서울특별시 강남구 대치동 945-27,parcel,12,token:서울특별시;token:강남구;token:대치동;lot:945-27,127.0612833762957,37.507467208051764,1
ast_f40e9a6c4433,PFV_Lotus (사채),호텔복합,서울특별시 종로구 관훈동 155-2 외 4필지,,safe,1111012800101550002,서울특별시 종로구 관훈동 155-2,parcel,12,token:서울특별시;token:종로구;token:관훈동;lot:155-2,126.98379205533436,37.574560943003,1
ast_3048a53624b2,홈플러스전주효자점,리테일,전라북도 전주시 완산구 효자동1가 431-5 외 14필지,,safe,5211114000104310005,전북특별자치도 전주시 완산구 효자동1가 431-5,parcel,12,token:전주시;token:완산구;token:효자동1가;lot:1,127.11397661090612,35.8065988878227,1
ast_84c4e6c8e0bf,광명 역세권지구 복합시설 신축,호텔,경기도 광명시 일직동 508-4,,safe,4121010600105080004,경기도 광명시 일직동 508-4,parcel,12,token:경기도;token:광명시;token:일직동;lot:508-4,126.88186040708221,37.420932619480666,1
ast_15f689589eb3,시그니쳐타워,오피스,서울특별시 중구 수표동 99,,safe,1114011000100990000,서울특별시 중구 수표동 99,parcel,12,token:서울특별시;token:중구;token:수표동;lot:99,126.98849507324337,37.5675231925166,1
ast_02870a4cfd6e,시그니쳐타워,오피스,서울특별시 중구 수표동 99,,safe,1114011000100990000,서울특별시 중구 수표동 99,parcel,12,token:서울특별시;token:중구;token:수표동;lot:99,126.98849507324337,37.5675231925166,1
ast_7e9acc299d06,V플렉스,오피스,서울특별시 강남구 삼성동 157-27,,safe,1168010500101570027,서울특별시 강남구 삼성동 157-27,parcel,12,token:서울특별시;token:강남구;token:삼성동;lot:157-27,127.05674962532328,37.50752198812408,1
ast_aaf7f9cbe8b3,판교 알파돔시티 비즈니스호텔,호텔,경기도 성남시 분당구 백현동 539,,safe,4113511000105390000,경기도 성남시 분당구 백현동 539,parcel,14,token:경기도;token:성남시;token:분당구;token:백현동;lot:539,127.1106886166772,37.393398852611355,1
ast_82588f68640c,가로골목,리테일,서울특별시 강남구 신사동 545-18 외 1필지,,safe,1168010700105450018,서울특별시 강남구 신사동 545-18,parcel,12,token:서울특별시;token:강남구;token:신사동;lot:545-18,127.02328640192326,37.52042448819506,1
ast_25028177c0ce,화양동 도시형생활주택,주거,서울특별시 광진구 화양동116-2 외 5필지,,safe,1121510700101160002,서울특별시 광진구 화양동 116-2,parcel,10,token:서울특별시;token:광진구;lot:116-2,127.07090199703325,37.547597628250635,1
ast_9855c32af978,지엘가산메트로 주식회사,데이터센터,서울특별시 금천구 가산동 60-29,,safe,1154510100100600029,서울특별시 금천구 가산동 60-29,parcel,12,token:서울특별시;token:금천구;token:가산동;lot:60-29,126.88788233749366,37.47571334639463,1
ast_7fe8561ccfd3,부산 수영구 광안동 98-1외 7필지 오피스텔 PF대출,주거,부산광역시 수영구 광안동 98-1 외 6필지,,safe,2650010400100980001,부산광역시 수영구 광안동 98-1,parcel,12,token:부산광역시;token:수영구;token:광안동;lot:98-1,129.11515691897642,35.164967106393945,1
ast_6943582c5ffa,명동청휘빌딩,오피스복합,서울특별시 중구 명동2가 33-1,,safe,1114012700100330001,서울특별시 중구 명동2가 33-1,parcel,12,token:서울특별시;token:중구;token:명동2가;lot:2,126.98501566770116,37.563671273343076,1
ast_9b4469f9065d,남동테크노타워 지식산업센터 개발사업 PF대출,오피스,인천광역시 남동구 고잔동 648-1,,safe,2820011100106480001,인천광역시 남동구 고잔동 648-1,parcel,12,token:인천광역시;token:남동구;token:고잔동;lot:648-1,126.70765190235957,37.40044536190023,1
ast_251d0a3de508,고양시 화정동 아이씨티일산,주거,경기도 고양시 덕양구 화정동 1148-6,,safe,4128112300111480006,경기도 고양시 덕양구 화정동 1148-6,parcel,14,token:경기도;token:고양시;token:덕양구;token:화정동;lot:1148-6,126.83069924274656,37.6269627483434,1
ast_0c68bbfd7099,제주 연동 오피스텔,주거,제주도 제주시 연동 261-23,,safe,5011013700102610023,제주특별자치도 제주시 연동 261-23,parcel,10,token:제주시;token:연동;lot:261-23,126.48865505086476,33.48951644487538,1
ast_74207a7495b3,페어필드 메리어트 서울 메자닌 대출,호텔,서울특별시 영등포구 영등포동1가 143-3,,safe,1156010200101430003,서울특별시 영등포구 영등포동1가 143-3,parcel,12,token:서울특별시;token:영등포구;token:영등포동1가;lot:1,126.90927187949978,37.517020485792756,1
ast_95bd0edf061a,라마다서울호텔 담보대출,호텔,서울특별시 강남구 삼성동 112-5,,safe,1168010500101120005,서울특별시 강남구 삼성동 112-5,parcel,12,token:서울특별시;token:강남구;token:삼성동;lot:112-5,127.04533879084565,37.51029535287937,1
ast_86b73cdb75eb,건대몰오브K,리테일,서울특별시 광진구 자양동 9-4,,safe,1121510500100090004,서울특별시 광진구 자양동 9-4,parcel,12,token:서울특별시;token:광진구;token:자양동;lot:9-4,127.06693441423889,37.53978794021508,1
ast_b3db1f189553,센터필드,오피스복합,서울특별시 강남구 역삼동 676,,safe,1168010100106760000,서울특별시 강남구 역삼동 676,parcel,12,token:서울특별시;token:강남구;token:역삼동;lot:676,127.04149148175088,37.50317063957697,1
ast_c930b43436c8,인천 가좌동 오피스텔 선순위 PF대출채권,주거,인천광역시 서구 가좌동 212-8,,safe,2826011200102120008,인천광역시 서구 가좌동 212-8,parcel,12,token:인천광역시;token:서구;token:가좌동;lot:212-8,126.6797861601676,37.49280495692585,1
ast_726cfaffb03f,신영문봉PFV의 대출채권 및 지분증권,데이터센터,경기도 고양시 일산동구 문봉동 16-21 외,,safe,4128511200100160021,경기도 고양시 일산동구 문봉동 16-21,parcel,14,token:경기도;token:고양시;token:일산동구;token:문봉동;lot:16-21,126.83479568950088,37.699487725858745,1
ast_470c38b64eb9,애월 복합관광단지 개발,오피스복합,제주시 애월읍 상가리 17-6 번지 일원,,safe,5011025331100170006,제주특별자치도 제주시 애월읍 상가리 17-6,parcel,12,token:제주시;token:애월읍;token:상가리;lot:17-6,126.3774183215759,33.39946101538295,1
ast_8574787ff3ec,성수 빅트라이앵글B/L(이지스성수PF재구조화 2종 수익증권),오피스,서울특별시 성동구 성수동 268-2번지 외 2필지,,safe,1120011500102680002,서울특별시 성동구 성수동2가 268-2,parcel,12,token:서울특별시;token:성동구;token:성수동;lot:268-2,127.05910603421964,37.54009477675163,1
ast_7b6983c76267,켄싱턴 제주호텔 부동산담보신탁 1종 수익권,호텔,제주특별자치도 서귀포시 색달동 2785 外,,safe,5013011900127850000,제주특별자치도 서귀포시 색달동 2785,parcel,12,token:제주특별자치도;token:서귀포시;token:색달동;lot:2785,126.40791065852947,33.25235523625597,1
ast_eedc59c97695,서울시 영등포 1-3 재정비촉진지구 도시환경정비사업,주거,서울시 영등포구 영등포 7가 29-1번지,,safe,1156010800100290055,영등포동7가 29-55,road,9,token:영등포;token:7가;lot:7,126.9091360426425,37.52294135330984,1
ast_33b7088ae1e9,아레나스영종,물류센터,인천광역시 중구 운북동 1328-1,,safe,2811014800113280001,인천광역시 중구 운북동 1328-1,parcel,12,token:인천광역시;token:중구;token:운북동;lot:1328-1,126.49784675435114,37.510660435064295,1
ast_8645e842633c,오투타워,오피스,서울특별시 영등포구 여의도동 23-6,,safe,1156011000100230006,서울특별시 영등포구 여의도동 23-6,parcel,12,token:서울특별시;token:영등포구;token:여의도동;lot:23-6,126.92345548522046,37.52340143739287,1
ast_1a8c0ab8b13b,SK명동빌딩,오피스복합,서울시 중구 명동1가 59-5외 8필지,,safe,1114012600100590005,서울특별시 중구 명동1가 59-5,parcel,10,token:중구;token:명동1가;lot:1,126.98301979020073,37.564167427261395,1
ast_bec58069f5fb,동탄센터포인트몰,오피스복합,경기도 화성시 반송동 96/96번지,,safe,4159710200100960000,경기도 화성시 동탄구 반송동 96,parcel,12,token:경기도;token:화성시;token:반송동;lot:96,127.06888415853673,37.20497699459012,1
ast_05637427d30e,도지물류센터,물류센터,경기도 이천시 백사면 조읍리 25,,safe,4150032028100250000,경기도 이천시 백사면 조읍리 25,parcel,14,token:경기도;token:이천시;token:백사면;token:조읍리;lot:25,127.4857751995908,37.3152044172958,1
ast_82a02139e4fd,동삭센토피아 지역주택조합 아파트,주거,경기도 평택시 동삭동 342번지 일원,,safe,4122011900103420000,경기도 평택시 동삭동 342,parcel,12,token:경기도;token:평택시;token:동삭동;lot:342,127.09539021720572,37.021030070484024,1
ast_79be067b7ddd,강남구 역삼동 오피스텔 및 근린생활시설 신축사업,오피스복합,"서울시 강남구 역삼동 605-17, 605-27번지",,safe,1168010100106050017,서울특별시 강남구 역삼동 605-17,parcel,10,token:강남구;token:역삼동;lot:605-17,127.03278238403455,37.50669747515126,1
ast_6384991ee54c,잭니클라우스GC 단독주택부지 담보신탁 1순위 우선수익권 담보부대출,주거,인천광역시 연수구 송도동 117-91외,,safe,2818510600101170091,인천광역시 연수구 송도동 117-91,parcel,12,token:인천광역시;token:연수구;token:송도동;lot:117-91,126.62600194072243,37.38037126055611,1
ast_50f5141fc4b8,트레블로지명동시티홀호텔,호텔,서울특별시 중구 세종대로16길 22(북창동 17-1외 2필지),,safe,1114011300100170001,북창동 17-1,road,7,token:북창동;lot:17-1,126.97807849949422,37.563066818669355,1
ast_4c0d7e5f8a03,반포이수화학본사사옥,오피스,서울시 서초구 반포동 112-4 외 8필지,,safe,1165010700101120004,서울특별시 서초구 반포동 112-4,parcel,10,token:서초구;token:반포동;lot:112-4,126.9936790555514,37.498090110115086,1
ast_3b3e44da06d7,"세운 6-3-1,2구역 도시환경정비사업 개발사업 중순위 PF대출채권 및 토지신탁 우선수익권을 기초자산으로 ?",주거,서울시 중구 을지로4가 261-4외,,safe,1114015500102610004,서울특별시 중구 을지로3가 261-4,parcel,8,token:중구;lot:261-4,126.99444662968222,37.56575338451984,1
ast_66c76bd0edbb,파주 운정지구 오피스 개발사업,오피스,경기도 파주시 와동동 1433번지,,safe,4148012200114330000,경기도 파주시 와동동 1433,parcel,12,token:경기도;token:파주시;token:와동동;lot:1433,126.76131089591016,37.727725817920195,1
ast_cc17ca0f4c91,타임테라스동탄,리테일,경기도 화성시 반송동 96/98번지,,safe,4159710200100960000,경기도 화성시 동탄구 반송동 96,parcel,12,token:경기도;token:화성시;token:반송동;lot:96,127.06888415853673,37.20497699459012,1
ast_762c9fa6b134,반포 이수화학 본사 사옥(재간접),오피스,서울시 서초구 반포동 112-4 외 8필지,,safe,1165010700101120004,서울특별시 서초구 반포동 112-4,parcel,10,token:서초구;token:반포동;lot:112-4,126.9936790555514,37.498090110115086,1
ast_afdaf8446aaa,수원 이비스 앰배서더 수원 호텔 후순위 담보대출,호텔,경기도 수원시 팔달구 인계동 1132-12,,safe,4111514100111320012,경기도 수원시 팔달구 인계동 1132-12,parcel,14,token:경기도;token:수원시;token:팔달구;token:인계동;lot:1132-12,127.031348877688,37.25917952464346,1
ast_82cde1ed5a30,잠실새내 오피스텔 신축사업,주거,서울 송파구 잠실동 183-12외 2필지,,safe,1171010100101830012,서울특별시 송파구 잠실동 183-12,parcel,12,token:서울;token:송파구;token:잠실동;lot:183-12,127.08364363851828,37.51092946135449,1
ast_62541f3646a0,"스카이박스1, 스카이박스2",물류센터,인천광역시 서구 오류동 1549-4 외 1필지,,safe,2826011900115490004,인천광역시 서구 오류동 1549-4,parcel,12,token:인천광역시;token:서구;token:오류동;lot:1549-4,126.60312274563114,37.56364700117452,1
ast_fcd940175c17,금강타워3,오피스복합,서울시 강남구 삼성동 154-8 외 1필지,,safe,1168010500101540008,서울특별시 강남구 삼성동 154-8,parcel,10,token:강남구;token:삼성동;lot:154-8,127.05751793807539,37.50988363605038,1
ast_088dd044de37,부산 온천동 복합시설 신축사업,주거,온천동 180-14번지 복합시설 신축공사,,safe,2626010800101800014,부산광역시 동래구 온천동 180-14,parcel,8,token:온천동;lot:180-14,129.08264015867434,35.21806372944341,1
ast_6b047e815c5e,해운대구 재송동 한진 CY부지 공동주택 등 개발사업 선순위 BrLoan 담보대출,주거,부산시 해운대구 재송동 856-1번지 일원,,safe,2635010400108560001,부산광역시 해운대구 재송동 856-1,parcel,10,token:해운대구;token:재송동;lot:856-1,129.11969023933733,35.18718849358266,1
ast_446647af6ed1,세운5구역PFV,오피스,"서울시 중구 산림동 190-3번지 일원 (세운지구 5-1, 5-3구역)",,safe,1114015700101900003,서울특별시 중구 산림동 190-3,parcel,10,token:중구;token:산림동;lot:190-3,126.99578162111413,37.56787068192537,1
ast_769515754a68,피겨앤그라운드,리테일,서울시 강남구 신사동 543,,safe,1168010700105430000,서울특별시 강남구 신사동 543,parcel,10,token:강남구;token:신사동;lot:543,127.02394652981145,37.52018072680848,1
ast_11919c561605,덕평CJ물류센터,물류센터,경기도 이천시 호법면 매곡리 118-2,,safe,4150033025101180002,경기도 이천시 호법면 매곡리 118-2,parcel,14,token:경기도;token:이천시;token:호법면;token:매곡리;lot:118-2,127.37429531445012,37.215039382996665,1
ast_a8ad83130e72,홈플러스 대전문화점,리테일,대전광역시 중구 문화동 1-17,,safe,3014011600100010017,대전광역시 중구 문화동 1-17,parcel,12,token:대전광역시;token:중구;token:문화동;lot:1-17,127.40766314145166,36.32037550223196,1
ast_c9cb9c4a7013,홈플러스 전주완산점,리테일,전라북도 전주시 중노송동 495-6,,safe,5211112000104950006,전북특별자치도 전주시 완산구 중노송동 495-6,parcel,10,token:전주시;token:중노송동;lot:495-6,127.15006986200183,35.82356148283237,1
ast_7cfadd3adb65,타임워크명동,오피스복합,서울특별시 중구 명동1가 59-5외 8필지,,safe,1114012600100590005,서울특별시 중구 명동1가 59-5,parcel,12,token:서울특별시;token:중구;token:명동1가;lot:1,126.98301979020073,37.564167427261395,1
ast_fe11209bb01f,ISF모1-2호(타임워크명동),오피스복합,서울시 중구 명동1가 59-5외 8필지,,safe,1114012600100590005,서울특별시 중구 명동1가 59-5,parcel,10,token:중구;token:명동1가;lot:1,126.98301979020073,37.564167427261395,1
ast_84125d66e5f0,KORNER 136,리테일,"서울시 마포구 서교동 354-1, 3, 22번지",,safe,1144012000103540001,서울특별시 마포구 서교동 354-1,parcel,10,token:마포구;token:서교동;lot:354-1,126.92169792980981,37.55485725406388,1
ast_617613cdf1a8,역삼동 개발사업,오피스,강남구 역삼동 831-19 일원,,safe,1168010100108310019,서울특별시 강남구 역삼동 831-19,parcel,10,token:강남구;token:역삼동;lot:831-19,127.03013246574264,37.49380188191982,1
ast_ea8e897db9a1,OPUS407,오피스복합,서울특별시 서초구 서초동 1318-1,,safe,1165010800113180001,서울특별시 서초구 서초동 1318-1,parcel,12,token:서울특별시;token:서초구;token:서초동;lot:1318-1,127.02659102789255,37.49898627075828,1
ast_c7f4cc2c568d,충북 청주시 서원구 잠두봉근린공원 공동주택 개발사업 PF 대출채권,주거,충청북도 청주시 서원구 수곡동 산22번지 일원,,safe,4311210700200220000,충청북도 청주시 서원구 수곡동 산 22,parcel,14,token:충청북도;token:청주시;token:서원구;token:수곡동;lot:산22,127.48242742292992,36.61410276749384,1
ast_a36fb8af4acf,남산스퀘어,오피스,서울시 중구 퇴계로 173 (충무로3가 60-1),,safe,1114015800100600001,충무로3가 60-1,road,7,token:충무로3가;lot:3,126.99105851133638,37.56182411740767,1
ast_8e5fda3d061a,OPUS459(구. 백암빌딩),오피스복합,서울특별시 서초구 서초동 1303-34,,safe,1165010800113030034,서울특별시 서초구 서초동 1303-34,parcel,12,token:서울특별시;token:서초구;token:서초동;lot:1303-34,127.02442267626417,37.50310216574829,1
ast_d3ff3c41d7cb,하남데이터센터,데이터센터,"경기도 하남시 풍산동 607-2,3",,safe,4145011000106070002,경기도 하남시 풍산동 607-2,parcel,12,token:경기도;token:하남시;token:풍산동;lot:607-2,127.19493447674468,37.551314005595124,1
ast_64855a473d9f,맹그로브 신촌,오피스복합,서울특별시 마포구 노고산동 56-68 외,,safe,1144011000100560068,서울특별시 마포구 노고산동 56-68,parcel,12,token:서울특별시;token:마포구;token:노고산동;lot:56-68,126.93367665942435,37.554071041984244,1
ast_eb73897d66c4,맹그로브 신설,호텔,서울특별시 동대문구 신설동 98-24,,safe,1123010100100980024,서울특별시 동대문구 신설동 98-24,parcel,12,token:서울특별시;token:동대문구;token:신설동;lot:98-24,127.0260636755784,37.57621658685602,1
ast_878300cda6ad,맹그로브 동대문,호텔,서울특별시 중구 광희동2가 238-1,,safe,1114014600102380001,서울특별시 중구 광희동2가 238-1,parcel,12,token:서울특별시;token:중구;token:광희동2가;lot:2,127.00872025495914,37.56413658628468,1
ast_e60d36b43a64,해운대 센텀 한진CY부지 Bridge Loan 선순위 담보대출 투자,주거,부산광역시 해운대구 재송동 856-1,,safe,2635010400108560001,부산광역시 해운대구 재송동 856-1,parcel,12,token:부산광역시;token:해운대구;token:재송동;lot:856-1,129.11969023933733,35.18718849358266,1
ast_e2910b24e5e7,원효로3가 공공지원민간임대주택,주거,서울특별시 용산구 원효로3가 1-159번지 외 3필지,,safe,1117011700100010159,서울특별시 용산구 원효로3가 1-159,parcel,12,token:서울특별시;token:용산구;token:원효로3가;lot:3,126.9570674411126,37.53588955185519,1
ast_cb763ed28220,삼성월드타워아파트,주거,서울특별시 강남구 삼성동 3-1,,safe,1168010500100030001,서울특별시 강남구 삼성동 3-1,parcel,12,token:서울특별시;token:강남구;token:삼성동;lot:3-1,127.04410140086569,37.51741476343287,1
ast_a56330cfa5d8,환성2호태양광발전소,,충청남도 서산시 지곡면 환성리 777-90,,safe,4421034028107770090,충청남도 서산시 지곡면 환성리 777-90,parcel,14,token:충청남도;token:서산시;token:지곡면;token:환성리;lot:777-90,126.42589549755243,36.92157627295215,1
ast_e93b7e7a9f50,환성3호태양광발전소,,충청남도 서산시 지곡면 환성리 777-90,,safe,4421034028107770090,충청남도 서산시 지곡면 환성리 777-90,parcel,14,token:충청남도;token:서산시;token:지곡면;token:환성리;lot:777-90,126.42589549755243,36.92157627295215,1
ast_47c9c0222e55,예지안빛에너지,,"경상북도 의성군 비안면 장춘리 산88, 산89, 산88-2",,safe,4773039048200880000,경상북도 의성군 비안면 장춘리 산 88,parcel,14,token:경상북도;token:의성군;token:비안면;token:장춘리;lot:산88,128.49695230313174,36.30660894806492,1
ast_d4676b749cd2,해누리7호태양광발전소,,경상북도 의성군 장춘리 산88 외2필지,,safe,4773039048200880000,경상북도 의성군 비안면 장춘리 산 88,parcel,14,token:경상북도;token:의성군;token:장춘리;token:산;lot:산88,128.49695230313174,36.30660894806492,1
ast_fc9106a89950,천리에너지2호태양광발전소,,충청북도 충주시 엄정면 율능리 853 외 3필지,,safe,4313042022108530000,충청북도 충주시 엄정면 율능리 853,parcel,14,token:충청북도;token:충주시;token:엄정면;token:율능리;lot:853,127.894080644815,37.07601612247713,1
ast_30ea47766ea3,엠아이에너지태양광발전소,,충청북도 괴산군 감물면 구월리 산31-3,,safe,4376031024200310003,충청북도 괴산군 감물면 구월리 산 31-3,parcel,14,token:충청북도;token:괴산군;token:감물면;token:구월리;lot:산31-3,127.90965014285517,36.85970804828798,1
ast_26e82856c0dc,솔라팜1호,,경상북도 의성군 장춘리 산88 외2필지,,safe,4773039048200880000,경상북도 의성군 비안면 장춘리 산 88,parcel,14,token:경상북도;token:의성군;token:장춘리;token:산;lot:산88,128.49695230313174,36.30660894806492,1
ast_9a719e7b4ca2,솔라팜2호,,경상북도 의성군 장춘리 산88 외2필지,,safe,4773039048200880000,경상북도 의성군 비안면 장춘리 산 88,parcel,14,token:경상북도;token:의성군;token:장춘리;token:산;lot:산88,128.49695230313174,36.30660894806492,1
ast_08feb99d7dd1,맥스에너지금성태양광발전,,경상북도 의성군 금성면 하리 산72,,safe,4773037042200720000,경상북도 의성군 금성면 하리 산 72,parcel,14,token:경상북도;token:의성군;token:금성면;token:하리;lot:산72,128.67309811007348,36.29676667919078,1
ast_a6d6041ea653,제이에스금계태양광발전,,경상북도 상주시 공성면 금계리 662번지,,safe,4725035022106620000,경상북도 상주시 공성면 금계리 662,parcel,14,token:경상북도;token:상주시;token:공성면;token:금계리;lot:662,128.07458313984577,36.29114755443001,1
ast_75abb17c6fb9,지동쏠라에너지태양광발전,,강원도 평창군 평창읍 지동리 320,,safe,5176025030103200000,강원특별자치도 평창군 평창읍 지동리 320,parcel,12,token:평창군;token:평창읍;token:지동리;lot:320,128.46912502750067,37.41911536776705,1
ast_6e21f7f90ac5,일순에너지,,충청남도 금산군 남일면 신정리 122-1,,safe,4471035026101220001,충청남도 금산군 남일면 신정리 122-1,parcel,14,token:충청남도;token:금산군;token:남일면;token:신정리;lot:122-1,127.51871293266593,36.01902870859132,1
ast_782f84536edf,에이스쏠라,,경상북도 영주시 조와동 133,,safe,4721011000101330000,경상북도 영주시 조와동 133,parcel,12,token:경상북도;token:영주시;token:조와동;lot:133,128.64608751316325,36.868787521489,1
ast_ff97a1f2dae8,디앤피영천신기,,경북 영천시 신기동 산 14외,,safe,4723012900200140000,경상북도 영천시 신기동 산 14,parcel,12,token:영천시;token:신기동;token:산;lot:산14,128.95423902896516,36.01520636109517,1
ast_d19640044285,케이앤씨해바라기,,경북 의성군 비안면 옥연리 676-2,,safe,4773039037106760002,경상북도 의성군 비안면 옥연리 676-2,parcel,12,token:의성군;token:비안면;token:옥연리;lot:676-2,128.47247763115195,36.3258252225896,1
ast_3c2f16286fc7,호니파워,,"강원도 삼척시 도계읍 전두리 166,167",,safe,5123025033101660000,강원특별자치도 삼척시 도계읍 전두리 166,parcel,12,token:삼척시;token:도계읍;token:전두리;lot:166,129.03008112488163,37.238375051380906,1
ast_b0af734b18b2,에스디일호,,"강원도 삼척시 도계읍 전두리 166,167, 172",,safe,5123025033101660000,강원특별자치도 삼척시 도계읍 전두리 166,parcel,12,token:삼척시;token:도계읍;token:전두리;lot:166,129.03008112488163,37.238375051380906,1
ast_879736673d32,에스플래닛삼십사호,,"강원도 삼척시 도계읍 전두리 166,167",,safe,5123025033101660000,강원특별자치도 삼척시 도계읍 전두리 166,parcel,12,token:삼척시;token:도계읍;token:전두리;lot:166,129.03008112488163,37.238375051380906,1
ast_f111ae69e480,아인에너지,,강원도 삼척시 도계읍 전두리 172,,safe,5123025033101720000,강원특별자치도 삼척시 도계읍 전두리 172,parcel,12,token:삼척시;token:도계읍;token:전두리;lot:172,129.028550036924,37.23898255091193,1
ast_df3703ad7418,제이피에너지,,경상북도 안동시 임동면 중평리 산 13-11,,safe,4717040021200130011,경상북도 안동시 임동면 중평리 산 13-11,parcel,14,token:경상북도;token:안동시;token:임동면;token:중평리;lot:산13-11,128.92607671189285,36.57573978505418,1
ast_eb5a157872a8,효제아트PFV(주식 및 주주대여),주거,"서울시 종로구 효제동 315-1, 6",,safe,1111016200103150001,서울특별시 종로구 효제동 315-1,parcel,10,token:종로구;token:효제동;lot:315-1,127.00177880816358,37.57195587021886,1
ast_15237c00f653,롯데백화점분당점,오피스복합,경기도 성남시 분당구 수내동 14,,safe,4113510200100140000,경기도 성남시 분당구 수내동 14,parcel,14,token:경기도;token:성남시;token:분당구;token:수내동;lot:14,127.11429440991813,37.378460948234384,1
ast_3d2e2d559411,두산타워(재간접),오피스복합,서울특별시 중구 을지로 6가 18-12 외 1필지,,safe,1114010500100060000,서울특별시 중구 을지로2가 6,parcel,12,token:서울특별시;token:중구;token:을지로;lot:6,126.98354650144432,37.56643652954178,1
ast_92dea7abe14c,신명솔라 태양광발전소,,강원도 횡성군 횡성읍 송전리 34,,safe,5173025026100340000,강원특별자치도 횡성군 횡성읍 송전리 34,parcel,12,token:횡성군;token:횡성읍;token:송전리;lot:34,128.02571221451552,37.533899015498164,1
ast_1aa61ea72a74,성리태양광발전소,,경상남도 합천군 대병면 성리 산 117,,safe,4889045029201170000,경상남도 합천군 대병면 성리 산 117,parcel,14,token:경상남도;token:합천군;token:대병면;token:성리;lot:산117,128.0658260150749,35.52454209453444,1
ast_b934e85074e0,엠아이파워,,경북 청도군 풍각면 월봉리 산 10번지,,safe,4782032042200100000,경상북도 청도군 풍각면 월봉리 산 10,parcel,12,token:청도군;token:풍각면;token:월봉리;lot:산10,128.59726755467267,35.61793267660509,1
ast_562a1580ea14,의령1호,,경상남도 의령군 화정면 상일리 산95,,safe,4872034025200950000,경상남도 의령군 화정면 상일리 산 95,parcel,14,token:경상남도;token:의령군;token:화정면;token:상일리;lot:산95,128.2231954640659,35.26527984485635,1
ast_d7d1561008f1,의령2호,,경상남도 의령군 화정면 상일리 산95,,safe,4872034025200950000,경상남도 의령군 화정면 상일리 산 95,parcel,14,token:경상남도;token:의령군;token:화정면;token:상일리;lot:산95,128.2231954640659,35.26527984485635,1
ast_c2fde5e671a6,의령3호,,경상남도 의령군 화정면 상일리 산95,,safe,4872034025200950000,경상남도 의령군 화정면 상일리 산 95,parcel,14,token:경상남도;token:의령군;token:화정면;token:상일리;lot:산95,128.2231954640659,35.26527984485635,1
ast_f39c0da608b1,나눔과사랑,,충청남도 부여군 임천면 점리 산9-1(45-3),,safe,4476041028200090001,충청남도 부여군 임천면 점리 산 9-1,parcel,14,token:충청남도;token:부여군;token:임천면;token:점리;lot:산9-1,126.90068009698382,36.21768773000352,1
ast_419a8602469e,건화솔라,,경남 의령군 대의면 천곡리 산50,,safe,4872033029200500000,경상남도 의령군 대의면 천곡리 산 50,parcel,12,token:의령군;token:대의면;token:천곡리;lot:산50,128.13145723869047,35.344238550677574,1
ast_d0ca1e8f80e8,임원,,강원도 삼척시 원덕읍 임원리 산255,,safe,5123025322202550000,강원특별자치도 삼척시 원덕읍 임원리 산 255,parcel,12,token:삼척시;token:원덕읍;token:임원리;lot:산255,129.33214794091384,37.251548819731966,1
ast_9b387d397c17,누리,,강원도 삼척시 원덕읍 임원리 산255,,safe,5123025322202550000,강원특별자치도 삼척시 원덕읍 임원리 산 255,parcel,12,token:삼척시;token:원덕읍;token:임원리;lot:산255,129.33214794091384,37.251548819731966,1
ast_211db1826682,평화와번영,,강원도 평창군 평창읍 고길리 86-1,,safe,5176025029100860001,강원특별자치도 평창군 평창읍 고길리 86-1,parcel,12,token:평창군;token:평창읍;token:고길리;lot:86-1,128.45277242087764,37.41427392378483,1
ast_dd450e43e303,디앤피입암리1호,,"경상북도 의성군 옥산면 입암리 28, 29번지",,safe,4773033038100280000,경상북도 의성군 옥산면 입암리 28,parcel,14,token:경상북도;token:의성군;token:옥산면;token:입암리;lot:28,128.8406539744521,36.39581142001096,1
ast_dd6d598a7920,한려,,"경남 남해군 창선면 서대리 산112, 112-1, 112-2",,safe,4884039026201120000,경상남도 남해군 창선면 서대리 산 112,parcel,12,token:남해군;token:창선면;token:서대리;lot:산112,127.99127264158295,34.875471269331904,1
ast_3165eca06342,해담은삼척1호,,"강원도 삼척시 하장면 장전리 138, 139",,safe,5123032025101380000,강원특별자치도 삼척시 하장면 장전리 138,parcel,12,token:삼척시;token:하장면;token:장전리;lot:138,128.91719286203534,37.355564103691506,1
ast_f5dcfbca1b48,디어스 명동,호텔,"서울 중구 남학동 13-2,14-2",,safe,1114014000100130002,서울특별시 중구 남학동 13-2,parcel,12,token:서울;token:중구;token:남학동;lot:13-2,126.99127075109793,37.56079878212885,1
ast_146d3e80165b,"신동해빌딩, NICE2사옥",주거,"서울특별시 영등포구 여의도동 15-3, 15-28",,safe,1156011000100150003,서울특별시 영등포구 여의도동 15-3,parcel,12,token:서울특별시;token:영등포구;token:여의도동;lot:15-3,126.91934137150355,37.52902329914359,1
ast_6447958fda73,티맥스수내타워,오피스,경기도 성남시 분당구 수내동 6-4,,safe,4113510200100060004,경기도 성남시 분당구 수내동 6-4,parcel,14,token:경기도;token:성남시;token:분당구;token:수내동;lot:6-4,127.11676692218455,37.379236820737745,1
ast_d67f522a279c,안성 당목리 물류 개발사업,물류센터,"경기도 안성시
죽산면 당목리
995-46번지 일원",,safe,4155040029109950046,경기도 안성시 죽산면 당목리 995-46,parcel,14,token:경기도;token:안성시;token:죽산면;token:당목리;lot:995-46,127.41577871949829,37.03642856179657,1
ast_7530c5363c92,동산물류센터,물류센터,경기도 이천시 호법면 매곡리 977-5외 6필지,,safe,4150033025109770005,경기도 이천시 호법면 매곡리 977-5,parcel,14,token:경기도;token:이천시;token:호법면;token:매곡리;lot:977-5,127.3754780547796,37.190261278605064,1
ast_ecfb9566d436,부국물류센터,물류센터,경기도 이천시 대월면 도리리 3-2 외 1필지,,safe,4150035029100030002,경기도 이천시 대월면 도리리 3-2,parcel,14,token:경기도;token:이천시;token:대월면;token:도리리;lot:3-2,127.49375551117004,37.21026374014664,1
ast_ccd25e3078c5,에이블로지스물류센터,물류센터,경기도 용인시 처인구 백암면 백봉리 767-13외 1필지,,safe,4146135023107670013,경기도 용인시 처인구 백암면 백봉리 767-13,parcel,14,token:경기도;token:용인시;token:처인구;token:백암면;lot:767-13,127.38908789652714,37.15106097803783,1
ast_91b68c7952e3,청라 오피스텔,주거,"인천광역시 서구
청라동 6-7, 6-8번지",,safe,2826012200100060007,인천광역시 서구 청라동 6-7,parcel,12,token:인천광역시;token:서구;token:청라동;lot:6-7,126.61944453830492,37.55174028672687,1
ast_46fa23347ee4,동대문구 용두동 오피스텔 PF대출채권,주거,서울특별시 동대문구 용두동 144-31번지 일원,,safe,1123010200101440031,서울특별시 동대문구 용두동 144-31,parcel,12,token:서울특별시;token:동대문구;token:용두동;lot:144-31,127.03193198622446,37.57841396970318,1
ast_7b6e6d2a39c2,완장리 물류센터,물류센터,경기도 용인시 처인구 남사읍 완장리 산100번지 일원,,safe,4146125931201000000,경기도 용인시 처인구 남사읍 완장리 산 100,parcel,14,token:경기도;token:용인시;token:처인구;token:남사읍;lot:산100,127.1773942851344,37.178913305279046,1
ast_f8c612d01935,티마크호텔명동,오피스,서울 중구 충무로3가 43,,safe,1114015800100430000,서울특별시 중구 충무로3가 43,parcel,12,token:서울;token:중구;token:충무로3가;lot:3,126.99260561427533,37.56257559089051,1
ast_bf0627d6fee0,네오밸류한남PFV의 제2종 종류주식,오피스복합,서울시 용산구 한남동 736-9 외 2필지,,safe,1117013100107360009,서울특별시 용산구 한남동 736-9,parcel,10,token:용산구;token:한남동;lot:736-9,126.99790977499076,37.53460849521397,1
ast_f3cb5064d76b,네오밸류한남PFV의 제3종 종류주식,오피스복합,서울시 용산구 한남동 736-9 외 2필지,,safe,1117013100107360009,서울특별시 용산구 한남동 736-9,parcel,10,token:용산구;token:한남동;lot:736-9,126.99790977499076,37.53460849521397,1
ast_7a29ef0974d5,이지스354호 수익증권,데이터센터,"경기도 하남시  풍산동 607-2,3",,safe,4145011000106070002,경기도 하남시 풍산동 607-2,parcel,12,token:경기도;token:하남시;token:풍산동;lot:607-2,127.19493447674468,37.551314005595124,1
ast_119638464007,진이엔지,,충청북도 진천군 문백면 평산리 산 54,,safe,4375033025200540000,충청북도 진천군 문백면 평산리 산 54,parcel,14,token:충청북도;token:진천군;token:문백면;token:평산리;lot:산54,127.47746208343568,36.80241101065761,1
ast_7b19a096c506,현대산업쏠라5호,,"경북 의성군 옥산면 입암리 7,9,10",,safe,4773033038100070000,경상북도 의성군 옥산면 입암리 7,parcel,12,token:의성군;token:옥산면;token:입암리;lot:7,128.84314757261672,36.39588168332041,1
ast_71ccb419b102,리에너지,,경북 상주시 사벌국면 용담리 산42-1,,safe,4725032526200420001,경상북도 상주시 사벌국면 용담리 산 42-1,parcel,12,token:상주시;token:사벌국면;token:용담리;lot:산42-1,128.21824615032253,36.48635538133408,1
ast_5ffda8a73763,지우태양광,,"경상남도 산청군 산청읍 내수리 산49-1, 산51-4",,safe,4886025029200490001,경상남도 산청군 산청읍 내수리 산 49-1,parcel,14,token:경상남도;token:산청군;token:산청읍;token:내수리;lot:산49-1,127.91585028140304,35.43341852461886,1
ast_dfe3a3dedda0,에스지,,경기도 연천군 중면 합수리 122,,safe,4180037026101220000,경기도 연천군 중면 합수리 122,parcel,14,token:경기도;token:연천군;token:중면;token:합수리;lot:122,127.05340283562934,38.16781677992576,1
ast_49a86c456d87,케이앤씨벨에포크,,"전라남도 진도군 지산면 와우리 137-3, 140-1",,safe,4690035030101370003,전라남도 진도군 지산면 와우리 137-3,parcel,14,token:전라남도;token:진도군;token:지산면;token:와우리;lot:137-3,126.14578421229645,34.42739692083895,1
ast_62b8dcc42c6b,미션,,경상북도 영주시 조와동 346 일원,,safe,4721011000103460000,경상북도 영주시 조와동 346,parcel,12,token:경상북도;token:영주시;token:조와동;lot:346,128.6261952230854,36.873640365846036,1
ast_cbe24d6ebb07,윈즈에너지,,경상북도 영주시 조와동 346 일원,,safe,4721011000103460000,경상북도 영주시 조와동 346,parcel,12,token:경상북도;token:영주시;token:조와동;lot:346,128.6261952230854,36.873640365846036,1
ast_7672f8ce7f37,이큐에너지,,경상북도 영주시 조와동 346 일원,,safe,4721011000103460000,경상북도 영주시 조와동 346,parcel,12,token:경상북도;token:영주시;token:조와동;lot:346,128.6261952230854,36.873640365846036,1
ast_dd8a51e02785,소망,,"충청남도 서천군 서면 원두리 산79-1, 80",,safe,4477041025200790001,충청남도 서천군 서면 원두리 산 79-1,parcel,14,token:충청남도;token:서천군;token:서면;token:원두리;lot:산79-1,126.58134247557315,36.16880203985384,1
ast_1a611af09927,청수,,"충청남도 서천군 서면 원두리 산79-1, 80",,safe,4477041025200790001,충청남도 서천군 서면 원두리 산 79-1,parcel,14,token:충청남도;token:서천군;token:서면;token:원두리;lot:산79-1,126.58134247557315,36.16880203985384,1
ast_b5b2968544d4,봉산햇빛,,강원도 철원군 갈말읍 동막리 산166,,safe,5178025630201660001,강원특별자치도 철원군 갈말읍 동막리 산 166-1,parcel,8,token:철원군;token:갈말읍;token:동막리,127.31221517260187,38.239442696978195,1
ast_fc066c8daedb,행암에너지일호,,충청남도 천안시 동남구 동면 행암리 401-8 외,,safe,4413137026104010008,충청남도 천안시 동남구 동면 행암리 401-8,parcel,14,token:충청남도;token:천안시;token:동남구;token:동면;lot:401-8,127.34998685109976,36.80979068210651,1
ast_cb14a8027ca3,도원에너지,,경상남도 하동군 양보면 감당리 산85-1,,safe,4885038023200850001,경상남도 하동군 양보면 감당리 산 85-1,parcel,14,token:경상남도;token:하동군;token:양보면;token:감당리;lot:산85-1,127.82953436791024,35.082590588221734,1
ast_401a2a614838,솔빛에너지,,"경상남도 함안군 군북면 장지리 659, 유현리 1365 일원",,safe,4873032030106590000,경상남도 함안군 군북면 장지리 659,parcel,14,token:경상남도;token:함안군;token:군북면;token:장지리;lot:659,128.33550030293006,35.299077011920616,1
ast_7e82a79ae501,에이치엠솔라1,,"강원도 원주시 문막읍 반계리 2255-2, 2255-3",,safe,5113025029122550002,강원특별자치도 원주시 문막읍 반계리 2255-2,parcel,12,token:원주시;token:문막읍;token:반계리;lot:2255-2,127.79869918727447,37.2977863340131,1
ast_b4b61550017e,이에스에이치12,,전남 광양시 광양읍 세풍리 2224,,safe,4623025034122240000,전라남도 광양시 광양읍 세풍리 2224,parcel,12,token:광양시;token:광양읍;token:세풍리;lot:2224,127.59639715501493,34.89661875622599,1
ast_f0b3bee2e7f8,지티씨솔라13호,,"강원도 화천군 사내면 용담리 602, 603, 604, 605",,safe,5179034024106020000,강원특별자치도 화천군 사내면 용담리 602,parcel,12,token:화천군;token:사내면;token:용담리;lot:602,127.53747386662738,38.0836903595802,1
ast_ecbd3dcd5c8a,강구16호,,경북 안동시 길안면 현하리 1115-19,,safe,4717039033111150019,경상북도 안동시 길안면 현하리 1115-19,parcel,12,token:안동시;token:길안면;token:현하리;lot:1115-19,128.84242966640824,36.428576979692075,1
ast_d1b08df14213,외삼1호,,경상북도 봉화군 봉성면 외삼리 793 외,,safe,4792032023107930000,경상북도 봉화군 봉성면 외삼리 793,parcel,14,token:경상북도;token:봉화군;token:봉성면;token:외삼리;lot:793,128.78366983407705,36.889241619576175,1
ast_0db517682813,외삼2호,,경상북도 봉화군 봉성면 외삼리 792 외,,safe,4792032023107920000,경상북도 봉화군 봉성면 외삼리 792,parcel,14,token:경상북도;token:봉화군;token:봉성면;token:외삼리;lot:792,128.78385856206393,36.88894793337303,1
ast_5d805aade4f5,솔라트리1호,,충청북도 제천시 봉양읍 공전리 359-1 외,,safe,4315025034103590001,충청북도 제천시 봉양읍 공전리 359-1,parcel,14,token:충청북도;token:제천시;token:봉양읍;token:공전리;lot:359-1,128.08112671073454,37.10790185786783,1
ast_c22cfc14fece,김송하,,강원도 영월군 상동읍 구래리 194-9번지 외 3필지,,safe,5175025322101940009,강원특별자치도 영월군 상동읍 구래리 194-9,parcel,12,token:영월군;token:상동읍;token:구래리;lot:194-9,128.8106435390379,37.16785201171412,1
ast_eb9fef2fb0a9,에스이피브,,"경기 연천군 중면 합수리 661, 662, 663",,safe,4180037026106610000,경기도 연천군 중면 합수리 661,parcel,14,token:경기;token:연천군;token:중면;token:합수리;lot:661,127.04365929330362,38.137280787663,1
ast_abdd62503393,케이앤씨헤르메스,,"전라북도 남원시 대강면 송대리 3-7, 3-9, 3-13, 3-19, 보절면 괴양리 45-17, 4-19",,safe,5219036026100030007,전북특별자치도 남원시 대강면 송대리 3-7,parcel,12,token:남원시;token:대강면;token:송대리;lot:3-7,127.24201471723168,35.375715961077674,1
ast_57c1d0a7ef1e,모두에너지,,"경주시 강동면 왕신리 산 141-1, 2-1, 2-2, 141-3",,safe,4713037028201410001,경상북도 경주시 강동면 왕신리 산 141-1,parcel,14,token:경주시;token:강동면;token:왕신리;token:산;lot:산141-1,129.3220034184486,35.935716094766505,1
ast_1e2221e5e270,솔라팩토리10호,,"포천시 자작동 595, 596, 709-77 외 7개사 지붕",,safe,4165010300105950000,경기도 포천시 자작동 595,parcel,10,token:포천시;token:자작동;lot:595,127.16457033371015,37.872222510878956,1
ast_97b4c5674171,알이씨에너지,,"경기도 가평군 설악면 천안리 21-2, 21, 19-1, 19-10, 19-11",,safe,4182031034100210002,경기도 가평군 설악면 천안리 21-2,parcel,14,token:경기도;token:가평군;token:설악면;token:천안리;lot:21-2,127.49247113709464,37.630987065072574,1
ast_fcf7c1ac3c6e,알이엔네트웍스,,경기도 가평군 설악면 천안리 14-1 외,,safe,4182031034100140001,경기도 가평군 설악면 천안리 14-1,parcel,14,token:경기도;token:가평군;token:설악면;token:천안리;lot:14-1,127.48993999591622,37.63228789143137,1
ast_5a8751925824,비케이솔라,,충북 진천군 문백면 계산리 359-1,,safe,4375033026103590001,충청북도 진천군 문백면 계산리 359-1,parcel,12,token:진천군;token:문백면;token:계산리;lot:359-1,127.40032069640179,36.79033656758517,1
ast_fa5c29f90c9f,와이알에너지,,충북 진천군 문백면 계산리 359-1,,safe,4375033026103590001,충청북도 진천군 문백면 계산리 359-1,parcel,12,token:진천군;token:문백면;token:계산리;lot:359-1,127.40032069640179,36.79033656758517,1
ast_71e2c09c8e7e,유현그린,,충북 진천군 문백면 계산리 359-1,,safe,4375033026103590001,충청북도 진천군 문백면 계산리 359-1,parcel,12,token:진천군;token:문백면;token:계산리;lot:359-1,127.40032069640179,36.79033656758517,1
ast_77ede44aa23a,케이앤씨그린북,,"충남 논산시 은진면 용산리 296, 299-5",,safe,4423041025102960000,충청남도 논산시 은진면 용산리 296,parcel,12,token:논산시;token:은진면;token:용산리;lot:296,127.1203903784596,36.15818784836582,1
ast_60fde6988245,디앤피상주,,"경북 상주시 화동면 어산리 524-1, 524-9",,safe,4725040024105240001,경상북도 상주시 화동면 어산리 524-1,parcel,12,token:상주시;token:화동면;token:어산리;lot:524-1,128.00369432608866,36.39561220550246,1
ast_af81a8c4e0a3,적화솔라,,충남 부여군 장암면 지토리 산26번지,,safe,4476042028200260000,충청남도 부여군 장암면 지토리 산 26,parcel,12,token:부여군;token:장암면;token:지토리;lot:산26,126.921282150808,36.212017199702274,1
ast_ebcbfb2a0ea5,솔라시너지햇빛1호,,충청남도 보령시 천북면 신죽리 645-11,,safe,4418033028106450011,충청남도 보령시 천북면 신죽리 645-11,parcel,14,token:충청남도;token:보령시;token:천북면;token:신죽리;lot:645-11,126.57882930609293,36.486638152944664,1
ast_4a41b5cdfb00,이인메가태양광,,"충남 공주시 이인면 오룡리 산 2-32, 264, 265, 406-2, 219-2, 262-1, 262-2, 406-3",,safe,4415031023200020032,충청남도 공주시 이인면 오룡리 산 2-32,parcel,12,token:공주시;token:이인면;token:오룡리;lot:산2-32,127.07430830981123,36.41454248340855,1
ast_09cbe4380781,솔라팩토리19호,,"충북 충주시 대소원면 완오리 1165, 1166, 1167(건물 위), 충주시 대소원면 완오리 1155(건물위), 충주시 대소원면 영평리 840 (건물 위)",,safe,4313033530111650000,충청북도 충주시 대소원면 완오리 1165,parcel,12,token:충주시;token:대소원면;token:완오리;lot:1165,127.8372973549448,36.99839515342012,1
ast_b03e4a6447f9,후너스빌딩,오피스,경기도 성남시 분당구 수내동 22-2,,safe,4113510200100220002,경기도 성남시 분당구 수내동 22-2,parcel,14,token:경기도;token:성남시;token:분당구;token:수내동;lot:22-2,127.11107863630905,37.37710969977037,1
ast_6ce950493e21,롯데마트대덕점,리테일,대전광역시 유성구 관평동 887,,safe,3020014600108870000,대전광역시 유성구 관평동 887,parcel,12,token:대전광역시;token:유성구;token:관평동;lot:887,127.38679409990091,36.4268313744394,1
ast_9a12d0c2189f,영보빌딩1,오피스,"서울시 강남구 삼성동 168-1, 168-2",,safe,1168010500101680001,서울특별시 강남구 삼성동 168-1,parcel,10,token:강남구;token:삼성동;lot:168-1,127.06297270848482,37.51036829959628,1
ast_d5c833a503e2,영보빌딩2,오피스,서울시 강남구 삼성동 168-20,,safe,1168010500101680020,서울특별시 강남구 삼성동 168-20,parcel,10,token:강남구;token:삼성동;lot:168-20,127.06340117283045,37.51019762637186,1
ast_03f61e21a973,여주 본두리 물류센터,물류센터,경기도 여주시 가남읍 본두리 18-3,,safe,4167025032100180003,경기도 여주시 가남읍 본두리 18-3,parcel,14,token:경기도;token:여주시;token:가남읍;token:본두리;lot:18-3,127.58958046476516,37.24959289106097,1
ast_6c274653ed0b,고양삼송데이터센터,데이터센터,경기도 고양시 덕양구 오금동 690,,safe,4128111000106900000,경기도 고양시 덕양구 오금동 690,parcel,14,token:경기도;token:고양시;token:덕양구;token:오금동;lot:690,126.92121790170717,37.665509018851424,1
ast_2ab8e79a6c7d,효제동 오피스텔 사업부지,주거,서울특별시 종로구 효제동 24-3 외 26필지,,safe,1111016200100240003,서울특별시 종로구 효제동 24-3,parcel,12,token:서울특별시;token:종로구;token:효제동;lot:24-3,127.00168517366313,37.574479157984115,1
ast_4ed0982904a0,구리 수택동 오피스텔 사업부지,주거,경기도 구리시 수택동 370 외 4필지,,safe,4131010500103700000,경기도 구리시 수택동 370,parcel,12,token:경기도;token:구리시;token:수택동;lot:370,127.13623113013615,37.600259964131766,1
ast_37199617fe59,울산KTX역 오피스텔 사업부지,주거,울산광역시 울주군 삼남읍 교동리 1682-1번지,,safe,3171026521116820001,울산광역시 울주군 삼남읍 교동리 1682-1,parcel,14,token:울산광역시;token:울주군;token:삼남읍;token:교동리;lot:1682-1,129.13541419016929,35.55447636834116,1
ast_559d02c0218e,인천가좌동데이터센터,데이터센터,인천광역시 서구 가좌동 585-49,,safe,2826011200105850049,인천광역시 서구 가좌동 585-49,parcel,12,token:인천광역시;token:서구;token:가좌동;lot:585-49,126.66631999100991,37.48662294278081,1
ast_7a24bbf34ad5,화성 석포리 물류센터,물류센터,경기도 화성시 장안면 석포리 147-12,,safe,4159135022101470012,경기도 화성시 만세구 장안면 석포리 147-12,parcel,14,token:경기도;token:화성시;token:장안면;token:석포리;lot:147-12,126.83595694712692,37.120873065799486,1
ast_586b7ab8eae7,웨스트게이트타워 선순위 담보대출,오피스,서울특별시 서대문구 충정로70,,safe,1141010100100700000,서울특별시 서대문구 충정로2가 70,parcel,10,token:서울특별시;token:서대문구;lot:70,126.96373048763766,37.565230441944095,1
ast_55e5920ab1cd,당산 지식산업센터 개발사업 PF대출,,서울특별시 영등포구 당산동5가 9-9번지 일원,,safe,1156011500100090009,서울특별시 영등포구 당산동5가 9-9,parcel,12,token:서울특별시;token:영등포구;token:당산동5가;lot:5,126.8987185844976,37.53442357937764,1
ast_05fbe6b353fb,여의도 유수홀딩스부지 오피스텔 개발사업 PF대출,,서울특별시 영등포구 여의도동 25-11,,safe,1156011000100250011,서울특별시 영등포구 여의도동 25-11,parcel,12,token:서울특별시;token:영등포구;token:여의도동;lot:25-11,126.92543189432101,37.52352964324636,1
ast_9ecfbd60d856,펨코제17호기업구조조정부동산투자회사의 주식,오피스복합,서울특별시 구로구 경인로 662(신도림동 692),,safe,1153010100106920000,신도림동 692,road,7,token:신도림동;lot:692,126.8882062279938,37.50813449853483,1
ast_a98062ccc3a8,서울시티타워,오피스,서울특별시 중구 후암로 110(남대문로5가),,safe,1114011800105810000,남대문로5가 581,road,7,token:남대문로5가;lot:5,126.97405691059154,37.55431925535258,1
ast_a9ed8293cd98,안성홈플러스물류센터,물류센터,경기도 안성시 원곡면 칠곡리 941번지,,safe,4155038022109410000,경기도 안성시 원곡면 칠곡리 941,parcel,14,token:경기도;token:안성시;token:원곡면;token:칠곡리;lot:941,127.16739772363374,37.0487099308822,1
ast_59d30ecfb664,인천석남물류센터,물류센터,인천시 서구 석남동 224-8번지 일원,,safe,2826011000102240008,인천광역시 서구 석남동 224-8,parcel,10,token:서구;token:석남동;lot:224-8,126.66341987433077,37.50806729813526,1
ast_a90871f38856,안산 초지동 데이터센터,데이터센터,경기도 안산시 초지동 624-3,,safe,4127310700106240003,경기도 안산시 단원구 초지동 624-3,parcel,12,token:경기도;token:안산시;token:초지동;lot:624-3,126.80134009752774,37.30366558671015,1
ast_0bab0f479396,김포DC 개발사업,데이터센터,경기도 김포시 장기동 2008-6,,safe,4157010400120080006,경기도 김포시 장기동 2008-6,parcel,12,token:경기도;token:김포시;token:장기동;lot:2008-6,126.68505327778573,37.6410154540659,1
ast_a8d37cc1f751,펨코제17호기업구조조정부동산투자회사의 주식,오피스복합,서울특별시 구로구 경인로 662(신도림동 692),,safe,1153010100106920000,신도림동 692,road,7,token:신도림동;lot:692,126.8882062279938,37.50813449853483,1
ast_7dbf61112b72,서울시티타워,오피스,서울특별시 중구 후암로 110(남대문로5가),,safe,1114011800105810000,남대문로5가 581,road,7,token:남대문로5가;lot:5,126.97405691059154,37.55431925535258,1
ast_b67c10418036,우덕빌딩,오피스,서울특별시 강남구 역삼동 832-2,,safe,1168010100108320002,서울특별시 강남구 역삼동 832-2,parcel,12,token:서울특별시;token:강남구;token:역삼동;lot:832-2,127.03065932084635,37.492691450895755,1
ast_fd6bb3b0a59c,영등포역 오피스텔 개발사업,주거,서울특별시 영등포구 영등포동1가 143-3,,safe,1156010200101430003,서울특별시 영등포구 영등포동1가 143-3,parcel,12,token:서울특별시;token:영등포구;token:영등포동1가;lot:1,126.90927187949978,37.517020485792756,1
ast_7de62416869e,롯데마트(대전대덕),리테일,대전시 유성구 관평동 887,,safe,3020014600108870000,대전광역시 유성구 관평동 887,parcel,10,token:유성구;token:관평동;lot:887,127.38679409990091,36.4268313744394,1
ast_97346b281c40,롯데마트(제주),리테일,제주시 노형동 708,,safe,5011012200107080000,제주특별자치도 제주시 노형동 708,parcel,10,token:제주시;token:노형동;lot:708,126.48140491293728,33.48246855399216,1
ast_f634fefd3182,롯데팩토리아울렛(인천),리테일,인천시 중구 항동7가 76-2,,safe,2811011800100760002,인천광역시 중구 항동7가 76-2,parcel,10,token:중구;token:항동7가;lot:7,126.6221947437956,37.44801390688702,1
ast_30a89c098710,씨티플라자,오피스,서울특별시 영등포구 여의도동 여의도동 25,,safe,1156011000100250000,서울특별시 영등포구 여의도동 25,parcel,14,token:서울특별시;token:영등포구;token:여의도동;token:여의도동;lot:25,126.92602374592425,37.524077371873496,1
ast_28ca5c846449,롯데마트(포항),리테일,경상북도 포항시 남구 지곡동 481-1,,safe,4711111500104810001,경상북도 포항시 남구 지곡동 481-1,parcel,14,token:경상북도;token:포항시;token:남구;token:지곡동;lot:481-1,129.32469995560982,36.02757681525665,1
ast_ed3ecf35259b,수서 역세권B1-3BL B/L(이지스수서PF재구조화 2종 수익증권),주거,서울특별시 강남구 자곡동 198 (수서역세권 공공주택지구 B1-3BL),,safe,1168011200101980000,서울특별시 강남구 자곡동 198,parcel,12,token:서울특별시;token:강남구;token:자곡동;lot:198,127.10611587399231,37.48088795098583,1
ast_7cf20a80bc30,쌈지길,리테일,"서울특별시 종로구 관훈동 38, 44",,safe,1111012800100380000,서울특별시 종로구 관훈동 38,parcel,12,token:서울특별시;token:종로구;token:관훈동;lot:38,126.98489738114375,37.57426475963893,1
ast_91c206cb4478,위례Senior Living 개발사업,주거,서울시 송파구 거여동 573-1 일원,,safe,1171011300105730001,서울특별시 송파구 거여동 573-1,parcel,10,token:송파구;token:거여동;lot:573-1,127.15534808977841,37.49096846138515,1
ast_58653579359f,경산 쿠팡물류센터,물류센터,경상북도 경산시 진량읍 문천리 903번지 (경산4일반산업단지내지원시설부지),,safe,4729025330109030000,경상북도 경산시 진량읍 문천리 903,parcel,14,token:경상북도;token:경산시;token:진량읍;token:문천리;lot:903,128.84141065704432,35.87370587200543,1
ast_5eb6a1cf88bd,서울 서초구 반포동 64-1번지 일원 개발사업장 브릿지,주거,서울 서초구 반포동 64-1번지 일원,,safe,1165010700100640001,서울특별시 서초구 반포동 64-1,parcel,12,token:서울;token:서초구;token:반포동;lot:64-1,127.00169879220564,37.5007955335506,1
ast_e1569e444936,안성홈플러스물류센터,물류센터,경기도 안성시 원곡면 칠곡리 941번지,,safe,4155038022109410000,경기도 안성시 원곡면 칠곡리 941,parcel,14,token:경기도;token:안성시;token:원곡면;token:칠곡리;lot:941,127.16739772363374,37.0487099308822,1
ast_a0c153e36050,서영빌딩,오피스,경기도 성남시 분당구 수내동 6-3,,safe,4113510200100060003,경기도 성남시 분당구 수내동 6-3,parcel,14,token:경기도;token:성남시;token:분당구;token:수내동;lot:6-3,127.11702712907129,37.37942352789002,1
ast_47df51a6036d,호수빌딩,오피스,대구광역시 중구 동인동2가 50-3,,safe,2711010200100500003,대구광역시 중구 동인동2가 50-3,parcel,12,token:대구광역시;token:중구;token:동인동2가;lot:2,128.60120426938542,35.86922954976167,1
ast_d7cf5a8a230f,유림빌딩,리테일,서울특별시 마포구 동교동 165-4,,safe,1144012100101650004,서울특별시 마포구 동교동 165-4,parcel,12,token:서울특별시;token:마포구;token:동교동;lot:165-4,126.92408516212947,37.55651208566914,1
ast_8964bf5b27c4,NC백화점(야탑),리테일,경기도 성남시 분당구 야탑동 356,,safe,4113510700103560000,경기도 성남시 분당구 야탑동 356,parcel,14,token:경기도;token:성남시;token:분당구;token:야탑동;lot:356,127.12745913841377,37.41089585149441,1
ast_585e399aa10a,뉴코아아울렛(평촌),리테일,경기도 안양시 동안구 호계동 1039-3,,safe,4117310400110390003,경기도 안양시 동안구 호계동 1039-3,parcel,14,token:경기도;token:안양시;token:동안구;token:호계동;lot:1039-3,126.95123648788098,37.38926371192653,1
ast_366f9df25803,뉴코아아울렛(일산),리테일,경기도 고양시 일산동구 마두동 797,,safe,4128510500107970000,경기도 고양시 일산동구 마두동 797,parcel,14,token:경기도;token:고양시;token:일산동구;token:마두동;lot:797,126.7770780062971,37.65482433705132,1
ast_bc6a604e91d6,평촌G스퀘어,오피스복합,경기도 안양시 동안구 호계동 1039 외 2필지,,safe,4117310400110390000,경기도 안양시 동안구 호계동 1039,parcel,14,token:경기도;token:안양시;token:동안구;token:호계동;lot:1039,126.9506318628633,37.390291646150864,1
ast_e58f637f20d9,신도림핀포인트,오피스,서울특별시 구로구 신도림동 337,,safe,1153010100103370000,서울특별시 구로구 신도림동 337,parcel,12,token:서울특별시;token:구로구;token:신도림동;lot:337,126.88775265410224,37.50941868611462,1
ast_c4abd15d239e,용산전자상가 특별계획구역8 B/L (이지스용산PF재구조화1호 2종 수익증권),,서울특별시 용산구 한강로2가 15-2,,safe,1117012500100150002,서울특별시 용산구 한강로2가 15-2,parcel,12,token:서울특별시;token:용산구;token:한강로2가;lot:2,126.96567150810358,37.533912596241706,1
ast_31591298f257,안성산하3지구물류센터개발사업,,경기도 안성시 원곡면 산하리500번지 외 168필지,,safe,4155038024105000000,경기도 안성시 원곡면 산하리 500,parcel,12,token:경기도;token:안성시;token:원곡면;lot:500,127.12752394453037,37.07609917278354,1
ast_124d02c64658,은평 시니어리빙 복합시설 개발,오피스복합,서울특별시 은평구 진관동 160 번지 일원,,safe,1138011400101600000,서울특별시 은평구 진관동 160,parcel,12,token:서울특별시;token:은평구;token:진관동;lot:160,126.93059220485284,37.62960668968559,1
ast_6d43f949aadc,가산 임대형기숙사개발사업,주거,서울시 금천구 가산동 319-18,,safe,1154510100103190018,서울특별시 금천구 가산동 319-18,parcel,10,token:금천구;token:가산동;lot:319-18,126.88580130232825,37.469525382965315,1
ast_223406583df1,The-K호텔서울 부지 재개발사업,오피스복합,서울시 서초구 양재동 202외 3 필지,,safe,1165010200102020000,서울특별시 서초구 양재동 202,parcel,10,token:서초구;token:양재동;lot:202,127.03266601231705,37.46672648547049,1
ast_91e7a3c81910,포천정교리물류센터,물류센터,경기도 포천시 가산면 정교리 272-1번지 외 12필지,,safe,4165033025102720001,경기도 포천시 가산면 정교리 272-1,parcel,14,token:경기도;token:포천시;token:가산면;token:정교리;lot:272-1,127.1818132159945,37.811634408016545,1
ast_930b2bd97924,공동주택,주거,부산시 해운대 중동 256-5번지 일원,,safe,2635010600102560005,부산광역시 해운대구 중동 256-5,parcel,10,token:해운대;token:중동;lot:256-5,129.17235662182054,35.16954320981566,1
ast_ff8814218ffe,부천카스퀘어담보대출,특별자산,"경기도 부천시 오정구 삼정동 366-1, 366-10 토지 및 건물 전체 *366-1번지 일부",,safe,4119610700103660001,경기도 부천시 오정구 삼정동 366-1,parcel,14,token:경기도;token:부천시;token:오정구;token:삼정동;lot:366-1,126.76166078816411,37.52308684318345,1
ast_cc2317cd4c2a,인천석남물류센터,물류센터,인천시 서구 석남동 224-8번지 일원,,safe,2826011000102240008,인천광역시 서구 석남동 224-8,parcel,10,token:서구;token:석남동;lot:224-8,126.66341987433077,37.50806729813526,1
ast_512881449c97,안산 초지동 데이터센터,데이터센터,경기도 안산시 초지동 624-3,,safe,4127310700106240003,경기도 안산시 단원구 초지동 624-3,parcel,12,token:경기도;token:안산시;token:초지동;lot:624-3,126.80134009752774,37.30366558671015,1
ast_f5db0e416467,인천석남물류센터,물류센터,인천시 서구 석남동 224-8번지 일원,,safe,2826011000102240008,인천광역시 서구 석남동 224-8,parcel,10,token:서구;token:석남동;lot:224-8,126.66341987433077,37.50806729813526,1
ast_6d6422bca00c,두동 LG전자 통합물류센터,물류센터,경상남도 창원시 진해구 두동 1875,,safe,4812916100118750000,경상남도 창원시 진해구 두동 1875,parcel,14,token:경상남도;token:창원시;token:진해구;token:두동;lot:1875,128.8023462379993,35.11985113866744,1
ast_d92e2b93a0fd,대전 둔산파이낸스빌딩,오피스,대전광역시 서구 둔산동 1413,,safe,3017011200114130000,대전광역시 서구 둔산동 1413,parcel,12,token:대전광역시;token:서구;token:둔산동;lot:1413,127.38712608586172,36.35101009308151,1
ast_e658d751f1bd,판교 테크원타워,오피스,경기도 성남시 분당구 백현동 534,,safe,4113511000105340000,경기도 성남시 분당구 백현동 534,parcel,14,token:경기도;token:성남시;token:분당구;token:백현동;lot:534,127.1121297523635,37.395459700746066,1
ast_71252a1db077,수서 역세권B1-3BL B/L(이지스수서PF재구조화 2종 수익증권),주거,서울특별시 강남구 자곡동 198 (수서역세권 공공주택지구 B1-3BL),,safe,1168011200101980000,서울특별시 강남구 자곡동 198,parcel,12,token:서울특별시;token:강남구;token:자곡동;lot:198,127.10611587399231,37.48088795098583,1
ast_1e6db3434a24,위례Senior Living 개발사업,주거,서울시 송파구 거여동 573-1 일원,,safe,1171011300105730001,서울특별시 송파구 거여동 573-1,parcel,10,token:송파구;token:거여동;lot:573-1,127.15534808977841,37.49096846138515,1
ast_2fd5f7d4daa1,경산 쿠팡물류센터,물류센터,경상북도 경산시 진량읍 문천리 903번지 (경산4일반산업단지내지원시설부지),,safe,4729025330109030000,경상북도 경산시 진량읍 문천리 903,parcel,14,token:경상북도;token:경산시;token:진량읍;token:문천리;lot:903,128.84141065704432,35.87370587200543,1
ast_90c2fcf7c1e0,용산전자상가 특별계획구역8 B/L (이지스용산PF재구조화1호 2종 수익증권),,서울특별시 용산구 한강로2가 15-2,,safe,1117012500100150002,서울특별시 용산구 한강로2가 15-2,parcel,12,token:서울특별시;token:용산구;token:한강로2가;lot:2,126.96567150810358,37.533912596241706,1
ast_004573bcb481,안성산하3지구물류센터개발사업,,경기도 안성시 원곡면 산하리500번지 외 168필지,,safe,4155038024105000000,경기도 안성시 원곡면 산하리 500,parcel,12,token:경기도;token:안성시;token:원곡면;lot:500,127.12752394453037,37.07609917278354,1
ast_13b334c7bf6b,은평 시니어리빙 복합시설 개발,오피스복합,서울특별시 은평구 진관동 160 번지 일원,,safe,1138011400101600000,서울특별시 은평구 진관동 160,parcel,12,token:서울특별시;token:은평구;token:진관동;lot:160,126.93059220485284,37.62960668968559,1
ast_37df20b9e30d,가산 임대형기숙사개발사업,주거,서울시 금천구 가산동 319-18,,safe,1154510100103190018,서울특별시 금천구 가산동 319-18,parcel,10,token:금천구;token:가산동;lot:319-18,126.88580130232825,37.469525382965315,1
ast_475081c32f39,The-K호텔서울 부지 재개발사업,오피스복합,서울시 서초구 양재동 202외 3 필지,,safe,1165010200102020000,서울특별시 서초구 양재동 202,parcel,10,token:서초구;token:양재동;lot:202,127.03266601231705,37.46672648547049,1
ast_deef81e70ae6,포천정교리물류센터,물류센터,경기도 포천시 가산면 정교리 272-1번지 외 12필지,,safe,4165033025102720001,경기도 포천시 가산면 정교리 272-1,parcel,14,token:경기도;token:포천시;token:가산면;token:정교리;lot:272-1,127.1818132159945,37.811634408016545,1
ast_7b9ae18fb951,명지녹산데이터센터개발사업,데이터센터,부산광역시 강서구 송정동 1711-4번지 외 4필지,,safe,2644010900117110004,부산광역시 강서구 송정동 1711-4,parcel,12,token:부산광역시;token:강서구;token:송정동;lot:1711-4,128.84124204723014,35.085979295842876,1
ast_35c0d3505765,동산물류센터,물류센터,경기도 이천시 호법면 매곡리 977-5외 6필지,,safe,4150033025109770005,경기도 이천시 호법면 매곡리 977-5,parcel,14,token:경기도;token:이천시;token:호법면;token:매곡리;lot:977-5,127.3754780547796,37.190261278605064,1
ast_b5ddd770a044,명지녹산데이터센터개발사업,데이터센터,부산광역시 강서구 송정동 1711-4번지 외 4필지,,safe,2644010900117110004,부산광역시 강서구 송정동 1711-4,parcel,12,token:부산광역시;token:강서구;token:송정동;lot:1711-4,128.84124204723014,35.085979295842876,1
ast_77c2451f5139,동삭센토피아 지역주택조합 아파트,주거,경기도 평택시 동삭동 342번지 일원,,safe,4122011900103420000,경기도 평택시 동삭동 342,parcel,12,token:경기도;token:평택시;token:동삭동;lot:342,127.09539021720572,37.021030070484024,1
ast_024953888c95,판교 테크원타워,오피스,경기도 성남시 분당구 백현동 534,,safe,4113511000105340000,경기도 성남시 분당구 백현동 534,parcel,14,token:경기도;token:성남시;token:분당구;token:백현동;lot:534,127.1121297523635,37.395459700746066,1
ast_b3cbbcaf74d0,종로구 시니어주택 리모델링,주거,서울시 종로구 평창동 153-3,,safe,1111018300101530003,서울특별시 종로구 평창동 153-3,parcel,10,token:종로구;token:평창동;lot:153-3,126.97079019415543,37.60726793713343,1
ast_bd9afab36d26,이지스일반사모부동산투자신탁제439호,데이터센터,경기도 고양시 덕양구 오금동 690번지,,safe,4128111000106900000,경기도 고양시 덕양구 오금동 690,parcel,14,token:경기도;token:고양시;token:덕양구;token:오금동;lot:690,126.92121790170717,37.665509018851424,1
ast_d4a56bde92c8,순화타워,오피스,서울특별시 중구 순화동 66,,safe,1114016800100660000,서울특별시 중구 순화동 66,parcel,12,token:서울특별시;token:중구;token:순화동;lot:66,126.97225946107426,37.561074309120116,1
ast_e43315f52192,업스퀘어,오피스복합,울산광역시 남구 삼산동 1569-1,,safe,3114010600115690001,울산광역시 남구 삼산동 1569-1,parcel,12,token:울산광역시;token:남구;token:삼산동;lot:1569-1,129.33882876632254,35.541962694418544,1
ast_dc0316795e8e,트레블로지명동시티홀호텔,호텔,서울특별시 중구 세종대로16길 22(북창동 17-1외 2필지),,safe,1114011300100170001,북창동 17-1,road,7,token:북창동;lot:17-1,126.97807849949422,37.563066818669355,1
ast_0e748b87e46f,반포이수화학본사사옥,오피스,서울시 서초구 반포동 112-4 외 8필지,,safe,1165010700101120004,서울특별시 서초구 반포동 112-4,parcel,10,token:서초구;token:반포동;lot:112-4,126.9936790555514,37.498090110115086,1
ast_5ed13d6feb57,타임테라스동탄,리테일,경기도 화성시 반송동 96/98번지,,safe,4159710200100960000,경기도 화성시 동탄구 반송동 96,parcel,12,token:경기도;token:화성시;token:반송동;lot:96,127.06888415853673,37.20497699459012,1
ast_b94e03e88d51,에이블로지스물류센터,물류센터,경기도 용인시 처인구 백암면 백봉리 767-13외 1필지,,safe,4146135023107670013,경기도 용인시 처인구 백암면 백봉리 767-13,parcel,14,token:경기도;token:용인시;token:처인구;token:백암면;lot:767-13,127.38908789652714,37.15106097803783,1
ast_7a55d14dbec0,롯데마트대덕점,리테일,대전광역시 유성구 관평동 887,,safe,3020014600108870000,대전광역시 유성구 관평동 887,parcel,12,token:대전광역시;token:유성구;token:관평동;lot:887,127.38679409990091,36.4268313744394,1
ast_e4475dc34369,을지로부림빌딩,오피스,서울특별시 중구 을지로1가 71-9번지,,safe,1114010400100710009,서울특별시 중구 을지로1가 71-9,parcel,12,token:서울특별시;token:중구;token:을지로1가;lot:1,126.98014049302466,37.56652357487495,1
ast_2544de51ae5f,디앤피영천신기,,경북 영천시 신기동 산 14외,,safe,4723012900200140000,경상북도 영천시 신기동 산 14,parcel,12,token:영천시;token:신기동;token:산;lot:산14,128.95423902896516,36.01520636109517,1
ast_2235d1489ae1,부천카스퀘어,특별자산,"경기도 부천시 오정구 삼정동 366-1, 366-10 토지 및 건물 전체 *366-1번지 일부",,safe,4119610700103660001,경기도 부천시 오정구 삼정동 366-1,parcel,14,token:경기도;token:부천시;token:오정구;token:삼정동;lot:366-1,126.76166078816411,37.52308684318345,1
ast_60152580f0fe,의령1호,,경상남도 의령군 화정면 상일리 산95,,safe,4872034025200950000,경상남도 의령군 화정면 상일리 산 95,parcel,14,token:경상남도;token:의령군;token:화정면;token:상일리;lot:산95,128.2231954640659,35.26527984485635,1
ast_60101a85f070,공동주택,주거,부산시 해운대 중동 256-5번지 일원,,safe,2635010600102560005,부산광역시 해운대구 중동 256-5,parcel,10,token:해운대;token:중동;lot:256-5,129.17235662182054,35.16954320981566,1
ast_60cc7b32c8c0,에이스쏠라,,경상북도 영주시 조와동 133,,safe,4721011000101330000,경상북도 영주시 조와동 133,parcel,12,token:경상북도;token:영주시;token:조와동;lot:133,128.64608751316325,36.868787521489,1
ast_51a8d2035467,성수 빅트라이앵글B/L(이지스성수PF재구조화 2종 수익증권),오피스,서울특별시 성동구 성수동 268-2번지 외 2필지,,safe,1120011500102680002,서울특별시 성동구 성수동2가 268-2,parcel,12,token:서울특별시;token:성동구;token:성수동;lot:268-2,127.05910603421964,37.54009477675163,1
ast_b04e9cb1a044,세운5구역 개발사업,오피스,"서울시 중구 산림동 190-3번지 일원 (세운지구 5-1, 5-3구역)",,safe,1114015700101900003,서울특별시 중구 산림동 190-3,parcel,10,token:중구;token:산림동;lot:190-3,126.99578162111413,37.56787068192537,1
ast_e10a51769654,안녕인사동,오피스복합,서울특별시 종로구 관훈동 155-2 외 4필지,,safe,1111012800101550002,서울특별시 종로구 관훈동 155-2,parcel,12,token:서울특별시;token:종로구;token:관훈동;lot:155-2,126.98379205533436,37.574560943003,1
ast_a6bdd852cbf7,부천소사 공동주택,주거,경기도 부천시 소사본동 134,,safe,4119410100101340000,경기도 부천시 소사구 소사본동 134,parcel,12,token:경기도;token:부천시;token:소사본동;lot:134,126.80121046564336,37.478991287811205,1
ast_dfa1348ddd15,효제동 오피스텔 개발사업,주거,"서울특별시 종로구 효제동 315-1, 315-6",,safe,1111016200103150001,서울특별시 종로구 효제동 315-1,parcel,12,token:서울특별시;token:종로구;token:효제동;lot:315-1,127.00177880816358,37.57195587021886,1
ast_43a233492c49,신라모노그램 강릉 복합숙박시설,호텔,강원도 강릉시 송정동 259 일원,,safe,5115011400102590000,강원특별자치도 강릉시 송정동 259,parcel,10,token:강릉시;token:송정동;lot:259,128.92824808213862,37.78547953915273,1
ast_a6782d520cea,안성 당목리 995번지 외 44개필지 물류센터 개발사업,물류센터,경기도 안성시 당목리 995번지 일원,,safe,4155040029109950000,경기도 안성시 죽산면 당목리 995,parcel,12,token:경기도;token:안성시;token:당목리;lot:995,127.4188582916762,37.038092151084975,1
ast_4f18f7d89d7d,청라동 오피스텔 분양사업,주거,인천광역시 서구 청라동 6-7,,safe,2826012200100060007,인천광역시 서구 청라동 6-7,parcel,12,token:인천광역시;token:서구;token:청라동;lot:6-7,126.61944453830492,37.55174028672687,1
ast_a9239e56b790,삼부빌딩 개발사업,오피스,중구 남창동 9-1 외 4필지,,safe,1114011200100090001,서울특별시 중구 남창동 9-1,parcel,10,token:중구;token:남창동;lot:9-1,126.97895129595786,37.559658963033286,1
ast_1daf77258172,천안성성7지구공동주택,주거,충남 천안시 서북구 성성동 366-3번지 일원,,safe,4413310500103660003,충청남도 천안시 서북구 성성동 366-3,parcel,12,token:천안시;token:서북구;token:성성동;lot:366-3,127.12403618188071,36.84473926410601,1
ast_12357627ab53,청담펜트하우스,주거,서울시 강남구 청담동 129,,safe,1168010400101290000,서울특별시 강남구 청담동 129,parcel,10,token:강남구;token:청담동;lot:129,127.05422570823188,37.526042974042994,1
ast_5afd3f52bd1f,이큐에너지,,경상북도 영주시 조와동 346 일원,,safe,4721011000103460000,경상북도 영주시 조와동 346,parcel,12,token:경상북도;token:영주시;token:조와동;lot:346,128.6261952230854,36.873640365846036,1
ast_d4faf53bb85a,평택아디다스물류센터,물류센터,경기도 평택시 도일유통길 64(도일동 1175-3),,safe,4122010600111750003,도일동 1175-3,road,7,token:도일동;lot:1175-3,127.10557017754222,37.03723559416221,1
ast_d5a492f670ed,안성 홈플러스 중부허브 물류센터,물류센터,경기도 안성시 원곡면 칠곡리 941번지,,safe,4155038022109410000,경기도 안성시 원곡면 칠곡리 941,parcel,14,token:경기도;token:안성시;token:원곡면;token:칠곡리;lot:941,127.16739772363374,37.0487099308822,1
ast_473b1c633c1b,효제동 주거용 오피스텔,주거,서울특별시 종로구 효제동 21-3번지 일원,,safe,1111016200100210003,서울특별시 종로구 효제동 21-3,parcel,12,token:서울특별시;token:종로구;token:효제동;lot:21-3,127.00198648886283,37.57496492446808,1
ast_2afd5e4b541f,안산시 고잔동 오피스텔 및 근린생활시설,주거,경기도 안산시 단원구 고잔동 542-1 외 1필지,,safe,4127310100105420001,경기도 안산시 단원구 고잔동 542-1,parcel,14,token:경기도;token:안산시;token:단원구;token:고잔동;lot:542-1,126.84175081038825,37.31694441545599,1
ast_9b0de0a4a118,성수동2가오피스,오피스,서울시 성동구 성수동2가 269-208 일원,,safe,1120011500102690208,서울특별시 성동구 성수동2가 269-208,parcel,10,token:성동구;token:성수동2가;lot:2,127.06077364439588,37.54028970863492,1
ast_cd2c32700ef7,수서역환승센터복합개발사업,오피스,서울시 강남구 수서동 197번지 일원,,safe,1168011500101970000,서울특별시 강남구 수서동 197,parcel,10,token:강남구;token:수서동;lot:197,127.10574655491796,37.48319556074074,1
ast_5d4460265c4e,을지로3가 도시환경정비구역 제10지구 신축 오피스,오피스,을지로3가 95-11 일원,,safe,1114015500100950011,서울특별시 중구 을지로3가 95-11,parcel,8,token:을지로3가;lot:3,126.99108607235473,37.56693345250778,1
ast_65fb39722de4,구리시 수택동 주거용 오피스텔,주거,경기도 구리시 수택동 370,,safe,4131010500103700000,경기도 구리시 수택동 370,parcel,12,token:경기도;token:구리시;token:수택동;lot:370,127.13623113013615,37.600259964131766,1
ast_7dc6f67bfd0a,은평 시니어레지던스,오피스복합,은평구 진관동 208-10 일원,,safe,1138011400102080010,서울특별시 은평구 진관동 208-10,parcel,10,token:은평구;token:진관동;lot:208-10,126.93079985558347,37.633659053937464,1
ast_eb6dfd75233b,KTX울산역 오피스텔 개발사업,주거,울산광역시 울주군 삼남읍 교동리 1682-1번지,,safe,3171026521116820001,울산광역시 울주군 삼남읍 교동리 1682-1,parcel,14,token:울산광역시;token:울주군;token:삼남읍;token:교동리;lot:1682-1,129.13541419016929,35.55447636834116,1
ast_d4da0b74e017,해운대중동공동주택,주거,부산시 해운대 중동 256-5번지 일원,,safe,2635010600102560005,부산광역시 해운대구 중동 256-5,parcel,10,token:해운대;token:중동;lot:256-5,129.17235662182054,35.16954320981566,1
ast_45b2d66f02a6,용산구 원효로3가 역세권 청년주택,,서울특별시 용산구 원효로3가 1-159외 3필지,,safe,1117011700100010159,서울특별시 용산구 원효로3가 1-159,parcel,12,token:서울특별시;token:용산구;token:원효로3가;lot:3,126.9570674411126,37.53588955185519,1
ast_f7c124b0485b,여주쿠팡물류센터,,경기도 여주시 점봉동 204-3,,safe,4167011500102040003,경기도 여주시 점봉동 204-3,parcel,12,token:경기도;token:여주시;token:점봉동;lot:204-3,127.64006713593716,37.24938789298681,1
ast_718a6d8b52dc,이지스151호(더샵 부평),,인천시 부평구 십정동 216번지 일원,,safe,2823710200102160000,인천광역시 부평구 십정동 216,parcel,10,token:부평구;token:십정동;lot:216,126.69562913807995,37.47840543108508,1
ast_01045c0cd92d,이지스333호(디어스 명동),,서울시 중구 남학동 13-2외 1필지,,safe,1114014000100130002,서울특별시 중구 남학동 13-2,parcel,10,token:중구;token:남학동;lot:13-2,126.99127075109793,37.56079878212885,1
ast_1eb3221796bb,이지스333호(홍대 코리빙 복합시설),,서울시 마포구 서교동 460-25 일원,,safe,1144012000104600025,서울특별시 마포구 서교동 460-25,parcel,10,token:마포구;token:서교동;lot:460-25,126.91682741291842,37.55624182650921,1
ast_55fcaa57d7ab,이천YM물류센터,,경기도 이천시 대월면 초지리 273-1,,safe,4150035025102730001,경기도 이천시 대월면 초지리 273-1,parcel,14,token:경기도;token:이천시;token:대월면;token:초지리;lot:273-1,127.50145650029488,37.22714169020205,1
ast_b60bc5039d9c,삼성중공업판교R&D센터,오피스,경기도 성남시 분당구 삼평동 615,,safe,4113510900106150000,경기도 성남시 분당구 삼평동 615,parcel,14,token:경기도;token:성남시;token:분당구;token:삼평동;lot:615,127.09892711474286,37.404159004548454,1
ast_04878d0c997e,서울인터내셔널타워(SI타워),오피스,서울시 강남구 테헤란로 203(역삼동 679-4),,safe,1168010100106790004,역삼동 679-4,road,7,token:역삼동;lot:679-4,127.03771643452586,37.50161086827734,1
ast_ab4857d97964,양산 유산동 물류센터,물류센터,경남 양산시 유산동 509 외 2필지,,safe,4833011100105090000,경상남도 양산시 유산동 509,parcel,10,token:양산시;token:유산동;lot:509,129.02668685646654,35.36287717373836,1
ast_081de2d9bdd9,수서역환승센터복합개발사업,오피스,서울시 강남구 수서동 197번지 일원,,safe,1168011500101970000,서울특별시 강남구 수서동 197,parcel,10,token:강남구;token:수서동;lot:197,127.10574655491796,37.48319556074074,1
ast_99b034f39db3,안성 당목리 995번지 외 44개필지 물류센터 개발사업,물류센터,경기도 안성시 당목리 995번지 일원,,safe,4155040029109950000,경기도 안성시 죽산면 당목리 995,parcel,12,token:경기도;token:안성시;token:당목리;lot:995,127.4188582916762,37.038092151084975,1
ast_35ecf256fe62,청라동 오피스텔 분양사업,주거,인천광역시 서구 청라동 6-7,,safe,2826012200100060007,인천광역시 서구 청라동 6-7,parcel,12,token:인천광역시;token:서구;token:청라동;lot:6-7,126.61944453830492,37.55174028672687,1
ast_6823b524f42f,삼부빌딩 개발사업,오피스,중구 남창동 9-1 외 4필지,,safe,1114011200100090001,서울특별시 중구 남창동 9-1,parcel,10,token:중구;token:남창동;lot:9-1,126.97895129595786,37.559658963033286,1
ast_3c022176b9c4,천안성성7지구공동주택,주거,충남 천안시 서북구 성성동 366-3번지 일원,,safe,4413310500103660003,충청남도 천안시 서북구 성성동 366-3,parcel,12,token:천안시;token:서북구;token:성성동;lot:366-3,127.12403618188071,36.84473926410601,1
ast_ee89bc12bfd3,인천석남물류센터,물류센터,인천시 서구 석남동 224-8번지 일원,,safe,2826011000102240008,인천광역시 서구 석남동 224-8,parcel,10,token:서구;token:석남동;lot:224-8,126.66341987433077,37.50806729813526,1
ast_9493e4e1b242,두동 LG전자 통합물류센터,물류센터,경상남도 창원시 진해구 두동 1875,,safe,4812916100118750000,경상남도 창원시 진해구 두동 1875,parcel,14,token:경상남도;token:창원시;token:진해구;token:두동;lot:1875,128.8023462379993,35.11985113866744,1
ast_3378eefd074e,대전 둔산파이낸스빌딩,오피스,대전광역시 서구 둔산동 1413,,safe,3017011200114130000,대전광역시 서구 둔산동 1413,parcel,12,token:대전광역시;token:서구;token:둔산동;lot:1413,127.38712608586172,36.35101009308151,1
ast_0098d2fecd62,종로구 시니어주택 리모델링,주거,서울시 종로구 평창동 153-3,,safe,1111018300101530003,서울특별시 종로구 평창동 153-3,parcel,10,token:종로구;token:평창동;lot:153-3,126.97079019415543,37.60726793713343,1
ast_1f6899d52522,효제동 주거용 오피스텔,주거,서울특별시 종로구 효제동 21-3번지 일원,,safe,1111016200100210003,서울특별시 종로구 효제동 21-3,parcel,12,token:서울특별시;token:종로구;token:효제동;lot:21-3,127.00198648886283,37.57496492446808,1
ast_d874a81175a1,안산시 고잔동 오피스텔 및 근린생활시설,주거,경기도 안산시 단원구 고잔동 542-1 외 1필지,,safe,4127310100105420001,경기도 안산시 단원구 고잔동 542-1,parcel,14,token:경기도;token:안산시;token:단원구;token:고잔동;lot:542-1,126.84175081038825,37.31694441545599,1
ast_d3f5d6add1ca,성수동2가오피스,오피스,서울시 성동구 성수동2가 269-208 일원,,safe,1120011500102690208,서울특별시 성동구 성수동2가 269-208,parcel,10,token:성동구;token:성수동2가;lot:2,127.06077364439588,37.54028970863492,1
ast_0527c87b54b5,을지로3가 도시환경정비구역 제10지구 신축 오피스,오피스,을지로3가 95-11 일원,,safe,1114015500100950011,서울특별시 중구 을지로3가 95-11,parcel,8,token:을지로3가;lot:3,126.99108607235473,37.56693345250778,1
ast_89f1f1989a34,구리시 수택동 주거용 오피스텔,주거,경기도 구리시 수택동 370,,safe,4131010500103700000,경기도 구리시 수택동 370,parcel,12,token:경기도;token:구리시;token:수택동;lot:370,127.13623113013615,37.600259964131766,1
ast_7cb9a346dc83,임원,,강원도 삼척시 원덕읍 임원리 산255,,safe,5123025322202550000,강원특별자치도 삼척시 원덕읍 임원리 산 255,parcel,12,token:삼척시;token:원덕읍;token:임원리;lot:산255,129.33214794091384,37.251548819731966,1
ast_fc89234fd6df,누리,,강원도 삼척시 원덕읍 임원리 산255,,safe,5123025322202550000,강원특별자치도 삼척시 원덕읍 임원리 산 255,parcel,12,token:삼척시;token:원덕읍;token:임원리;lot:산255,129.33214794091384,37.251548819731966,1
ast_40e6cfd14713,평화와번영,,강원도 평창군 평창읍 고길리 86-1,,safe,5176025029100860001,강원특별자치도 평창군 평창읍 고길리 86-1,parcel,12,token:평창군;token:평창읍;token:고길리;lot:86-1,128.45277242087764,37.41427392378483,1
ast_e47259b95cda,디앤피입암리1호,,"경상북도 의성군 옥산면 입암리 28, 29번지",,safe,4773033038100280000,경상북도 의성군 옥산면 입암리 28,parcel,14,token:경상북도;token:의성군;token:옥산면;token:입암리;lot:28,128.8406539744521,36.39581142001096,1
ast_7aa7a870d57d,신영문봉PFV의 대출채권 및 지분증권,데이터센터,경기도 고양시 일산동구 문봉동 16-21 외,,safe,4128511200100160021,경기도 고양시 일산동구 문봉동 16-21,parcel,14,token:경기도;token:고양시;token:일산동구;token:문봉동;lot:16-21,126.83479568950088,37.699487725858745,1
ast_11eaa23e7e07,애월 복합관광단지 개발,오피스복합,제주시 애월읍 상가리 17-6 번지 일원,,safe,5011025331100170006,제주특별자치도 제주시 애월읍 상가리 17-6,parcel,12,token:제주시;token:애월읍;token:상가리;lot:17-6,126.3774183215759,33.39946101538295,1
ast_064b41e30c94,이지스일반사모부동산투자신탁제439호,데이터센터,경기도 고양시 덕양구 오금동 690번지,,safe,4128111000106900000,경기도 고양시 덕양구 오금동 690,parcel,14,token:경기도;token:고양시;token:덕양구;token:오금동;lot:690,126.92121790170717,37.665509018851424,1
ast_5316c8adc2fb,해운대중동공동주택,주거,부산시 해운대 중동 256-5번지 일원,,safe,2635010600102560005,부산광역시 해운대구 중동 256-5,parcel,10,token:해운대;token:중동;lot:256-5,129.17235662182054,35.16954320981566,1
ast_fe54855dac7e,용산구 원효로3가 역세권 청년주택,,서울특별시 용산구 원효로3가 1-159외 3필지,,safe,1117011700100010159,서울특별시 용산구 원효로3가 1-159,parcel,12,token:서울특별시;token:용산구;token:원효로3가;lot:3,126.9570674411126,37.53588955185519,1
ast_30141631f2e1,여주쿠팡물류센터,,경기도 여주시 점봉동 204-3,,safe,4167011500102040003,경기도 여주시 점봉동 204-3,parcel,12,token:경기도;token:여주시;token:점봉동;lot:204-3,127.64006713593716,37.24938789298681,1
ast_1267a3bda5d2,이지스151호(더샵 부평),,인천시 부평구 십정동 216번지 일원,,safe,2823710200102160000,인천광역시 부평구 십정동 216,parcel,10,token:부평구;token:십정동;lot:216,126.69562913807995,37.47840543108508,1
ast_c14f12c21203,세운5구역 개발사업,오피스,"서울시 중구 산림동 190-3번지 일원 (세운지구 5-1, 5-3구역)",,safe,1114015700101900003,서울특별시 중구 산림동 190-3,parcel,10,token:중구;token:산림동;lot:190-3,126.99578162111413,37.56787068192537,1
ast_42a97e89a9a5,안녕인사동,오피스복합,서울특별시 종로구 관훈동 155-2 외 4필지,,safe,1111012800101550002,서울특별시 종로구 관훈동 155-2,parcel,12,token:서울특별시;token:종로구;token:관훈동;lot:155-2,126.98379205533436,37.574560943003,1
ast_24463e868506,부천소사 공동주택,주거,경기도 부천시 소사본동 134,,safe,4119410100101340000,경기도 부천시 소사구 소사본동 134,parcel,12,token:경기도;token:부천시;token:소사본동;lot:134,126.80121046564336,37.478991287811205,1
ast_58e1f6750cf0,효제동 오피스텔 개발사업,주거,"서울특별시 종로구 효제동 315-1, 315-6",,safe,1111016200103150001,서울특별시 종로구 효제동 315-1,parcel,12,token:서울특별시;token:종로구;token:효제동;lot:315-1,127.00177880816358,37.57195587021886,1
ast_58f18cb76dad,신라모노그램 강릉 복합숙박시설,호텔,강원도 강릉시 송정동 259 일원,,safe,5115011400102590000,강원특별자치도 강릉시 송정동 259,parcel,10,token:강릉시;token:송정동;lot:259,128.92824808213862,37.78547953915273,1
ast_3ea6cef0a8e3,이지스333호(디어스 명동),,서울시 중구 남학동 13-2외 1필지,,safe,1114014000100130002,서울특별시 중구 남학동 13-2,parcel,10,token:중구;token:남학동;lot:13-2,126.99127075109793,37.56079878212885,1
ast_0c50fdc60ef8,이지스333호(홍대 코리빙 복합시설),,서울시 마포구 서교동 460-25 일원,,safe,1144012000104600025,서울특별시 마포구 서교동 460-25,parcel,10,token:마포구;token:서교동;lot:460-25,126.91682741291842,37.55624182650921,1
ast_ae0f1f82c083,이천YM물류센터,,경기도 이천시 대월면 초지리 273-1,,safe,4150035025102730001,경기도 이천시 대월면 초지리 273-1,parcel,14,token:경기도;token:이천시;token:대월면;token:초지리;lot:273-1,127.50145650029488,37.22714169020205,1
ast_b3c81fc9c5cf,삼성중공업판교R&D센터,오피스,경기도 성남시 분당구 삼평동 615,,safe,4113510900106150000,경기도 성남시 분당구 삼평동 615,parcel,14,token:경기도;token:성남시;token:분당구;token:삼평동;lot:615,127.09892711474286,37.404159004548454,1
ast_922fd1f841cc,서울인터내셔널타워(SI타워),오피스,서울시 강남구 테헤란로 203(역삼동 679-4),,safe,1168010100106790004,역삼동 679-4,road,7,token:역삼동;lot:679-4,127.03771643452586,37.50161086827734,1
ast_4ea718fb3f43,양산 유산동 물류센터,물류센터,경남 양산시 유산동 509 외 2필지,,safe,4833011100105090000,경상남도 양산시 유산동 509,parcel,10,token:양산시;token:유산동;lot:509,129.02668685646654,35.36287717373836,1
ast_bc54b586be28,청담펜트하우스,주거,서울시 강남구 청담동 129,,safe,1168010400101290000,서울특별시 강남구 청담동 129,parcel,10,token:강남구;token:청담동;lot:129,127.05422570823188,37.526042974042994,1
ast_94dd7f193182,은평 시니어레지던스,오피스복합,은평구 진관동 208-10 일원,,safe,1138011400102080010,서울특별시 은평구 진관동 208-10,parcel,10,token:은평구;token:진관동;lot:208-10,126.93079985558347,37.633659053937464,1
ast_bad984e26b0b,KTX울산역 오피스텔 개발사업,주거,울산광역시 울주군 삼남읍 교동리 1682-1번지,,safe,3171026521116820001,울산광역시 울주군 삼남읍 교동리 1682-1,parcel,14,token:울산광역시;token:울주군;token:삼남읍;token:교동리;lot:1682-1,129.13541419016929,35.55447636834116,1
