query,entity_type,entity_id,display_title,display_subtitle,token_text,token_type,related_asset_id,related_fund_id,related_project_id,relation_type,source_table,rank_weight
이오타서울,asset,ast_aefd81e93778,"크레딧펀드 · 21호, 기회추구2-2-1호(C1), 기회추구2-2-1호(C2)",A112057001 | verified,"[21호] 이지스해외간접DCVR사모부동산투자신탁21호 [기회추구2-2-1호(C1)] 이지스기회추구전문투자형사모부동산자투자신탁제2-2-1호(C1) [기회추구2-2-1호(C2)] 이지스기회추구전문투자형사모부동산자투자신탁제2-2-1호(C2) 112057 112472 112473 21호 421호펀드 ast_aefd81e93778 Colony Distressed Credit Fund IV 군인공제회 기회추구2-2-1호(C1) 기회추구2-2-1호(C2) 이오타서울 (IOTA Seoul) 이지스기회추구전문투자형사모부동산자투자신탁제2-2-1호(C1) 이지스기회추구전문투자형사모부동산자투자신탁제2-2-1호(C2) 이지스해외간접DCVR사모부동산투자신탁21호 전문건설공제조합 케이비손해보험 크레딧펀드 · 21호, 기회추구2-2-1호(C1), 기회추구2-2-1호(C2) 하나생명보험 한국교직원공제회",canonical_entity,ast_aefd81e93778,112057,iota-421f,self,"asset_fund_links, asset_master, asset_project_link_resolution, beneficiary_exposures, relationship_index_edges, v_funds_enriched+asset_fund_links",100
이오타서울,asset,ast_cd9937cc8678,와이디427피에프브이 주식회사,A112614001 | verified,[421호(A종)] 이지스일반사모부동산투자신탁421호(A종) [421호(B종)] 이지스일반사모부동산투자신탁421호(B종) [421호(C-1종)] 이지스일반사모부동산투자신탁421호(C-1종) [421호(C종)] 이지스일반사모부동산투자신탁421호(C종) [421호] 이지스일반사모부동산투자신탁421호(운용) 112614 112706 112707 120016 120113 421호 421호(A종) 421호(B종) 421호(C-1종) 421호(C종) ast_cd9937cc8678 게우트플래닝 구봉산업 데피니트파트너스 디에스클러스터 디와이시스템 삼성물산 안다인베스트먼트파트너스 안다자산운용 에셀 에스제이더블유인터네셔널 엔에이치투자증권 와이디427 와이디427피에프브이 주식회사 이노베스트 이오타서울 (IOTA Seoul) 이지스일반사모부동산투자신탁421호(A종) 이지스일반사모부동산투자신탁421호(B종) 이지스일반사모부동산투자신탁421호(C-1종) 이지스일반사모부동산투자신탁421호(C종) 이지스일반사모부동산투자신탁421호(운용) 이지스자산운용 케이티에스테이트 한중건설 현대캐피탈,canonical_entity,ast_cd9937cc8678,120016,iota-427,self,"asset_fund_links, asset_master, asset_project_link_resolution, beneficiary_exposures, relationship_index_edges, v_funds_enriched+asset_fund_links",100
이오타서울,fund,112057,[21호] 이지스해외간접DCVR사모부동산투자신탁21호,운용 | 오피스 | 유럽,"[21호] 이지스해외간접DCVR사모부동산투자신탁21호 112057 군인공제회 이오타서울 (IOTA Seoul) 전문건설공제조합 케이비손해보험 크레딧펀드 · 21호, 기회추구2-2-1호(C1), 기회추구2-2-1호(C2) 하나생명보험 한국교직원공제회",canonical_entity,ast_aefd81e93778,112057,iota-421f,self,"asset_fund_links, asset_project_link_resolution, beneficiary_exposures, relationship_index_edges, v_funds_enriched",100
이오타서울,fund,112472,[기회추구2-2-1호(C1)] 이지스기회추구전문투자형사모부동산자투자신탁제2-2-1호(C1),운용 | 지분증권 | 대한민국,"[기회추구2-2-1호(C1)] 이지스기회추구전문투자형사모부동산자투자신탁제2-2-1호(C1) 112472 이오타서울 (IOTA Seoul) 크레딧펀드 · 21호, 기회추구2-2-1호(C1), 기회추구2-2-1호(C2)",canonical_entity,ast_aefd81e93778,112472,iota-421f,self,"asset_fund_links, relationship_index_edges, v_funds_enriched",100
이오타서울,fund,112473,[기회추구2-2-1호(C2)] 이지스기회추구전문투자형사모부동산자투자신탁제2-2-1호(C2),운용 | 지분증권 | 대한민국,"[기회추구2-2-1호(C2)] 이지스기회추구전문투자형사모부동산자투자신탁제2-2-1호(C2) 112473 이오타서울 (IOTA Seoul) 크레딧펀드 · 21호, 기회추구2-2-1호(C1), 기회추구2-2-1호(C2)",canonical_entity,ast_aefd81e93778,112473,iota-421f,self,"asset_fund_links, relationship_index_edges, v_funds_enriched",100
이오타서울,fund,112614,[421호] 이지스일반사모부동산투자신탁421호(운용),운용 | 지분증권 | 대한민국,[421호] 이지스일반사모부동산투자신탁421호(운용) 112614 게우트플래닝 구봉산업 데피니트파트너스 디에스클러스터 디와이시스템 삼성물산 안다인베스트먼트파트너스 안다자산운용 에셀 에스제이더블유인터네셔널 엔에이치투자증권 와이디427피에프브이 주식회사 이노베스트 이오타서울 (IOTA Seoul) 이지스자산운용 케이티에스테이트 한중건설 현대캐피탈,canonical_entity,ast_cd9937cc8678,112614,iota-427,self,"asset_fund_links, asset_project_link_resolution, beneficiary_exposures, relationship_index_edges, v_funds_enriched",100
이오타서울,fund,112706,[421호(A종)] 이지스일반사모부동산투자신탁421호(A종),운용 | 지분증권 | 대한민국,[421호(A종)] 이지스일반사모부동산투자신탁421호(A종) 112706 와이디427피에프브이 주식회사 이오타서울 (IOTA Seoul),canonical_entity,ast_cd9937cc8678,112706,iota-427,self,"asset_fund_links, asset_project_link_resolution, relationship_index_edges, v_funds_enriched",100
이오타서울,fund,112707,[421호(B종)] 이지스일반사모부동산투자신탁421호(B종),운용 | 지분증권 | 대한민국,[421호(B종)] 이지스일반사모부동산투자신탁421호(B종) 112707 와이디427피에프브이 주식회사 이오타서울 (IOTA Seoul),canonical_entity,ast_cd9937cc8678,112707,iota-427,self,"asset_fund_links, asset_project_link_resolution, relationship_index_edges, v_funds_enriched",100
이오타서울,fund,120016,[421호(C종)] 이지스일반사모부동산투자신탁421호(C종),운용 | 지분증권 | 대한민국,[421호(C종)] 이지스일반사모부동산투자신탁421호(C종) 120016 와이디427피에프브이 주식회사 이오타서울 (IOTA Seoul),canonical_entity,ast_cd9937cc8678,120016,iota-427,self,"asset_fund_links, asset_project_link_resolution, relationship_index_edges, v_funds_enriched",100
이오타서울,fund,120113,[421호(C-1종)] 이지스일반사모부동산투자신탁421호(C-1종),운용 | 지분증권 | 대한민국,[421호(C-1종)] 이지스일반사모부동산투자신탁421호(C-1종) 120113 와이디427피에프브이 주식회사 이오타서울 (IOTA Seoul),canonical_entity,ast_cd9937cc8678,120113,iota-427,self,"asset_fund_links, relationship_index_edges, v_funds_enriched",100
이오타서울,project,iota-421f,421호펀드,Child Project | active,"421호펀드 iota-421f 이오타서울 (IOTA Seoul) 크레딧펀드 · 21호, 기회추구2-2-1호(C1), 기회추구2-2-1호(C2)",canonical_entity,ast_aefd81e93778,,iota-421f,self,"asset_project_link_resolution, projects",100
이오타서울,project,iota-427,와이디427,Child Project | active,iota-427 와이디427 와이디427피에프브이 주식회사 이오타서울 (IOTA Seoul),canonical_entity,ast_cd9937cc8678,,iota-427,self,"asset_project_link_resolution, projects",100
이오타서울,project,iota-816,와이디816,Child Project | active,iota-816 와이디816 이오타서울 (IOTA Seoul),canonical_entity,,,iota-816,self,projects,100
이오타서울,project,iota-seoul,이오타서울 (IOTA Seoul),Parent Project | active,421호펀드 iota-seoul 와이디427 와이디816 이오타서울 (IOTA Seoul),canonical_entity,,,iota-seoul,self,projects,100
이오타서울,project,project_notion_3258ced4-3c47-818d-9da5-c27149a74a92,이오타서울 427,PRJ-160 | Project | 설정 후,project_notion_3258ced4-3c47-818d-9da5-c27149a74a92 이오타서울 427,canonical_entity,,,project_notion_3258ced4-3c47-818d-9da5-c27149a74a92,self,projects,100
이오타서울,project,project_notion_3258ced4-3c47-81cb-a4ff-e9df05eb2777,이오타서울 816,PRJ-161 | Project | 설정 후,project_notion_3258ced4-3c47-81cb-a4ff-e9df05eb2777 이오타서울 816,canonical_entity,,,project_notion_3258ced4-3c47-81cb-a4ff-e9df05eb2777,self,projects,100
눈스퀘어,asset,ast_fe9e7fc006fb,눈스퀘어,A112006001 | 서울특별시 중구 명동2가 83-5 | verified,[7호] 이지스일반사모부동산투자신탁7호 112006 7호 ast_fe9e7fc006fb DB손해보험 경찰공제회 국민연금공단 눈스퀘어 이지스일반사모부동산투자신탁7호 이지스자산운용 하나은행,canonical_entity,ast_fe9e7fc006fb,112006,,self,"asset_fund_links, asset_master, beneficiary_exposures, lender_exposures, v_funds_enriched+asset_fund_links",100
눈스퀘어,beneficiary,beneficiary_2af6c324c3ae211b1c45d984d10bb78f,국민연금공단,beneficiary exposure party,[103호] 이지스제103호전문투자형사모부동산투자유한회사 [210호] 이지스제210호전문투자형사모부동산투자회사(운용) [30호] 이지스복합쇼핑몰사모부동산투자신탁30호 [416호] 이지스일반사모부동산투자신탁제416호(운용) [7호] 이지스일반사모부동산투자신탁7호 [87호] 이지스일반사모투자신탁87호 [인컴앤그로스 2호] 이지스인컴앤그로스일반사모부동산자투자신탁제2호 [코어1호] 이지스코어플랫폼일반사모부동산자투자신탁제1호 beneficiary_2af6c324c3ae211b1c45d984d10bb78f V플렉스 국민연금공단 눈스퀘어 롯데수원역쇼핑타운토지 센터필드 스타필드(고양) 아레나스양지물류센터 원그로브(마곡CP4 복합개발사업) 인천석남물류센터 평촌G스퀘어 포포인츠바이쉐라톤조선서울명동,canonical_entity,ast_e0a9abed71bf,112209,,self,beneficiary_exposures,100
눈스퀘어,beneficiary,beneficiary_9c5cdda4520a23dd3ea0492fd5afb585,경찰공제회,beneficiary exposure party,[129-1호] 이지스글로벌일반사모부동산투자신탁129-1호(재간접형) [20-3호] 이지스해외간접RES사모부동산투자신탁제20-3호 [7호] 이지스일반사모부동산투자신탁7호 [인컴앤그로스 2호] 이지스인컴앤그로스일반사모부동산자투자신탁제2호 [코어1호] 이지스코어플랫폼일반사모부동산자투자신탁제1호 beneficiary_9c5cdda4520a23dd3ea0492fd5afb585 PartnersGroup Real Estate Secondary 2013 V플렉스 경찰공제회 눈스퀘어 아레나스양지물류센터 인천석남물류센터 펀드지분 · 129-1호 포포인츠바이쉐라톤조선서울명동,canonical_entity,ast_a69271e859b5,112128,,self,beneficiary_exposures,100
눈스퀘어,beneficiary,beneficiary_fd1712a508dbd8e44c2441fd2ab8048d,이지스자산운용,beneficiary exposure party,"[10호] 이지스KORIF일반사모부동산투자신탁10호 [114호] 이지스제114호전문투자형사모부동산투자유한회사 [149호] 이지스일반사모부동산투자신탁149호(운용) [151호] 이지스제151호전문투자형사모부동산투자유한회사(운용) [200호] 이지스제200호일반사모부동산투자유한회사 [210호] 이지스제210호전문투자형사모부동산투자회사(운용) [263호(운용)] 이지스전문투자형사모투자신탁263호 [30호] 이지스복합쇼핑몰사모부동산투자신탁30호 [316-2호] 이지스글로벌일반사모부동산자투자신탁316-2호 [33호] 이지스일반사모부동산투자신탁33호(운용) [353호] 이지스일반사모부동산투자신탁제353호(운용) [354호] 이지스전문투자형사모부동산투자신탁제354호(운용) [378-2호] 이지스글로벌일반사모부동산자투자신탁378-2호 [380-2호] 이지스미국일반사모부동산투자신탁380-2호 [389호] 이지스전문투자형사모부동산투자신탁제389호 [395호] 이지스제395호전문투자형사모부동산투자유한회사(운용) [397호] 이지스제397호전문투자형부동산사모투자회사(운용) [400호] 이지스제400호부동산일반사모투자회사 [403호] 이지스제403호전문투자형사모부동산투자유한회사(운용) [417-2호] 이지스미국일반사모부동산투자신탁417-2호 [420호] 이지스제420호전문투자형사모부동산투자회사(운용) [421호] 이지스일반사모부동산투자신탁421호(운용) [426호] 이지스일반사모부동산투자신탁제426호(운용) [451호(운용)] 이지스일반사모부동산투자신탁제451호(운용) [454호] 이지스일반사모부동산투자신탁제454호 [460호(2종)] 이지스일반사모부동산투자신탁460호(2종) [460호] 이지스일반사모부동산투자신탁460호(운용) [468-1호] 이지스일반사모부동산투자신탁제468-1호 [468-2호(2종)] 이지스일반사모부동산투자신탁제468-2호(2종) [468-2호] 이지스일반사모부동산투자신탁제468-2호(운용) [472호(보통주)] 이지스제472호일반사모부동산투자회사(보통주) [473호(2종)] 이지스일반사모부동산투자신탁제473호(2종) [473호] 이지스일반사모부동산투자신탁제473호(운용) [482호] 이지스일반사모부동산자투자신탁제482호(운용) [502호(보통주)] 이지스제502호부동산일반사모투자회사(보통주) [502호] 이지스제502호부동산일반사모투자회사(운용) [52호] 이지스유럽재간접사모부동산투자신탁제52호 [574호] 이지스제574호부동산일반사모투자회사(운용) [72호] 이지스일반사모부동산투자신탁72호(운용) [79호] 이지스전문투자형사모부동산투자신탁79호 [7호] 이지스일반사모부동산투자신탁7호 [89호] 이지스유럽코어일반사모부동산투자신탁제89호 [90호] 이지스제90호전문투자형사모부동산투자유한회사 [NPL3호] 이지스NPL일반사모부동산투자신탁제3호 [NPL4호] 이지스NPL일반사모부동산투자신탁제4호 [P디에스] 디에스피에프브이 주식회사 [P로터스] 로터스피에프브이 [P부천소사] 부천소사PFV [P상봉IRD] 상봉IRD피에프브이 주식회사 [P성수티에스] 성수티에스피에프브이 주식회사 [P성수티에스2차] 성수티에스2차피에프브이 주식회사 [P세운5구역] 세운5구역PFV [P수서역환승센터] 주식회사 수서역환승센터복합개발 [P수택센트럴] 수택센트럴 PFV [P아이스퀘어] 이지스아이스퀘어 PFV [P안산센트럴] 안산센트럴피에프브이 주식회사 [P안성성은물류] 안성성은물류피에프브이 주식회사 [P에스비씨] 에스비씨PFV [P오산세교아트] 오산세교아트피에프브이 주식회사 [P오시리아테마파크] 오시리아테마파크PFV [P와이디427] 와이디427피에프브이 주식회사 [P와이디816] 와이디816피에프브이 주식회사 [P울산KTX] 울산케이티엑스센트럴포레 주식회사 [P은평진관동] 은평진관동피에프브이 주식회사 [P을지로95] 을지로95피에프브이 주식회사 [P이든센트럴] 이든센트럴PFV [P천안성성동] 천안성성동피에프브이주식회사 [P청라아트] 청라아트프로젝트금융투자 주식회사 [P트리니티공주] 주식회사 트리니티공주 [P해운대센트럴] 해운대센트럴PFV [P효제아트] 효제아트PFV [RE100솔라1호] 이지스RE100솔라일반사모투자신탁제1호(운용) [R엠에프용답] 이지스엠에프용답위탁관리부동산투자회사 [R용산청년주택] 주식회사 이지스용산청년주택위탁관리부동산투자회사 [경산로지스1호] 이지스경산로지스제1호일반사모부동산투자회사(운용) [공모주1호] 이지스 공모주 일반사모투자신탁 제1호 [국내PF재구조화1호(자)] 이지스국내PF재구조화 일반사모부동산자투자신탁 제1호 [기회추구 2호] 이지스기회추구일반사모부동산자투자신탁제2호(운용) [리츠포트폴리오 1호] 이지스리츠포트폴리오일반사모부동산투자신탁제1호 [리츠포트폴리오 2호] 이지스리츠포트폴리오일반사모부동산투자신탁제2호 [리츠포트폴리오3호] 이지스리츠포트폴리오일반사모부동산투자신탁제3호 [멀티드래곤1호] 이지스멀티드래곤일반사모투자신탁제1호 [멀티드래곤4호] 이지스멀티드래곤일반사모투자신탁제4호 [멀티드래곤5호] 이지스멀티드래곤일반사모투자신탁제5호 [멀티플러스2호] 이지스 멀티플러스 일반사모투자신탁 제2호(운용) [부동산론 1호] 이지스부동산론일반사모부동산투자신탁제1호 [산단2호] 이지스산업단지환경개선일반사모부동산투자신탁제2호 [실물우선주1호] 이지스실물우선주일반사모부동산투자신탁제1호 [에이치밸류] 에이치밸류전문투자형사모부동산투자유한회사(운용) [장기지분형1-2호] 이지스장기지분형일반사모부동산투자신탁제1-2호 [장기지분형1-3호] 이지스장기지분형일반사모부동산투자신탁제1-3호 [코스닥벤처3호] 이지스코스닥벤처일반사모투자신탁제3호 [코어에너지1호] 이지스코어에너지인프라일반사모투자신탁제1호 [코어인프라1호(1종)] 이지스코어에너지인프라일반사모투자신탁제1호(1종) [코어인프라1호(2종)] 이지스코어에너지인프라일반사모투자신탁제1호(2종) [하우징플랫폼 1호] 이지스하우징플랫폼일반사모부동산투자신탁제1호(운용) [하이일드공모주3호] 이지스하이일드공모주일반사모투자신탁제3호 [해운대1호] 이지스해운대일반사모부동산투자신탁제1호 Albany, Cleveland, Omaha BTS Logistics beneficiary_fd1712a508dbd8e44c2441fd2ab8048d Brussels Office Brederode Delaware Logistics Amazon FC G밸리비즈플라자 KORNER 136 KTX울산역 오피스텔 개발사업 OPUS459(구. 백암빌딩) Tokyo District 23 Residential Portfolio Virginia Amazon Warehouse 가로골목 강동 성내 역세권 청년주택 경산 쿠팡물류센터 공동주택 공모주 공주시 웅진동 공동주택 괌 웨스틴 호텔 구리시 수택동 주거용 오피스텔 구리시 수택동 주거용 오피스텔 (투자) 국내 리츠, 글로벌 리츠 김포DC 개발사업 노트/채권 · NPL2-1호, NPL2-2호, NPL3-1호, NPL3호 노트/채권 · 국내PF재구조화1호(자) 눈스퀘어 당산 지식산업센터 개발사업 PF대출 대전 둔산파이낸스빌딩 동부산 테마파크 개발사업 두산빌딩 디어스판교 디에스PFV 2종 종류주 및 주주대여 롯데백화점분당점 롯데수원역쇼핑타운토지 마곡 명소화부지 개발사업 밀레니엄힐튼호텔 부림빌딩 부산송정물류센터 부천소사 공동주택 부평 더샵센트럴시티 공공지원민간임대주택 비실물자산 삼성중공업판교R&D센터 상봉 청년주택 개발 서리풀개발사업 서울로타워 서울인터내셔널타워(SI타워) 성수동 오피스 개발사업 선순위 브릿지론 성수동2가오피스 세운5구역 개발사업 세운5구역PFV(주) 지분 센터필드 수서역환승센터복합개발사업 신도림핀포인트 신동해빌딩, NICE2사옥 신라스테이제주 쌈지길 아이에이제십육차유동화전문 유한회사 안녕인사동 안산시 고잔동 오피스텔 및 근린생활시설 안성 성은지구 물류센터 여의도 신한금융투자타워 여의도 유수홀딩스부지 오피스텔 개발사업 PF대출 오산세교2지구 M-1BL 주상복합 와이디427피에프브이 주식회사 완장리 물류센터 용답동 청년주택 개발사업 용산구 원효로3가 역세권 청년주택 웨스트게이트타워 선순위 은평 시니어레지던스 을지로3가 도시환경정비구역 제10지구 신축 오피스 이지스일반사모부동산투자신탁제468-2호(2종)의 수익증권 이지스자산운용 이지스제472호일반사모부동산투자회사의 지분증권 (재간접) 이지스제572호부동산일반사모투자회사(1종) 이천 마장면 물류센터 재생에너지 플랫폼회사(""HoldCo"")에 대한 지분 및 주주대여금 제주화북상업지역 주상복합용지 C1블럭 주상복합시설 종로구 시니어주택 리모델링 지분증권 · 코어에너지1호 천안성성7지구공동주택 청라동 오피스텔 분양사업 카이트타워 선순위 판교 제2테크노밸리 C1 C2블록 I-Square 개발 판교 테크원타워 (우선주) 펀드지분 · 152호, 452호, 52호, 95-2호 펨코제17호기업구조조정부동산투자회사의 주식 하남데이터센터 하남시풍산동9MW 데이터센터 해운대중동공동주택 호수빌딩 화성 석포리 물류센터 효제동 오피스텔 개발사업",canonical_entity,ast_3e6ab9503501,112368,,self,beneficiary_exposures,100
눈스퀘어,fund,112006,[7호] 이지스일반사모부동산투자신탁7호,운용 | 리테일 | 대한민국,[7호] 이지스일반사모부동산투자신탁7호 112006 DB손해보험 경찰공제회 국민연금공단 눈스퀘어 이지스자산운용 하나은행,canonical_entity,ast_fe9e7fc006fb,112006,,self,"asset_fund_links, beneficiary_exposures, lender_exposures, v_funds_enriched",100
눈스퀘어,lender,lender_920ba280faca01fae914f1d3293c5e16,하나은행,lender exposure party,[13호] 이지스일반사모부동산투자신탁13호(운용) [482-1호] 이지스일반사모부동산모투자회사제482의1호 [502호] 이지스제502호부동산일반사모투자회사(운용) [543호] 이지스부동산일반사모투자회사제543호 [7호] 이지스일반사모부동산투자신탁7호 [P세운5구역] 세운5구역PFV [R엠에프용답] 이지스엠에프용답위탁관리부동산투자회사 [비즈성장1-3호] 이지스비즈성장공간플랫폼일반사모부동산투자신탁제1-3호 [인컴앤그로스2-4호] 이지스인컴앤그로스제2의4호일반사모부동산모투자회사 lender_920ba280faca01fae914f1d3293c5e16 눈스퀘어 대전 둔산파이낸스빌딩 분당야탑물류센터 세운5구역 개발사업 용답동 청년주택 개발사업 인천석남물류센터 종로구 시니어주택 리모델링 탑빌딩 하나은행 홈플러스금천점 홈플러스동수원점 홈플러스센텀시티점 홈플러스영등포점,canonical_entity,ast_d92e2b93a0fd,112751,,self,lender_exposures,100
눈스퀘어,lender,lender_d1da98751792376e13d62a806e233d84,DB손해보험,lender exposure party,[10호] 이지스KORIF일반사모부동산투자신탁10호 [30호] 이지스복합쇼핑몰사모부동산투자신탁30호 [416호] 이지스일반사모부동산투자신탁제416호(운용) [439호] 이지스일반사모부동산투자신탁제439호(운용) [555호] 이지스제555호부동산일반사모투자회사 [7호] 이지스일반사모부동산투자신탁7호 [P청라아트] 청라아트프로젝트금융투자 주식회사 [인컴앤그로스2-4호] 이지스인컴앤그로스제2의4호일반사모부동산모투자회사 DB손해보험 G밸리비즈플라자 lender_d1da98751792376e13d62a806e233d84 고양삼송데이터센터 눈스퀘어 롯데수원역쇼핑타운토지 원그로브(마곡CP4 복합개발사업) 이지스10호(2종)의 수익증권 인천석남물류센터 청라동 오피스텔 분양사업,canonical_entity,ast_21ccb7c9f7bd,112608,,self,lender_exposures,100
눈스퀘어,project,project_notion_3258ced4-3c47-818f-8658-c0aeb026bc8c,눈스퀘어,PRJ-142 | Project | 설정 후,project_notion_3258ced4-3c47-818f-8658-c0aeb026bc8c 눈스퀘어,canonical_entity,,,project_notion_3258ced4-3c47-818f-8658-c0aeb026bc8c,self,projects,100
국민연금,asset,ast_0920c9043185,인천석남물류센터,A112751001 | 인천광역시 서구 석남동 224-8 | auto_created,"[인컴앤그로스 2호] 이지스인컴앤그로스일반사모부동산자투자신탁제2호 [인컴앤그로스2-4-4호(1종)] 이지스인컴앤그로스제2의4의4호일반사모부동산자투자회사(1종) [인컴앤그로스2-4-4호(보통주)] 이지스인컴앤그로스제2의4의4호일반사모부동산자투자회사(보통주) [인컴앤그로스2-4-4호] 이지스인컴앤그로스제2의4의4호일반사모부동산자투자회사 [인컴앤그로스2-4호] 이지스인컴앤그로스제2의4호일반사모부동산모투자회사 [장기지분형1-1호(1종)] 이지스장기지분형일반사모부동산자투자신탁제1-1호(1종) [장기지분형1-1호(2종)] 이지스장기지분형일반사모부동산자투자신탁제1-1호(2종) [장기지분형1-1호(운용)] 이지스장기지분형일반사모부동산자투자신탁제1-1호(운용) [장기지분형1호] 이지스장기지분형전문투자형사모부동산집합투자기구 112500 112717 112721 112749 112750 112751 120028 120029 120030 ast_0920c9043185 개인(정석우) 경찰공제회 고용노동부 산재보험기금 국민연금공단 선릉위워크타워, 평택아디다스물류센터, 안성홈플러스물류센터, 인천석남물류센터 이지스인컴앤그로스일반사모부동산자투자신탁제2호 이지스인컴앤그로스제2의4의4호일반사모부동산자투자회사 이지스인컴앤그로스제2의4의4호일반사모부동산자투자회사(1종) 이지스인컴앤그로스제2의4의4호일반사모부동산자투자회사(보통주) 이지스인컴앤그로스제2의4호일반사모부동산모투자회사 이지스자산운용 고유자금 이지스장기지분형일반사모부동산자투자신탁제1-1호(1종) 이지스장기지분형일반사모부동산자투자신탁제1-1호(2종) 이지스장기지분형일반사모부동산자투자신탁제1-1호(운용) 이지스장기지분형전문투자형사모부동산집합투자기구 인천 석남 물류센터 인천석남물류센터 인컴앤그로스 2호 인컴앤그로스2-4-4호 인컴앤그로스2-4-4호(1종) 인컴앤그로스2-4-4호(보통주) 인컴앤그로스2-4호 장기지분형 1호 장기지분형1-1호(1종) 장기지분형1-1호(2종) 장기지분형1-1호(운용) 장기지분형1호 케이디비생명보험 투자자1",canonical_entity,ast_0920c9043185,112749,project_notion_3258ced4-3c47-8166-8841-e0de7316e354,self,"asset_fund_links, asset_master, asset_project_link_resolution, beneficiary_exposures, v_funds_enriched+asset_fund_links",100
국민연금,asset,ast_3aee5443a745,아레나스양지물류센터,A112127001 | 경기도 용인시 처인구 양지면 양지리 914 | verified,"[116-2호] 이지스일반사모부동산자투자신탁116-2호 [116-3호] 이지스일반사모부동산자투자신탁116-3호 [116호] 이지스일반사모부동산모투자신탁116호 [코어1호] 이지스코어플랫폼일반사모부동산자투자신탁제1호 112127 112128 112129 112130 116-2호 116-3호 116호 ast_3aee5443a745 KB손해보험 NH농협생명보험 SK디앤디 개인(조갑주) 경찰공제회 고용노동부 산재보험기금 국민연금공단 미래에셋캐피탈 삼성SRA국내담보대출일반사모부동산투자신탁4호 신한은행 신협중앙회 아레나스 양지 아레나스양지물류센터 아레나스양지물류센터, 시그니쳐타워, V플렉스, 포포인츠바이쉐라톤조선서울명동 이지스일반사모부동산모투자신탁116호 이지스일반사모부동산자투자신탁116-2호 이지스일반사모부동산자투자신탁116-3호 이지스자산운용 고유자금 이지스코어플랫폼일반사모부동산자투자신탁제1호 주택도시보증공사(주택도시기금) 코어1호 코어플랫폼1호 코어플랫폼1호(Blind)",canonical_entity,ast_3aee5443a745,112129,project_notion_3258ced4-3c47-81b7-91a0-d8146935f603,self,"asset_fund_links, asset_master, asset_project_link_resolution, beneficiary_exposures, lender_exposures, v_funds_enriched+asset_fund_links",100
국민연금,asset,ast_74aec6939fcf,포포인츠바이쉐라톤조선서울명동,A112197001 | 서울특별시 중구 삼일대로10길 36 | verified,"[코어1호] 이지스코어플랫폼일반사모부동산자투자신탁제1호 112128 ast_74aec6939fcf SK디앤디 개인(조갑주) 경찰공제회 고용노동부 산재보험기금 국민연금공단 아레나스양지물류센터, 시그니쳐타워, V플렉스, 포포인츠바이쉐라톤조선서울명동 이지스자산운용 고유자금 이지스코어플랫폼일반사모부동산자투자신탁제1호 코어1호 포포인츠바이쉐라톤조선서울명동",canonical_entity,ast_74aec6939fcf,112128,,self,"asset_fund_links, asset_master, beneficiary_exposures, v_funds_enriched+asset_fund_links",100
국민연금,asset,ast_74c55ca84e27,원그로브(마곡CP4 복합개발사업),"A112589001 | 서울시 강서구 마곡동 769,769-1 | verified",[416호(1종)] 이지스일반사모부동산투자신탁제416호(1종) [416호(2종)] 이지스일반사모부동산투자신탁제416호(2종) [416호] 이지스일반사모부동산투자신탁제416호(운용) 112589 112590 112591 416호 416호(1종) 416호(2종) ast_74c55ca84e27 BNK경남은행 DB생명보험 DB손해보험 광주은행 교보생명 국민연금공단 농협중앙회 미래에셋캐피탈 비씨카드 수협은행 신한은행 신한캐피탈 아이비케이연금보험 원그로브(마곡CP4 복합개발사업) 이지스일반사모부동산투자신탁제416호(1종) 이지스일반사모부동산투자신탁제416호(2종) 이지스일반사모부동산투자신탁제416호(운용) 이지스자산운용 고유자금 제이케이알파제일차 제주은행 티지와이에스제일차 티지원그로브제일차 현대해상화재보험 흥국생명보험,canonical_entity,ast_74c55ca84e27,112589,,self,"asset_fund_links, asset_master, beneficiary_exposures, lender_exposures, v_funds_enriched+asset_fund_links",100
국민연금,asset,ast_7e9acc299d06,V플렉스,A112144001 | 서울특별시 강남구 삼성동 157-27 | verified,"[125-2호] 이지스일반사모부동산자투자신탁제125-2호 [125호] 이지스일반사모부동산모투자신탁125호 [코어1호] 이지스코어플랫폼일반사모부동산자투자신탁제1호 112128 112144 112146 125-2호 125호 ast_7e9acc299d06 KB손해보험 SK디앤디 V플렉스 개인(조갑주) 경찰공제회 고용노동부 산재보험기금 국민연금공단 메트라이프생명보험 삼성생명 아레나스양지물류센터, 시그니쳐타워, V플렉스, 포포인츠바이쉐라톤조선서울명동 이지스일반사모부동산모투자신탁125호 이지스일반사모부동산자투자신탁제125-2호 이지스자산운용 고유자금 이지스코어플랫폼일반사모부동산자투자신탁제1호 코어1호 코어플랫폼1호(Blind)",canonical_entity,ast_7e9acc299d06,112144,,self,"asset_fund_links, asset_master, beneficiary_exposures, lender_exposures, v_funds_enriched+asset_fund_links",100
국민연금,asset,ast_a81bf18a93d4,스타필드(고양),A112100001 | 경기도 고양시 덕양구 동산동 370 | verified,ast_a81bf18a93d4 국민연금공단 스타필드(고양),canonical_entity,ast_a81bf18a93d4,,,self,"asset_master, beneficiary_exposures",100
국민연금,asset,ast_b3db1f189553,센터필드,A112209001 | 서울특별시 강남구 역삼동 676 | verified,[210호(1종)] 이지스제210호전문투자형사모부동산투자회사(1종) [210호(2종)] 이지스제210호전문투자형사모부동산투자회사(2종) [210호(보통)] 이지스제210호전문투자형사모부동산투자회사(보통) [210호] 이지스제210호전문투자형사모부동산투자회사(운용) 112209 112210 112211 112212 210호 210호(1종) 210호(2종) 210호(보통) ast_b3db1f189553 DA VINCI HOLDCO PTE. LTD. 국민연금공단 삼성생명 삼성화재 새마을금고중앙회 센터필드 신한라이프생명보험 신한은행 신협(경남제일신용협동조합) 신협(광안신용협동조합) 신협(달구벌신용협동조합) 신협(미추홀신용협동조합) 신협(부산장우신용협동조합) 신협(부산행복신용협동조합) 신협(아산신용협동조합) 신협(이천신용협동조합) 신협(장안신용협동조합) 신협(주민신용협동조합) 신협(청운신용협동조합) 신협(한우리신용협동조합) 신협중앙회(신용협동조합중앙회) 이지스자산운용 이지스제210호전문투자형사모부동산투자회사(1종) 이지스제210호전문투자형사모부동산투자회사(2종) 이지스제210호전문투자형사모부동산투자회사(보통) 이지스제210호전문투자형사모부동산투자회사(운용) 케이디비산업은행 현대해상화재보험,canonical_entity,ast_b3db1f189553,112212,,self,"asset_fund_links, asset_master, beneficiary_exposures, lender_exposures, v_funds_enriched+asset_fund_links",100
국민연금,asset,ast_cd4e754af9e0,평촌G스퀘어,A112085001 | 경기도 안양시 동안구 호계동 1039 외 2필지 | verified,ast_cd4e754af9e0 GIC 광주은행 국민연금공단 국민은행 신한은행 우리은행 전북은행 주택도시보증공사(주택도시기금) 중국건설은행 케이디비산업은행 케이비증권 평촌G스퀘어,canonical_entity,ast_cd4e754af9e0,,,self,"asset_master, beneficiary_exposures, lender_exposures",100
국민연금,asset,ast_e0a9abed71bf,롯데수원역쇼핑타운토지,A112037001 | 경기도 수원시 권선구 서둔동 296-77 외 2필지 | verified,[130-4호] 이지스일반사모부동산자투자신탁제130-4호 [130-5호] 이지스일반사모부동산자투자신탁제130-5호 [30호] 이지스복합쇼핑몰사모부동산투자신탁30호 112037 120106 120107 130-4호 130-5호 30호 ast_e0a9abed71bf DB손해보험 과학기술인공제회 국민연금공단 롯데 수원역 쇼핑타운 토지 롯데수원역쇼핑타운토지 이지스 130호(모) 제1-1종 수익증권 이지스 130호(모) 제2-1종 수익증권 이지스복합쇼핑몰사모부동산투자신탁30호 이지스일반사모부동산자투자신탁제130-4호 이지스일반사모부동산자투자신탁제130-5호 이지스자산운용,canonical_entity,ast_e0a9abed71bf,112037,project_notion_3258ced4-3c47-8180-8b84-fcbb5e944aca,self,"asset_fund_links, asset_master, asset_project_link_resolution, beneficiary_exposures, lender_exposures, v_funds_enriched+asset_fund_links",100
국민연금,asset,ast_fe9e7fc006fb,눈스퀘어,A112006001 | 서울특별시 중구 명동2가 83-5 | verified,[7호] 이지스일반사모부동산투자신탁7호 112006 7호 ast_fe9e7fc006fb DB손해보험 경찰공제회 국민연금공단 눈스퀘어 이지스일반사모부동산투자신탁7호 이지스자산운용 하나은행,canonical_entity,ast_fe9e7fc006fb,112006,,self,"asset_fund_links, asset_master, beneficiary_exposures, lender_exposures, v_funds_enriched+asset_fund_links",100
국민연금,beneficiary,beneficiary_2af6c324c3ae211b1c45d984d10bb78f,국민연금공단,beneficiary exposure party,[103호] 이지스제103호전문투자형사모부동산투자유한회사 [210호] 이지스제210호전문투자형사모부동산투자회사(운용) [30호] 이지스복합쇼핑몰사모부동산투자신탁30호 [416호] 이지스일반사모부동산투자신탁제416호(운용) [7호] 이지스일반사모부동산투자신탁7호 [87호] 이지스일반사모투자신탁87호 [인컴앤그로스 2호] 이지스인컴앤그로스일반사모부동산자투자신탁제2호 [코어1호] 이지스코어플랫폼일반사모부동산자투자신탁제1호 beneficiary_2af6c324c3ae211b1c45d984d10bb78f V플렉스 국민연금공단 눈스퀘어 롯데수원역쇼핑타운토지 센터필드 스타필드(고양) 아레나스양지물류센터 원그로브(마곡CP4 복합개발사업) 인천석남물류센터 평촌G스퀘어 포포인츠바이쉐라톤조선서울명동,canonical_entity,ast_e0a9abed71bf,112209,,self,beneficiary_exposures,100
국민연금,fund,112006,[7호] 이지스일반사모부동산투자신탁7호,운용 | 리테일 | 대한민국,[7호] 이지스일반사모부동산투자신탁7호 112006 DB손해보험 경찰공제회 국민연금공단 눈스퀘어 이지스자산운용 하나은행,canonical_entity,ast_fe9e7fc006fb,112006,,self,"asset_fund_links, beneficiary_exposures, lender_exposures, v_funds_enriched",100
국민연금,fund,112037,[30호] 이지스복합쇼핑몰사모부동산투자신탁30호,운용 | 리테일 | 대한민국,[30호] 이지스복합쇼핑몰사모부동산투자신탁30호 112037 DB손해보험 과학기술인공제회 국민연금공단 롯데수원역쇼핑타운토지 이지스자산운용,canonical_entity,ast_e0a9abed71bf,112037,,self,"asset_fund_links, asset_project_link_resolution, beneficiary_exposures, lender_exposures, v_funds_enriched",100
국민연금,fund,112085,[103호] 이지스제103호전문투자형사모부동산투자유한회사,운용 | 리테일 | 대한민국,[103호] 이지스제103호전문투자형사모부동산투자유한회사 112085 GIC 광주은행 국민연금공단 국민은행 신한은행 우리은행 전북은행 주택도시보증공사(주택도시기금) 중국건설은행 케이디비산업은행 케이비증권 평촌G스퀘어,canonical_entity,ast_03b867e56a1e,112085,,self,"asset_fund_links, asset_project_link_resolution, beneficiary_exposures, lender_exposures, v_funds_enriched",100
국민연금,fund,112100,[87호] 이지스일반사모투자신탁87호,운용 | 지분증권 | 대한민국,[87호] 이지스일반사모투자신탁87호 112100 국민연금공단 스타필드(고양) (투자),canonical_entity,ast_53a61027bef6,112100,,self,"asset_fund_links, asset_project_link_resolution, beneficiary_exposures, v_funds_enriched",100
국민연금,fund,112128,[코어1호] 이지스코어플랫폼일반사모부동산자투자신탁제1호,운용 | 지분증권 | 대한민국,[코어1호] 이지스코어플랫폼일반사모부동산자투자신탁제1호 112128 SK디앤디 V플렉스 개인(조갑주) 경찰공제회 고용노동부 산재보험기금 국민연금공단 아레나스양지물류센터 이지스자산운용 고유자금 포포인츠바이쉐라톤조선서울명동,canonical_entity,ast_74aec6939fcf,112128,,self,"asset_fund_links, asset_project_link_resolution, beneficiary_exposures, v_funds_enriched",100
국민연금,fund,112209,[210호] 이지스제210호전문투자형사모부동산투자회사(운용),운용 | 복합(오피스) | 대한민국,[210호] 이지스제210호전문투자형사모부동산투자회사(운용) 112209 DA VINCI HOLDCO PTE. LTD. 국민연금공단 삼성생명 삼성화재 새마을금고중앙회 센터필드 신한라이프생명보험 신한은행 신협(경남제일신용협동조합) 신협(광안신용협동조합) 신협(달구벌신용협동조합) 신협(미추홀신용협동조합) 신협(부산장우신용협동조합) 신협(부산행복신용협동조합) 신협(아산신용협동조합) 신협(이천신용협동조합) 신협(장안신용협동조합) 신협(주민신용협동조합) 신협(청운신용협동조합) 신협(한우리신용협동조합) 신협중앙회(신용협동조합중앙회) 이지스자산운용 케이디비산업은행 현대해상화재보험,canonical_entity,ast_b3db1f189553,112209,,self,"asset_fund_links, beneficiary_exposures, lender_exposures, v_funds_enriched",100
국민연금,fund,112500,[인컴앤그로스 2호] 이지스인컴앤그로스일반사모부동산자투자신탁제2호,운용 | 복합(오피스) | 대한민국,[인컴앤그로스 2호] 이지스인컴앤그로스일반사모부동산자투자신탁제2호 112500 개인(정석우) 경찰공제회 고용노동부 산재보험기금 국민연금공단 선릉위워크타워 안성홈플러스물류센터 이지스자산운용 고유자금 인천석남물류센터 케이디비생명보험 투자자1 평택아디다스물류센터,canonical_entity,ast_0920c9043185,112500,,self,"asset_fund_links, beneficiary_exposures, v_funds_enriched",100
국민연금,fund,112589,[416호] 이지스일반사모부동산투자신탁제416호(운용),운용 | 복합(오피스) | 대한민국,[416호] 이지스일반사모부동산투자신탁제416호(운용) 112589 BNK경남은행 DB생명보험 DB손해보험 광주은행 교보생명 국민연금공단 농협중앙회 미래에셋캐피탈 비씨카드 수협은행 신한은행 신한캐피탈 아이비케이연금보험 원그로브(마곡CP4 복합개발사업) 이지스자산운용 고유자금 제이케이알파제일차 제주은행 티지와이에스제일차 티지원그로브제일차 현대해상화재보험 흥국생명보험,canonical_entity,ast_74c55ca84e27,112589,,self,"asset_fund_links, beneficiary_exposures, lender_exposures, v_funds_enriched",100
국민연금,project,project_notion_3258ced4-3c47-8134-8ac1-f04dffd1571b,"위탁운용펀드 제안서 작성 지원(국민연금, 우본 w/CM)",Project,"project_notion_3258ced4-3c47-8134-8ac1-f04dffd1571b 위탁운용펀드 제안서 작성 지원(국민연금, 우본 w/CM)",canonical_entity,,,project_notion_3258ced4-3c47-8134-8ac1-f04dffd1571b,self,projects,100
국민연금,project,project_notion_3258ced4-3c47-813e-9d30-c99e117bb207,국민연금 자산 통합 보고 취합(IRIS등),Project | 설정 후,project_notion_3258ced4-3c47-813e-9d30-c99e117bb207 국민연금 자산 통합 보고 취합(IRIS등),canonical_entity,,,project_notion_3258ced4-3c47-813e-9d30-c99e117bb207,self,projects,100
국민연금,project,project_notion_3258ced4-3c47-816d-b6ff-d9f8fd64b4df,국민연금 공정가치평가,Project | 설정 후,project_notion_3258ced4-3c47-816d-b6ff-d9f8fd64b4df 국민연금 공정가치평가,canonical_entity,,,project_notion_3258ced4-3c47-816d-b6ff-d9f8fd64b4df,self,projects,100
국민연금,project,project_notion_3258ced4-3c47-81a2-ad38-fbb0b12bde3e,국민연금 외 공정가치평가,Project | 설정 후,project_notion_3258ced4-3c47-81a2-ad38-fbb0b12bde3e 국민연금 외 공정가치평가,canonical_entity,,,project_notion_3258ced4-3c47-81a2-ad38-fbb0b12bde3e,self,projects,100
홈플러스,asset,ast_0920c9043185,인천석남물류센터,A112751001 | 인천광역시 서구 석남동 224-8 | auto_created,"[인컴앤그로스 2호] 이지스인컴앤그로스일반사모부동산자투자신탁제2호 [인컴앤그로스2-4-4호(1종)] 이지스인컴앤그로스제2의4의4호일반사모부동산자투자회사(1종) [인컴앤그로스2-4-4호(보통주)] 이지스인컴앤그로스제2의4의4호일반사모부동산자투자회사(보통주) [인컴앤그로스2-4-4호] 이지스인컴앤그로스제2의4의4호일반사모부동산자투자회사 [인컴앤그로스2-4호] 이지스인컴앤그로스제2의4호일반사모부동산모투자회사 [장기지분형1-1호(1종)] 이지스장기지분형일반사모부동산자투자신탁제1-1호(1종) [장기지분형1-1호(2종)] 이지스장기지분형일반사모부동산자투자신탁제1-1호(2종) [장기지분형1-1호(운용)] 이지스장기지분형일반사모부동산자투자신탁제1-1호(운용) [장기지분형1호] 이지스장기지분형전문투자형사모부동산집합투자기구 112500 112717 112721 112749 112750 112751 120028 120029 120030 ast_0920c9043185 개인(정석우) 경찰공제회 고용노동부 산재보험기금 국민연금공단 선릉위워크타워, 평택아디다스물류센터, 안성홈플러스물류센터, 인천석남물류센터 이지스인컴앤그로스일반사모부동산자투자신탁제2호 이지스인컴앤그로스제2의4의4호일반사모부동산자투자회사 이지스인컴앤그로스제2의4의4호일반사모부동산자투자회사(1종) 이지스인컴앤그로스제2의4의4호일반사모부동산자투자회사(보통주) 이지스인컴앤그로스제2의4호일반사모부동산모투자회사 이지스자산운용 고유자금 이지스장기지분형일반사모부동산자투자신탁제1-1호(1종) 이지스장기지분형일반사모부동산자투자신탁제1-1호(2종) 이지스장기지분형일반사모부동산자투자신탁제1-1호(운용) 이지스장기지분형전문투자형사모부동산집합투자기구 인천 석남 물류센터 인천석남물류센터 인컴앤그로스 2호 인컴앤그로스2-4-4호 인컴앤그로스2-4-4호(1종) 인컴앤그로스2-4-4호(보통주) 인컴앤그로스2-4호 장기지분형 1호 장기지분형1-1호(1종) 장기지분형1-1호(2종) 장기지분형1-1호(운용) 장기지분형1호 케이디비생명보험 투자자1",canonical_entity,ast_0920c9043185,112749,project_notion_3258ced4-3c47-8166-8841-e0de7316e354,self,"asset_fund_links, asset_master, asset_project_link_resolution, beneficiary_exposures, v_funds_enriched+asset_fund_links",100
홈플러스,asset,ast_0d034e04e91f,홈플러스 대전문화점 (투자),A112344002 | 대전광역시 중구 문화동 1-17 | auto_created,"[302호] 이지스코어리테일부동산투자신탁302호(운용) 112344 302호 ast_0d034e04e91f 이지스코어리테일부동산투자신탁302호(운용) 홈플러스 대전문화점 (투자) 홈플러스 인천인하점, 홈플러스 대전문화점, 홈플러스 전주완산점",canonical_entity,ast_0d034e04e91f,112344,,self,"asset_fund_links, asset_master, v_funds_enriched+asset_fund_links",100
홈플러스,asset,ast_122d47e0ef63,홈플러스금천점,A112008001 | 서울특별시 금천구 독산동 291-7 | verified,"[13호(2종)] 이지스일반사모부동산투자신탁13호(2종) [13호] 이지스일반사모부동산투자신탁13호(운용) 112008 112702 13호 13호(2종) ast_122d47e0ef63 GIB홈플러스 KDB산은캐피탈 블루맨제일차 세콘도 수협은행 신협대주단 아이비케이연금보험 아이비케이캐피탈 아이엠뱅크 우리은행 이지스일반사모부동산투자신탁13호(2종) 이지스일반사모부동산투자신탁13호(운용) 전북은행 하나은행 하나커넥트 홈플러스금천점 홈플러스금천점, 홈플러스동수원점, 홈플러스센텀시티점, 홈플러스영등포점 홈플러스영등포점, 홈플러스금천점, 홈플러스동수원점, 홈플러스센텀시티점 흥국생명보험",canonical_entity,ast_122d47e0ef63,112008,,self,"asset_fund_links, asset_master, beneficiary_exposures, lender_exposures, v_funds_enriched+asset_fund_links",100
홈플러스,asset,ast_1f446ce9025d,홈플러스죽도점 (투자),A112018003 | 경상북도 포항시 북구 죽도동 50-1 | auto_created,"[19호] 이지스KORIF사모부동산투자신탁19호 [219호] 이지스전문투자형사모부동산투자신탁219호 [419호] 이지스제419호전문투자형사모부동산투자회사 [519호] 이지스유럽포트폴리오일반사모부동산투자신탁제519호(대출) [R수익형319호] 이지스수익형부동산제319호위탁관리부동산투자회사 112018 112225 112567 19호 200003 219호 419호 519호 ast_1f446ce9025d NH농협생명보험 R00002 R수익형319호 농협생명보험 대한지방행정공제회 삼성생명 삼성생명보험 애큐온캐피탈 우리은행 이지스KORIF사모부동산투자신탁19호 이지스수익형부동산제319호위탁관리부동산투자회사 이지스유럽포트폴리오일반사모부동산투자신탁제519호(대출) 이지스전문투자형사모부동산투자신탁219호 이지스제419호전문투자형사모부동산투자회사 케이비생명 한국지방재정공제회 홈플러스 3개소 홈플러스 전주효자 홈플러스삼천포점, 홈플러스진주점, 홈플러스죽도점 홈플러스죽도점 (투자)",canonical_entity,ast_1f446ce9025d,R00002,project_notion_3258ced4-3c47-819a-a6ab-d0752c7e7cd0,self,"asset_fund_links, asset_master, asset_project_link_resolution, beneficiary_exposures, lender_exposures, v_funds_enriched+asset_fund_links",100
홈플러스,asset,ast_2652e06dfeaa,평택아디다스물류센터,A112500002 | 도일동 1175-3 | auto_created,"[인컴앤그로스 2호] 이지스인컴앤그로스일반사모부동산자투자신탁제2호 [인컴앤그로스2-2호] 이지스인컴앤그로스일반사모부동산모투자신탁제2-2호 112500 112604 ast_2652e06dfeaa 선릉위워크타워, 평택아디다스물류센터, 안성홈플러스물류센터, 인천석남물류센터 이지스인컴앤그로스일반사모부동산모투자신탁제2-2호 이지스인컴앤그로스일반사모부동산자투자신탁제2호 인컴앤그로스 2호 인컴앤그로스2-2호 평택 아디다스 물류센터 평택아디다스물류센터",canonical_entity,ast_2652e06dfeaa,112604,project_notion_3258ced4-3c47-8170-8de5-f9c1b071c202,self,"asset_fund_links, asset_master, asset_project_link_resolution, v_funds_enriched+asset_fund_links",100
홈플러스,asset,ast_282ed30bb789,홈플러스진주점 (투자),A112018002 | 경상남도 진주시 상대동 181-1 | auto_created,"[19호] 이지스KORIF사모부동산투자신탁19호 112018 19호 ast_282ed30bb789 이지스KORIF사모부동산투자신탁19호 홈플러스삼천포점, 홈플러스진주점, 홈플러스죽도점 홈플러스진주점 (투자)",canonical_entity,ast_282ed30bb789,112018,,self,"asset_fund_links, asset_master, v_funds_enriched+asset_fund_links",100
홈플러스,asset,ast_288a4f9c263b,홈플러스 전주완산점,전라북도 전주시 완산구 중노송동 495-6 | auto_created,"[302호] 이지스코어리테일부동산투자신탁302호(운용) 112344 302호 ast_288a4f9c263b 이지스코어리테일부동산투자신탁302호(운용) 홈플러스 인천인하점, 홈플러스 대전문화점, 홈플러스 전주완산점 홈플러스 전주완산점",canonical_entity,ast_288a4f9c263b,112344,,self,"asset_fund_links, asset_master, v_funds_enriched+asset_fund_links",100
홈플러스,asset,ast_3048a53624b2,홈플러스전주효자점,A112132001 | 전라북도 전주시 완산구 효자동1가 431-5 외 14필지 | verified,ast_3048a53624b2 SBI저축은행 국민은행 머큐리자산운용 삼성생명 케이비증권 한화투자증권 홈플러스전주효자점,canonical_entity,ast_3048a53624b2,,,self,"asset_master, beneficiary_exposures, lender_exposures",100
홈플러스,asset,ast_3610ec7fb906,홈플러스죽도점,A112018003 | 경상북도 포항시 북구 죽도동 50-1 | verified,ast_3610ec7fb906 홈플러스죽도점,canonical_entity,ast_3610ec7fb906,,,self,asset_master,100
홈플러스,asset,ast_3c6660ce41f1,홈플러스센텀시티점,A112008003 | 부산광역시 해운대구 우동 1499 | verified,ast_3c6660ce41f1 홈플러스센텀시티점,canonical_entity,ast_3c6660ce41f1,,,self,asset_master,100
홈플러스,asset,ast_52adbb346181,안성홈플러스물류센터,A112703001 | 경기도 안성시 원곡면 칠곡리 941 | auto_created,"[인컴앤그로스 2호] 이지스인컴앤그로스일반사모부동산자투자신탁제2호 [인컴앤그로스2-3호] 이지스인컴앤그로스제2의3호일반사모부동산모투자회사 112500 112703 ast_52adbb346181 선릉위워크타워, 평택아디다스물류센터, 안성홈플러스물류센터, 인천석남물류센터 안성 홈플러스 물류센터 안성홈플러스물류센터 이지스인컴앤그로스일반사모부동산자투자신탁제2호 이지스인컴앤그로스제2의3호일반사모부동산모투자회사 인컴앤그로스 2호 인컴앤그로스2-3호",canonical_entity,ast_52adbb346181,112500,project_notion_3258ced4-3c47-81e0-81b0-fe1420d49b02,self,"asset_fund_links, asset_master, asset_project_link_resolution, v_funds_enriched+asset_fund_links",100
홈플러스,asset,ast_55647389ae80,홈플러스영등포점,A112008004 | 서울특별시 영등포구 문래동3가 55-3 | verified,"[13호(2종)] 이지스일반사모부동산투자신탁13호(2종) [13호] 이지스일반사모부동산투자신탁13호(운용) 112008 112702 13호 13호(2종) ast_55647389ae80 GIB홈플러스 KDB산은캐피탈 블루맨제일차 세콘도 수협은행 신협대주단 아이비케이연금보험 아이비케이캐피탈 아이엠뱅크 우리은행 이지스일반사모부동산투자신탁13호(2종) 이지스일반사모부동산투자신탁13호(운용) 전북은행 하나은행 하나커넥트 홈플러스금천점, 홈플러스동수원점, 홈플러스센텀시티점, 홈플러스영등포점 홈플러스영등포점 홈플러스영등포점, 홈플러스금천점, 홈플러스동수원점, 홈플러스센텀시티점 흥국생명보험",canonical_entity,ast_55647389ae80,112702,,self,"asset_fund_links, asset_master, beneficiary_exposures, lender_exposures, v_funds_enriched+asset_fund_links",100
홈플러스,asset,ast_5827261360b4,선릉위워크타워,A112499001 | 서울특별시 강남구 테헤란로302(역삼동 706) | verified,"[인컴앤그로스 2호] 이지스인컴앤그로스일반사모부동산자투자신탁제2호 [인컴앤그로스2-1호] 이지스인컴앤그로스일반사모부동산모투자신탁제2-1호 112499 112500 ast_5827261360b4 NH농협생명보험 농협은행 선릉위워크타워 선릉위워크타워, 평택아디다스물류센터, 안성홈플러스물류센터, 인천석남물류센터 이지스인컴앤그로스일반사모부동산모투자신탁제2-1호 이지스인컴앤그로스일반사모부동산자투자신탁제2호 이지스인컴앤그로스일반사모부동산자투자신탁제2호(Blind) 인컴앤그로스 2호 인컴앤그로스2-1호 조은저축은행",canonical_entity,ast_5827261360b4,112499,,self,"asset_fund_links, asset_master, beneficiary_exposures, lender_exposures, v_funds_enriched+asset_fund_links",100
홈플러스,asset,ast_612cef5b7905,홈플러스진주점,A112018002 | 경상남도 진주시 상대동 181-1 | verified,ast_612cef5b7905 홈플러스진주점,canonical_entity,ast_612cef5b7905,,,self,asset_master,100
홈플러스,asset,ast_6bfb26e9f2e6,홈플러스동수원점,A112008002 | 경기도 수원시 팔달구 인계동 1045 | verified,ast_6bfb26e9f2e6 홈플러스동수원점,canonical_entity,ast_6bfb26e9f2e6,,,self,asset_master,100
홈플러스,asset,ast_765cc3a1898a,이지스코어리테일부동산투자신탁302호(운용),A112344003 | 전북특별자치도 전주시 완산구 중노송동 495-6 | auto_created,"[302호] 이지스코어리테일부동산투자신탁302호(운용) 112344 302호 ast_765cc3a1898a 이지스코어리테일부동산투자신탁302호(운용) 홈플러스 인천인하점, 홈플러스 대전문화점, 홈플러스 전주완산점",canonical_entity,ast_765cc3a1898a,112344,,self,"asset_fund_links, asset_master, v_funds_enriched+asset_fund_links",100
홈플러스,asset,ast_79c9f274cd28,안성 홈플러스 중부허브 물류센터,A112500003 | 경기도 안성시 원곡면 칠곡리 941번지 | verified,ast_79c9f274cd28 안성 홈플러스 중부허브 물류센터,canonical_entity,ast_79c9f274cd28,,,self,asset_master,100
홈플러스,asset,ast_93fedc1f0d0f,홈플러스삼천포점 (투자),A112018001 | 경상남도 사천시 벌리동 58-3 | auto_created,"[19호] 이지스KORIF사모부동산투자신탁19호 112018 19호 ast_93fedc1f0d0f 이지스KORIF사모부동산투자신탁19호 홈플러스삼천포점 (투자) 홈플러스삼천포점, 홈플러스진주점, 홈플러스죽도점",canonical_entity,ast_93fedc1f0d0f,112018,,self,"asset_fund_links, asset_master, v_funds_enriched+asset_fund_links",100
홈플러스,asset,ast_a8ad83130e72,홈플러스 대전문화점,A112344002 | 대전광역시 중구 문화동 1-17 | verified,ast_a8ad83130e72 홈플러스 대전문화점,canonical_entity,ast_a8ad83130e72,,,self,asset_master,100
홈플러스,asset,ast_a9ed8293cd98,안성홈플러스물류센터,A112703001 | 경기도 안성시 원곡면 칠곡리 941번지 | verified,ast_a9ed8293cd98 안성홈플러스물류센터,canonical_entity,ast_a9ed8293cd98,,,self,asset_master,100
홈플러스,asset,ast_ba2f0f5d53f3,홈플러스 인천인하점,인천광역시 미추홀구 용현동 648 | auto_created,"[302호] 이지스코어리테일부동산투자신탁302호(운용) 112344 302호 ast_ba2f0f5d53f3 이지스코어리테일부동산투자신탁302호(운용) 홈플러스 인천인하점 홈플러스 인천인하점, 홈플러스 대전문화점, 홈플러스 전주완산점",canonical_entity,ast_ba2f0f5d53f3,112344,,self,"asset_fund_links, asset_master, v_funds_enriched+asset_fund_links",100
홈플러스,asset,ast_c9cb9c4a7013,홈플러스 전주완산점,A112344003 | 전라북도 전주시 중노송동 495-6 | verified,ast_c9cb9c4a7013 홈플러스 전주완산점,canonical_entity,ast_c9cb9c4a7013,,,self,asset_master,100
홈플러스,asset,ast_d36a3b06c819,홈플러스삼천포점,A112018001 | 경상남도 사천시 벌리동 58-3 | verified,ast_d36a3b06c819 홈플러스삼천포점,canonical_entity,ast_d36a3b06c819,,,self,asset_master,100
홈플러스,asset,ast_d5a492f670ed,안성 홈플러스 중부허브 물류센터,A112500003 | 경기도 안성시 원곡면 칠곡리 941번지 | verified,ast_d5a492f670ed 안성 홈플러스 중부허브 물류센터,canonical_entity,ast_d5a492f670ed,,,self,asset_master,100
홈플러스,asset,ast_db35eead7a91,홈플러스 인천인하점,A112344001 | 인천광역시 미추홀구 용현동 648 | verified,"[302호(A)] 이지스코어리테일부동산투자신탁302호(Class A) [302호(C-I)] 이지스코어리테일부동산투자신탁302호(Class C-I) [302호(C-P)] 이지스코어리테일부동산투자신탁302호(Class C-P) [302호] 이지스코어리테일부동산투자신탁302호(운용) 112344 112345 112346 112348 302호 302호(A) 302호(C-I) 302호(C-P) ast_db35eead7a91 이지스코어리테일부동산투자신탁302호(Class A) 이지스코어리테일부동산투자신탁302호(Class C-I) 이지스코어리테일부동산투자신탁302호(Class C-P) 이지스코어리테일부동산투자신탁302호(운용) 홈플러스 인천인하점 홈플러스 인천인하점, 홈플러스 대전문화점, 홈플러스 전주완산점",canonical_entity,ast_db35eead7a91,112344,,self,"asset_fund_links, asset_master, asset_project_link_resolution, v_funds_enriched+asset_fund_links",100
홈플러스,asset,ast_db8fd17c8890,홈플러스전주효자점,A112132001 | 전북특별자치도 전주시 완산구 효자동1가 431-5 | auto_created,[126호(A)] 이지스코어리테일부동산투자신탁126호(Class A) [126호(C-i)] 이지스코어리테일부동산투자신탁126호(Class C-i) [126호] 이지스코어리테일부동산투자신탁126호 112132 112133 112134 126호 126호(A) 126호(C-i) ast_db8fd17c8890 이지스코어리테일부동산투자신탁126호 이지스코어리테일부동산투자신탁126호(Class A) 이지스코어리테일부동산투자신탁126호(Class C-i) 홈플러스전주효자점,canonical_entity,ast_db8fd17c8890,112133,,self,"asset_fund_links, asset_master, asset_project_link_resolution, v_funds_enriched+asset_fund_links",100
홈플러스,asset,ast_e1569e444936,안성홈플러스물류센터,A112703001 | 경기도 안성시 원곡면 칠곡리 941번지 | verified,ast_e1569e444936 국민은행 신한은행 안성홈플러스물류센터 이지스인컴앤그로스일반사모부동산자투자신탁제2호(Blind),canonical_entity,ast_e1569e444936,,,self,"asset_master, beneficiary_exposures, lender_exposures",100
홈플러스,asset,ast_ecd738fc0c31,홈플러스센텀시티점,A112008003 | 부산광역시 해운대구 우동 1499 | auto_created,"[13호(2종)] 이지스일반사모부동산투자신탁13호(2종) [13호] 이지스일반사모부동산투자신탁13호(운용) 112008 112702 13호 13호(2종) ast_ecd738fc0c31 GIB홈플러스 KDB산은캐피탈 블루맨제일차 세콘도 수협은행 신협대주단 아이비케이연금보험 아이비케이캐피탈 아이엠뱅크 우리은행 이지스일반사모부동산투자신탁13호(2종) 이지스일반사모부동산투자신탁13호(운용) 전북은행 하나은행 하나커넥트 홈플러스금천점, 홈플러스동수원점, 홈플러스센텀시티점, 홈플러스영등포점 홈플러스센텀시티점 홈플러스영등포점, 홈플러스금천점, 홈플러스동수원점, 홈플러스센텀시티점 흥국생명보험",canonical_entity,ast_ecd738fc0c31,112008,,self,"asset_fund_links, asset_master, beneficiary_exposures, lender_exposures, v_funds_enriched+asset_fund_links",100
홈플러스,asset,ast_f0700d6e9655,홈플러스동수원점,A112008002 | 경기도 수원시 팔달구 인계동 1045 | auto_created,"[13호(2종)] 이지스일반사모부동산투자신탁13호(2종) [13호] 이지스일반사모부동산투자신탁13호(운용) 112008 112702 13호 13호(2종) ast_f0700d6e9655 GIB홈플러스 KDB산은캐피탈 블루맨제일차 세콘도 수협은행 신협대주단 아이비케이연금보험 아이비케이캐피탈 아이엠뱅크 우리은행 이지스일반사모부동산투자신탁13호(2종) 이지스일반사모부동산투자신탁13호(운용) 전북은행 하나은행 하나커넥트 홈플러스금천점, 홈플러스동수원점, 홈플러스센텀시티점, 홈플러스영등포점 홈플러스동수원점 홈플러스영등포점, 홈플러스금천점, 홈플러스동수원점, 홈플러스센텀시티점 흥국생명보험",canonical_entity,ast_f0700d6e9655,112008,,self,"asset_fund_links, asset_master, beneficiary_exposures, lender_exposures, v_funds_enriched+asset_fund_links",100
홈플러스,beneficiary,beneficiary_0b704c85fa9f65440affd8e6395a72bc,애큐온캐피탈,beneficiary exposure party,[19호] 이지스KORIF사모부동산투자신탁19호 [316-2호] 이지스글로벌일반사모부동산자투자신탁316-2호 beneficiary_0b704c85fa9f65440affd8e6395a72bc Tokyo District 23 Residential Portfolio 애큐온캐피탈 홈플러스죽도점 (투자),canonical_entity,ast_1f446ce9025d,112018,,self,beneficiary_exposures,100
홈플러스,beneficiary,beneficiary_3d7c8dc3374f19865da9fdf25e121f9e,한국지방재정공제회,beneficiary exposure party,[19호] 이지스KORIF사모부동산투자신탁19호 [294호] 이지스일반사모부동산투자신탁294호 beneficiary_3d7c8dc3374f19865da9fdf25e121f9e 제주올레리조트 한국지방재정공제회 홈플러스죽도점 (투자),canonical_entity,ast_1f446ce9025d,112310,,self,beneficiary_exposures,100
홈플러스,beneficiary,beneficiary_60a53fff46eb020d217315c07588996e,삼성생명보험,beneficiary exposure party,[14호] 이지스일반사모부동산투자신탁14호 [190호] 이지스미국일반사모부동산투자신탁190호 [19호] 이지스KORIF사모부동산투자신탁19호 [209호] 이지스호주일반사모부동산투자신탁209호(재간접형) [308호] 이지스글로벌일반사모부동산투자신탁308호 [348-2호] 이지스글로벌코어인프라일반사모특별자산투자신탁 348-2호 beneficiary_60a53fff46eb020d217315c07588996e Brookfield Premier Real Estate Partners Australia Brookfield Super-Core Infrastructure Partners Jersey City 65 Bay Street A2-Note Loan New York 510 East 14th Mezzanine Loan 삼성생명보험 신라스테이울산 홈플러스죽도점 (투자),canonical_entity,ast_1f446ce9025d,112267,,self,beneficiary_exposures,100
홈플러스,beneficiary,beneficiary_79d73350399183b2799b88086b5e012c,우리은행,beneficiary exposure party,[13호] 이지스일반사모부동산투자신탁13호(운용) [148-1호] 이지스글로벌일반사모부동산투자신탁148-1호 [148-2호] 이지스글로벌일반사모부동산투자신탁148-2호 [163-2호] 이지스유럽일반사모부동산자투자신탁163-2호 [19호] 이지스KORIF사모부동산투자신탁19호 [209-1호] 이지스호주일반사모부동산투자신탁209-1호(재간접형) [229-1호] 이지스글로벌일반사모부동산투자신탁229-1호(파생형) [316-1호] 이지스글로벌일반사모부동산자투자신탁316-1호 [P을지로95] 을지로95피에프브이 주식회사 beneficiary_79d73350399183b2799b88086b5e012c Brookfield Premier Real Estate Partners Australia Frankfurt Office Trianon Jakarta Office Treasury Tower Milano Office Pirelli HQ Tokyo District 23 Residential Portfolio 우리은행 을지로3가 도시환경정비구역 제10지구 신축 오피스 홈플러스금천점 홈플러스동수원점 홈플러스센텀시티점 홈플러스영등포점 홈플러스죽도점 (투자),canonical_entity,ast_ee72b3682575,112269,,self,beneficiary_exposures,100
홈플러스,beneficiary,beneficiary_89a76a4ad1c0f58073f02af5a9dac370,한화투자증권,beneficiary exposure party,[126호] 이지스코어리테일부동산투자신탁126호 [299호] 이지스리테일부동산투자신탁299호 [348-3호] 이지스글로벌코어인프라일반사모특별자산투자신탁 348-3호 [397호] 이지스제397호전문투자형부동산사모투자회사(운용) [400호] 이지스제400호부동산일반사모투자회사 [451호(운용)] 이지스일반사모부동산투자신탁제451호(운용) [505호] 이지스제505호부동산일반사모투자회사 [514호] 이지스스텝스톤세컨더리일반사모투자신탁514호 beneficiary_89a76a4ad1c0f58073f02af5a9dac370 Brookfield Super-Core Infrastructure Partners CGV대학로 두동 LG전자 통합물류센터 두산빌딩 여의도 신한금융투자타워 펀드지분 한화투자증권 홈플러스전주효자점 화성 석포리 물류센터,canonical_entity,ast_3fc53b50b636,112132,,self,beneficiary_exposures,100
홈플러스,beneficiary,beneficiary_8fc06b591f418f97ea639ea3af8d46f4,국민은행,beneficiary exposure party,"[126호] 이지스코어리테일부동산투자신탁126호 [151호] 이지스제151호전문투자형사모부동산투자유한회사(운용) [194호] 이지스리테일부동산투자신탁194호 [395호] 이지스제395호전문투자형사모부동산투자유한회사(운용) [448-1호] 이지스미국일반사모부동산투자신탁448-1호 [448-2호] 이지스미국일반사모부동산투자신탁448-2호 [465-1호] 이지스에이치에스비씨영국선순위크레딧일반사모투자신탁465-1호 [P와이디427] 와이디427피에프브이 주식회사 [P와이디816] 와이디816피에프브이 주식회사 [코어에너지1호] 이지스코어에너지인프라일반사모투자신탁제1호 [코어인프라1호(1종)] 이지스코어에너지인프라일반사모투자신탁제1호(1종) beneficiary_8fc06b591f418f97ea639ea3af8d46f4 Hines US Property Partners 건대몰오브K 국민은행 밀레니엄힐튼호텔 부평 더샵센트럴시티 공공지원민간임대주택 비실물자산 서울로타워 신동해빌딩, NICE2사옥 지분증권 · 코어에너지1호 크레딧펀드 홈플러스전주효자점",canonical_entity,ast_c629e1d10c4f,112622,,self,beneficiary_exposures,100
홈플러스,beneficiary,beneficiary_b04d0036692e4f747277924b9b5c6c95,세콘도,beneficiary exposure party,[13호] 이지스일반사모부동산투자신탁13호(운용) beneficiary_b04d0036692e4f747277924b9b5c6c95 세콘도 홈플러스금천점 홈플러스동수원점 홈플러스센텀시티점 홈플러스영등포점,canonical_entity,ast_f0700d6e9655,112008,,self,beneficiary_exposures,100
홈플러스,beneficiary,beneficiary_c79c0d9183d228559bb10779d37bd6fc,대한지방행정공제회,beneficiary exposure party,[129호] 이지스글로벌일반사모부동산투자신탁129호(재간접형) [19호] 이지스KORIF사모부동산투자신탁19호 [343호] 이지스글로벌일반사모부동산투자신탁343호(재간접형) [348호] 이지스글로벌코어인프라일반사모특별자산투자신탁348호(재간접형) [447호] 이지스글로벌일반사모부동산투자신탁447호(재간접형) [89-1호] 이지스유럽상장코어일반사모부동산투자신탁제89-1호 [89호] 이지스유럽코어일반사모부동산투자신탁제89호 [리츠섹터SMA1호] 이지스글로벌리츠섹터포커스SMA일반사모부동산투자신탁1호 [리츠섹터SMA2호] 이지스글로벌리츠섹터포커스SMA일반사모부동산투자신탁2호 [브룩필드1호] 이지스브룩필드글로벌상장인프라일반사모투자신탁1호 [스트래티직1-2-3호] 이지스스트래티직일반사모부동산자투자신탁제1-2-3호 beneficiary_c79c0d9183d228559bb10779d37bd6fc Brookfield Super-Core Infrastructure Partners Brussels Office Brederode JP Morgan AMH HB Venture Unico Core Plus Partners 글로벌 리츠 대한지방행정공제회 비실물자산 타임워크명동 펀드지분 · 129호 홈플러스죽도점 (투자),canonical_entity,ast_3fc53b50b636,300053,,self,beneficiary_exposures,100
홈플러스,beneficiary,beneficiary_db04333d1055e7e8d32bbcceb5bf7352,농협생명보험,beneficiary exposure party,[109-1호] 이지스글로벌일반사모부동산자투자신탁109-1호 [198호] 이지스글로벌일반사모부동산투자신탁198호 [19호] 이지스KORIF사모부동산투자신탁19호 [37-1호] 이지스글로벌사모부동산투자신탁37-1호 [37-2호] 이지스글로벌사모부동산투자신탁37-2호 [83호] 이지스미국일반사모부동산투자신탁83호 [98-2호] 이지스미국일반사모부동산자투자신탁98-2호 beneficiary_db04333d1055e7e8d32bbcceb5bf7352 New York 20 Times Square Senior Loan New York Office 85 Tenth Avenue Senior Loan OJP사옥(워싱턴) Sanofi 본사(파리) 대출 Washington D.C. Atlantic Building Senior Loan Washington D.C. Woodies Building Senior Loan 농협생명보험 홈플러스죽도점 (투자),canonical_entity,ast_e5daaa392be6,112103,,self,beneficiary_exposures,100
홈플러스,beneficiary,beneficiary_e3f7e9b3ca4a79d37514577a5a13b312,케이비증권,beneficiary exposure party,"[126호] 이지스코어리테일부동산투자신탁126호 [198호] 이지스글로벌일반사모부동산투자신탁198호 [529호] 이지스미국일반사모부동산투자신탁529호 [558호] 이지스글로벌인프라일반사모투자신탁558호 [P성수티에스2차] 성수티에스2차피에프브이 주식회사 [T-프런티어1호] 이지스T-프런티어일반사모투자신탁제1호(운용) beneficiary_e3f7e9b3ca4a79d37514577a5a13b312 EQT Infrastructure VI (No.1) EUR SCSp New York 20 Times Square Senior Loan 성수동2가오피스 지분증권 · T-프런티어1호, T-프런티어1호(A), T-프런티어1호(C-i), T-프런티어1호(C-S), T-프런티어1호(C) 케이비증권 펀드지분 홈플러스전주효자점",canonical_entity,ast_2ee9ca3d2082,112208,,self,beneficiary_exposures,100
홈플러스,beneficiary,beneficiary_f29f115ce4f32038f8a7a1d5e55d8249,이지스인컴앤그로스일반사모부동산자투자신탁제2호(Blind),beneficiary exposure party,[인컴앤그로스2-1호] 이지스인컴앤그로스일반사모부동산모투자신탁제2-1호 [인컴앤그로스2-2호] 이지스인컴앤그로스일반사모부동산모투자신탁제2-2호 [인컴앤그로스2-3호] 이지스인컴앤그로스제2의3호일반사모부동산모투자회사 [인컴앤그로스2-4호] 이지스인컴앤그로스제2의4호일반사모부동산모투자회사 beneficiary_f29f115ce4f32038f8a7a1d5e55d8249 선릉위워크타워 안성홈플러스물류센터 이지스인컴앤그로스일반사모부동산자투자신탁제2호(Blind) 인천석남물류센터 평택아디다스물류센터,canonical_entity,ast_f5db0e416467,112703,,self,beneficiary_exposures,100
홈플러스,fund,112008,[13호] 이지스일반사모부동산투자신탁13호(운용),운용 | 리테일 | 대한민국,[13호] 이지스일반사모부동산투자신탁13호(운용) 112008 GIB홈플러스 KDB산은캐피탈 블루맨제일차 세콘도 수협은행 신협대주단 아이비케이연금보험 아이비케이캐피탈 아이엠뱅크 우리은행 전북은행 하나은행 하나커넥트 홈플러스금천점 홈플러스동수원점 홈플러스센텀시티점 홈플러스영등포점 흥국생명보험,canonical_entity,ast_ecd738fc0c31,112008,,self,"asset_fund_links, beneficiary_exposures, lender_exposures, v_funds_enriched",100
홈플러스,fund,112018,[19호] 이지스KORIF사모부동산투자신탁19호,운용 | 리테일 | 대한민국,[19호] 이지스KORIF사모부동산투자신탁19호 112018 NH농협생명보험 농협생명보험 대한지방행정공제회 삼성생명 삼성생명보험 애큐온캐피탈 우리은행 케이비생명 한국지방재정공제회 홈플러스삼천포점 (투자) 홈플러스죽도점 (투자) 홈플러스진주점 (투자),canonical_entity,ast_1f446ce9025d,112018,,self,"asset_fund_links, asset_project_link_resolution, beneficiary_exposures, lender_exposures, v_funds_enriched",100
홈플러스,fund,112132,[126호] 이지스코어리테일부동산투자신탁126호,운용 | 리테일 | 대한민국,[126호] 이지스코어리테일부동산투자신탁126호 112132 SBI저축은행 국민은행 머큐리자산운용 삼성생명 케이비증권 한화투자증권 홈플러스전주효자점,canonical_entity,ast_db8fd17c8890,112132,,self,"asset_fund_links, asset_project_link_resolution, beneficiary_exposures, lender_exposures, v_funds_enriched",100
홈플러스,fund,112133,[126호(A)] 이지스코어리테일부동산투자신탁126호(Class A),운용 | 리테일 | 대한민국,[126호(A)] 이지스코어리테일부동산투자신탁126호(Class A) 112133 홈플러스전주효자점,canonical_entity,ast_db8fd17c8890,112133,,self,"asset_fund_links, asset_project_link_resolution, v_funds_enriched",100
홈플러스,fund,112134,[126호(C-i)] 이지스코어리테일부동산투자신탁126호(Class C-i),운용 | 리테일 | 대한민국,[126호(C-i)] 이지스코어리테일부동산투자신탁126호(Class C-i) 112134 홈플러스전주효자점,canonical_entity,ast_db8fd17c8890,112134,,self,"asset_fund_links, asset_project_link_resolution, v_funds_enriched",100
홈플러스,fund,112225,[219호] 이지스전문투자형사모부동산투자신탁219호,미설정,[219호] 이지스전문투자형사모부동산투자신탁219호 112225 홈플러스죽도점 (투자),canonical_entity,ast_1f446ce9025d,112225,,self,"asset_fund_links, v_funds_enriched",100
홈플러스,fund,112344,[302호] 이지스코어리테일부동산투자신탁302호(운용),청산 | 리테일 | 대한민국,[302호] 이지스코어리테일부동산투자신탁302호(운용) 112344 이지스코어리테일부동산투자신탁302호(운용) 홈플러스 대전문화점 (투자) 홈플러스 인천인하점 홈플러스 전주완산점,canonical_entity,ast_765cc3a1898a,112344,,self,"asset_fund_links, asset_project_link_resolution, v_funds_enriched",100
홈플러스,fund,112345,[302호(A)] 이지스코어리테일부동산투자신탁302호(Class A),청산 | 대한민국,[302호(A)] 이지스코어리테일부동산투자신탁302호(Class A) 112345 홈플러스 인천인하점,canonical_entity,ast_db35eead7a91,112345,,self,"asset_fund_links, v_funds_enriched",100
홈플러스,fund,112346,[302호(C-I)] 이지스코어리테일부동산투자신탁302호(Class C-I),청산 | 대한민국,[302호(C-I)] 이지스코어리테일부동산투자신탁302호(Class C-I) 112346 홈플러스 인천인하점,canonical_entity,ast_db35eead7a91,112346,,self,"asset_fund_links, v_funds_enriched",100
홈플러스,fund,112348,[302호(C-P)] 이지스코어리테일부동산투자신탁302호(Class C-P),미설정,[302호(C-P)] 이지스코어리테일부동산투자신탁302호(Class C-P) 112348 홈플러스 인천인하점,canonical_entity,ast_db35eead7a91,112348,,self,"asset_fund_links, v_funds_enriched",100
1120,fund,112001,[1호] 이지스전문투자형사모부동산투자신탁1호,청산 | 리테일 | 대한민국,[1호] 이지스전문투자형사모부동산투자신탁1호 112001 2001아울렛(안양) (투자),canonical_entity,ast_d2b8095c4603,112001,,self,"asset_fund_links, v_funds_enriched",100
1120,fund,112002,[8호] 피에스KORIF사모부동산투자신탁8호,청산 | 리테일 | 대한민국,[8호] 피에스KORIF사모부동산투자신탁8호 112002,canonical_entity,,112002,,self,v_funds_enriched,100
1120,fund,112003,[2호] 피에스KORIF사모부동산투자신탁2호,청산 | 오피스 | 대한민국,[2호] 피에스KORIF사모부동산투자신탁2호 112003,canonical_entity,,112003,,self,v_funds_enriched,100
1120,fund,112004,[5호] 피에스KORIF사모부동산투자신탁5호,청산 | 리테일 | 대한민국,[5호] 피에스KORIF사모부동산투자신탁5호 112004 원주AK,canonical_entity,ast_58e37903d5ef,112004,,self,"asset_fund_links, asset_project_link_resolution, v_funds_enriched",100
1120,fund,112005,[6호] 이지스전문투자형사모부동산투자신탁6호,운용 | 오피스 | 대한민국,[6호] 이지스전문투자형사모부동산투자신탁6호 112005 DBS Bank Gangnam Asset PTE.LTD MUFG Bank Pinnacle KR Asset PTE.LTD 개인(Tow Heng Tan) 더피나클강남 (투자) 홍콩상하이은행,canonical_entity,ast_edd6f6c3e3e5,112005,,self,"asset_fund_links, asset_project_link_resolution, beneficiary_exposures, lender_exposures, v_funds_enriched",100
1120,fund,112006,[7호] 이지스일반사모부동산투자신탁7호,운용 | 리테일 | 대한민국,[7호] 이지스일반사모부동산투자신탁7호 112006 DB손해보험 경찰공제회 국민연금공단 눈스퀘어 이지스자산운용 하나은행,canonical_entity,ast_fe9e7fc006fb,112006,,self,"asset_fund_links, beneficiary_exposures, lender_exposures, v_funds_enriched",100
1120,fund,112007,[12호] 이지스KORIF사모부동산 투자신탁12호,청산 | 리테일 | 대한민국,[12호] 이지스KORIF사모부동산 투자신탁12호 112007 롯데마트(나주),canonical_entity,ast_668935b47b6b,112007,,self,"asset_fund_links, asset_project_link_resolution, v_funds_enriched",100
1120,fund,112008,[13호] 이지스일반사모부동산투자신탁13호(운용),운용 | 리테일 | 대한민국,[13호] 이지스일반사모부동산투자신탁13호(운용) 112008 GIB홈플러스 KDB산은캐피탈 블루맨제일차 세콘도 수협은행 신협대주단 아이비케이연금보험 아이비케이캐피탈 아이엠뱅크 우리은행 전북은행 하나은행 하나커넥트 홈플러스금천점 홈플러스동수원점 홈플러스센텀시티점 홈플러스영등포점 흥국생명보험,canonical_entity,ast_ecd738fc0c31,112008,,self,"asset_fund_links, beneficiary_exposures, lender_exposures, v_funds_enriched",100
1120,fund,112009,[11-1호] 이지스KORIF사모부동산 투자신탁 11-1호,청산 | 오피스 | 대한민국,[11-1호] 이지스KORIF사모부동산 투자신탁 11-1호 112009 런던원우드스트리트 Prime오피스,canonical_entity,ast_8e254bfe7df1,112009,,self,"asset_fund_links, asset_project_link_resolution, v_funds_enriched",100
1120,fund,112010,[11-2호] 이지스KORIF사모부동산 투자신탁 11-2호,청산 | 오피스 | 대한민국,[11-2호] 이지스KORIF사모부동산 투자신탁 11-2호 112010 런던원우드스트리트 Prime오피스,canonical_entity,ast_8e254bfe7df1,112010,,self,"asset_fund_links, asset_project_link_resolution, v_funds_enriched",100
1120,fund,112011,[14호] 이지스일반사모부동산투자신탁14호,운용 | 호텔 | 대한민국,[14호] 이지스일반사모부동산투자신탁14호 112011 DB손해보험 대신저축은행 미래에셋증권 삼성생명보험 신라스테이울산 아이엠뱅크 유안타저축은행 케이디비산업은행,canonical_entity,ast_74fc8d406c81,112011,,self,"asset_fund_links, asset_project_link_resolution, beneficiary_exposures, lender_exposures, v_funds_enriched",100
1120,fund,112012,[16호] 이지스KORIF사모부동산투자신탁16호,운용 | 오피스 | 대한민국,[16호] 이지스KORIF사모부동산투자신탁16호 112012 동일스위트 동일타워 (투자) 삼성생명,canonical_entity,ast_0eebe3722ecd,112012,,self,"asset_fund_links, asset_project_link_resolution, beneficiary_exposures, lender_exposures, v_funds_enriched",100
1120,fund,112013,[18B호] 이지스KORIF사모부동산자투자신탁18B호,청산 | 지분증권 | 대한민국,[18B호] 이지스KORIF사모부동산자투자신탁18B호 112013,canonical_entity,,112013,,self,v_funds_enriched,100
1120,fund,112014,[18-2호] 이지스KORIF사모부동산모투자신탁18-2호,청산 | 오피스 | 대한민국,[18-2호] 이지스KORIF사모부동산모투자신탁18-2호 112014,canonical_entity,,112014,,self,v_funds_enriched,100
1120,fund,112015,[18A호] 이지스일반사모부동산자투자신탁18A호(운용),운용 | 지분증권 | 대한민국,[18A호] 이지스일반사모부동산자투자신탁18A호(운용) 112015,canonical_entity,,112015,,self,v_funds_enriched,100
1120,fund,112016,[18-1호] 이지스일반사모부동산모투자신탁18-1호,운용 | 오피스 | 대한민국,[18-1호] 이지스일반사모부동산모투자신탁18-1호 112016 교보생명 국민은행 남산그린빌딩 롯데캐피탈 삼성화재 신한은행 이지스KORIF사모부동산자투자신탁18A호 하나캐피탈,canonical_entity,ast_a87124d2b233,112016,,self,"asset_fund_links, beneficiary_exposures, lender_exposures, v_funds_enriched",100
1120,fund,112017,[10호] 이지스KORIF일반사모부동산투자신탁10호,운용 | 복합(오피스) | 대한민국,[10호] 이지스KORIF일반사모부동산투자신탁10호 112017 DB손해보험 G밸리비즈플라자 MG새마을금고 에스원 이지스자산운용 이지스제555호부동산일반사모투자회사,canonical_entity,ast_21ccb7c9f7bd,112017,,self,"asset_fund_links, beneficiary_exposures, lender_exposures, v_funds_enriched",100
1120,fund,112018,[19호] 이지스KORIF사모부동산투자신탁19호,운용 | 리테일 | 대한민국,[19호] 이지스KORIF사모부동산투자신탁19호 112018 NH농협생명보험 농협생명보험 대한지방행정공제회 삼성생명 삼성생명보험 애큐온캐피탈 우리은행 케이비생명 한국지방재정공제회 홈플러스삼천포점 (투자) 홈플러스죽도점 (투자) 홈플러스진주점 (투자),canonical_entity,ast_1f446ce9025d,112018,,self,"asset_fund_links, asset_project_link_resolution, beneficiary_exposures, lender_exposures, v_funds_enriched",100
1120,fund,112019,[17-1호] 이지스KORIF사모부동산투자신탁17-1호,청산 | 오피스 | 대한민국,[17-1호] 이지스KORIF사모부동산투자신탁17-1호 112019 London Office Ropemaker Place,canonical_entity,ast_f5fc5bbdb980,112019,,self,"asset_fund_links, asset_project_link_resolution, v_funds_enriched",100
1120,fund,112020,[17-2호] 이지스KORIF사모부동산투자신탁17-2호,청산 | 오피스 | 대한민국,[17-2호] 이지스KORIF사모부동산투자신탁17-2호 112020 London Office Ropemaker Place,canonical_entity,ast_f5fc5bbdb980,112020,,self,"asset_fund_links, asset_project_link_resolution, v_funds_enriched",100
1120,fund,112021,[17-3호] 이지스KORIF사모부동산투자신탁17-3호,청산 | 오피스 | 대한민국,[17-3호] 이지스KORIF사모부동산투자신탁17-3호 112021 London Office Ropemaker Place,canonical_entity,ast_f5fc5bbdb980,112021,,self,"asset_fund_links, asset_project_link_resolution, v_funds_enriched",100
1120,fund,112022,[17-4호] 이지스KORIF사모부동산투자신탁17-4호,청산 | 오피스 | 대한민국,[17-4호] 이지스KORIF사모부동산투자신탁17-4호 112022 London Office Ropemaker Place,canonical_entity,ast_f5fc5bbdb980,112022,,self,"asset_fund_links, asset_project_link_resolution, v_funds_enriched",100
1120,fund,112024,[25호] 이지스일반사모부동산투자신탁25호(운용),운용 | 오피스 | 대한민국,[25호] 이지스일반사모부동산투자신탁25호(운용) 112024 삼성화재 이지스레지던스리츠 이지스밸류리츠 트윈트리타워 현대해상화재보험,canonical_entity,ast_b79d97794e21,112024,,self,"asset_fund_links, beneficiary_exposures, lender_exposures, v_funds_enriched",100
1120,fund,112025,[22호] 이지스 KORIF 사모부동산투자신탁 22호,청산 | 오피스 | 대한민국,[22호] 이지스 KORIF 사모부동산투자신탁 22호 112025 서영빌딩 (투자) 탑빌딩 트리스빌딩 (투자) 호수빌딩,canonical_entity,ast_03afde6453fc,112025,,self,"asset_fund_links, asset_project_link_resolution, v_funds_enriched",100
1120,fund,112026,[20-1호] 이지스해외간접RES사모부동산투자신탁제20-1호,운용 | 복합(오피스) | 글로벌,[20-1호] 이지스해외간접RES사모부동산투자신탁제20-1호 112026 PartnersGroup Real Estate Secondary 2013 개인(박상태) 과학기술인공제회,canonical_entity,ast_a69271e859b5,112026,,self,"asset_fund_links, asset_project_link_resolution, beneficiary_exposures, v_funds_enriched",100
1120,fund,112027,[23호] 이지스타이탄사모부동산투자신탁23호,청산 | 대한민국,[23호] 이지스타이탄사모부동산투자신탁23호 112027,canonical_entity,,112027,,self,v_funds_enriched,100
1120,fund,112028,[24호] 이지스사모부동산투자신탁24호,청산 | 복합(호텔) | 대한민국,[24호] 이지스사모부동산투자신탁24호 112028,canonical_entity,,112028,,self,v_funds_enriched,100
1120,fund,112029,[28호] 이지스엔지제28호사모부동산투자유한회사,운용 | 오피스 | 대한민국,[28호] 이지스엔지제28호사모부동산투자유한회사 112029 M&G (APF 1 S.a.r.l) M&G (APF 2 S.a.r.l) OCBC Bank 노스게이트빌딩,canonical_entity,ast_99bb7e6dd0fa,112029,,self,"asset_fund_links, beneficiary_exposures, lender_exposures, v_funds_enriched",100
1120,fund,112030,[20-2호] 이지스해외간접RES사모부동산투자신탁제20-2호,운용 | 복합(오피스) | 글로벌,[20-2호] 이지스해외간접RES사모부동산투자신탁제20-2호 112030 PartnersGroup Real Estate Secondary 2013 군인공제회 전문건설공제조합,canonical_entity,ast_a69271e859b5,112030,,self,"asset_fund_links, asset_project_link_resolution, beneficiary_exposures, v_funds_enriched",100
1120,fund,112031,[31호] 이지스사모부동산투자신탁31호,청산 | 대한민국,[31호] 이지스사모부동산투자신탁31호 112031,canonical_entity,,112031,,self,v_funds_enriched,100
1120,fund,112032,[20-3호] 이지스해외간접RES사모부동산투자신탁제20-3호,운용 | 복합(오피스) | 글로벌,[20-3호] 이지스해외간접RES사모부동산투자신탁제20-3호 112032 PartnersGroup Real Estate Secondary 2013 개인(박상태) 경찰공제회,canonical_entity,ast_a69271e859b5,112032,,self,"asset_fund_links, asset_project_link_resolution, beneficiary_exposures, v_funds_enriched",100
1120,fund,112033,[32호] 이지스티디에이치제32호사모부동산투자유한회사,운용 | 복합(호텔) | 대한민국,[32호] 이지스티디에이치제32호사모부동산투자유한회사 112033 ASSKR1 I.O.IV IOIV TDH2 대구시티센터 (투자) 퍼시픽제33호전문사모부동산투자유한회사,canonical_entity,ast_1c2b0c57e8b7,112033,,self,"asset_fund_links, beneficiary_exposures, lender_exposures, v_funds_enriched",100
1120,fund,112034,[33호] 이지스일반사모부동산투자신탁33호(운용),운용 | 호텔 | 대한민국,[33호] 이지스일반사모부동산투자신탁33호(운용) 112034 신라스테이제주 신한은행 신한캐피탈 아이비케이투자증권 이지스자산운용 제주은행 한국투자증권,canonical_entity,ast_dd6e846e65f4,112034,,self,"asset_fund_links, asset_project_link_resolution, beneficiary_exposures, lender_exposures, v_funds_enriched",100
1120,fund,112035,[37-1호] 이지스글로벌사모부동산투자신탁37-1호,운용 | 오피스 | 글로벌,[37-1호] 이지스글로벌사모부동산투자신탁37-1호 112035 Bell 본사(몬트리올) OJP사옥(워싱턴) Sanofi 본사(파리) 교보생명보험 농협생명보험 롯데손해보험 새마을금고중앙회 신용협동조합중앙회 한화생명보험,canonical_entity,ast_bc4589571b0d,112035,,self,"asset_fund_links, asset_project_link_resolution, beneficiary_exposures, v_funds_enriched",100
1120,fund,112036,[37-2호] 이지스글로벌사모부동산투자신탁37-2호,운용 | 오피스 | 글로벌,[37-2호] 이지스글로벌사모부동산투자신탁37-2호 112036 Bell 본사(몬트리올) 대출 OJP사옥(워싱턴) 대출 Sanofi 본사(파리) 대출 교보생명보험 농협생명보험 롯데손해보험 새마을금고중앙회 신용협동조합중앙회 한화생명보험,canonical_entity,ast_39ccf4397829,112036,,self,"asset_fund_links, asset_project_link_resolution, beneficiary_exposures, v_funds_enriched",100
1120,fund,112037,[30호] 이지스복합쇼핑몰사모부동산투자신탁30호,운용 | 리테일 | 대한민국,[30호] 이지스복합쇼핑몰사모부동산투자신탁30호 112037 DB손해보험 과학기술인공제회 국민연금공단 롯데수원역쇼핑타운토지 이지스자산운용,canonical_entity,ast_e0a9abed71bf,112037,,self,"asset_fund_links, asset_project_link_resolution, beneficiary_exposures, lender_exposures, v_funds_enriched",100
1120,fund,112038,[35호] 이지스사모부동산투자신탁35호,운용 | 오피스 | 대한민국,[35호] 이지스사모부동산투자신탁35호 112038 넥슨코리아 삼성생명 오토웨이타워 한국교직원공제회,canonical_entity,ast_3e4a7ba7841a,112038,,self,"asset_fund_links, beneficiary_exposures, lender_exposures, v_funds_enriched",100
1120,fund,112039,[42호] 이지스일반사모부동산투자신탁42호(운용),운용 | 오피스 | 대한민국,[42호] 이지스일반사모부동산투자신탁42호(운용) 112039 ADCF Megatrends Singapore Pte Ltd Nuveen Group Holdings Limited 우리은행 우리은행(캡스톤대출플랫폼일반사모투자신탁2호의 신탁업자) 정동빌딩,canonical_entity,ast_a60a75cb3e01,112039,,self,"asset_fund_links, beneficiary_exposures, lender_exposures, v_funds_enriched",100
1120,fund,112040,[45호] 이지스KORIF45호,미설정,[45호] 이지스KORIF45호 112040 원주AK,canonical_entity,ast_58e37903d5ef,112040,,self,"asset_fund_links, v_funds_enriched",100
1120,fund,112041,[40호] 이지스해외간접ELP사모부동산투자신탁제40호,청산 | 물류 | 유럽,[40호] 이지스해외간접ELP사모부동산투자신탁제40호 112041 펀드지분 · 40호,canonical_entity,ast_a86fcdf7e228,112041,,self,"asset_fund_links, asset_project_link_resolution, v_funds_enriched",100
1120,fund,112042,[43호] 이지스일반사모부동산모투자신탁43호,청산 | 호텔 | 대한민국,[43호] 이지스일반사모부동산모투자신탁43호 112042 신라스테이서대문,canonical_entity,ast_8237a62aef6a,112042,,self,"asset_fund_links, asset_project_link_resolution, v_funds_enriched",100
1120,fund,112043,[43-1호] 이지스사모부동산자투자신탁43-1호,청산 | 호텔 | 대한민국,[43-1호] 이지스사모부동산자투자신탁43-1호 112043 이지스모 43호,canonical_entity,ast_a71132d3cc09,112043,,self,"asset_fund_links, asset_project_link_resolution, v_funds_enriched",100
1120,fund,112044,[43-2호] 이지스사모부동산자투자신탁43-2호,청산 | 호텔 | 대한민국,[43-2호] 이지스사모부동산자투자신탁43-2호 112044 이지스모 43호,canonical_entity,ast_a71132d3cc09,112044,,self,"asset_fund_links, asset_project_link_resolution, v_funds_enriched",100
1120,fund,112045,[26호] 이지스사모부동산투자신탁26호,청산 | 오피스 | 대한민국,[26호] 이지스사모부동산투자신탁26호 112045,canonical_entity,,112045,,self,v_funds_enriched,100
1120,fund,112046,[15호] 이지스프랑스오피스사모부동산투자신탁제15호,청산 | 오피스 | 유럽,[15호] 이지스프랑스오피스사모부동산투자신탁제15호 112046 프랑스 Orange Telecome 오피스,canonical_entity,ast_230b908af3f7,112046,,self,"asset_fund_links, asset_project_link_resolution, v_funds_enriched",100
1120,fund,112047,[48호] 이지스사모부동산투자신탁48호,청산 | 리테일 | 대한민국,[48호] 이지스사모부동산투자신탁48호 112047 남악신도시 복합쇼핑몰 (투자),canonical_entity,ast_e2fd03212beb,112047,,self,"asset_fund_links, asset_project_link_resolution, v_funds_enriched",100
1120,fund,112048,[47호] 이지스일반사모부동산투자신탁47호(운용),운용 | 호텔 | 대한민국,[47호] 이지스일반사모부동산투자신탁47호(운용) 112048 KDB산은캐피탈 메트라이프생명보험 신라스테이해운대 신한은행 엔에이치투자증권 이지스리얼에셋일반사모부동산투자신탁제1호 제주은행,canonical_entity,ast_39df6f35071a,112048,,self,"asset_fund_links, asset_project_link_resolution, beneficiary_exposures, lender_exposures, v_funds_enriched",100
1120,fund,112049,[50호] 이지스글로벌일반사모부동산투자신탁50호,운용 | 오피스 | 북미,[50호] 이지스글로벌일반사모부동산투자신탁50호 112049 Atlanta Office Midtown I Atlanta Office Midtown II Atlanta Office Midtown 주차빌딩 별정우체국연금관리단 우정사업본부(보험) 우정사업본부(예금),canonical_entity,ast_2dabc46c306b,112049,,self,"asset_fund_links, asset_project_link_resolution, beneficiary_exposures, v_funds_enriched",100
1120,fund,112050,[46호] 이지스해외간접PTELF사모부동산투자신탁제46호,청산 | 물류 | 유럽,"[46호] 이지스해외간접PTELF사모부동산투자신탁제46호 112050 펀드지분 · 46-1호, 46호",canonical_entity,ast_6b75948563b6,112050,,self,"asset_fund_links, asset_project_link_resolution, v_funds_enriched",100
1120,fund,112051,[52호] 이지스유럽재간접사모부동산투자신탁제52호,운용 | 복합(오피스) | 유럽,"[52호] 이지스유럽재간접사모부동산투자신탁제52호 112051 과학기술인공제회 이지스자산운용 펀드지분 · 152호, 452호, 52호, 95-2호",canonical_entity,ast_6d4a384539b2,112051,,self,"asset_fund_links, asset_project_link_resolution, beneficiary_exposures, v_funds_enriched",100
