project_name,primary_asset_id,master_project_id,master_project_code,mission_project_id,mission_project_code_before,mission_project_code_after,payload_fields
판교 아이스퀘어 E동,ast_578a66328a1e,project_notion_3268ced4-3c47-8158-8902-f21ce55b3dd5,PRJ-166,project_notion_3258ced4-3c47-81dc-9708-ed71db63bfd9,,PRJ-166,"metadata,project_code"
후너스빌딩,ast_1063cfdde684,project_notion_3268ced4-3c47-8159-b4ed-fa4f99b0e39d,PRJ-173,project_notion_3258ced4-3c47-818b-998b-db152c8abc76,,PRJ-173,"metadata,project_code"
팩토리얼 용산(용산 나진상가 재개발),,project_notion_3268ced4-3c47-815a-8d41-cd567948a9f1,PRJ-155,project_notion_3258ced4-3c47-8112-b036-c2173374bb23,,PRJ-155,"metadata,project_code"
미국 Scannell 물류 선매입 (No. 380),,project_notion_3268ced4-3c47-815c-a95c-cfdf89a93e03,PRJ-108,project_notion_3258ced4-3c47-8103-863b-c4faf6df5cce,,PRJ-108,"metadata,project_code"
더피나클강남,ast_edd6f6c3e3e5,project_notion_3268ced4-3c47-815d-bc7b-f9af47473801,PRJ-28,project_notion_3258ced4-3c47-8133-9e4f-e15caf3f7fd9,,PRJ-28,"metadata,project_code"
Paris Logistics Amazon,ast_713f8b4e24da,project_notion_3268ced4-3c47-815d-bd05-ff3741cc9101,PRJ-120,project_notion_3258ced4-3c47-8193-adc6-c875a6aec45a,,PRJ-120,"metadata,project_code"
뉴멕시코 아마존물류센터 개발,ast_f7a36f9524d4,project_notion_3268ced4-3c47-815e-8d21-faffc769a215,PRJ-25,project_notion_3258ced4-3c47-819e-adc6-d2f3a6d1dad3,,PRJ-25,"metadata,project_code"
평촌 G스퀘어,ast_03b867e56a1e,project_notion_3268ced4-3c47-815e-a4e5-c8bff77f2023,PRJ-149,project_notion_3258ced4-3c47-8189-8e94-ec28b1f3cf28,,PRJ-149,"metadata,project_code"
수서 PF재구조화펀드,ast_53985b2bb7f9,project_notion_3268ced4-3c47-8160-8514-e2f637de8531,PRJ-76,project_notion_3258ced4-3c47-811c-8b02-fb0dee02d093,,PRJ-76,"metadata,project_code"
남산소월타워 (舊 SK남산그린빌딩),,project_notion_3268ced4-3c47-8161-b97b-ee9063439baa,PRJ-168,project_notion_3258ced4-3c47-8189-ba69-ea321ec2c2e5,,PRJ-168,"metadata,project_code"
이오타서울 816,,project_notion_3268ced4-3c47-81bd-b9d1-c30e5cb3c556,PRJ-161,project_notion_3258ced4-3c47-81cb-a4ff-e9df05eb2777,,PRJ-161,"metadata,project_code"
구로 지밸리 프로젝트,,project_notion_3268ced4-3c47-8160-8cf7-e12b0111266c,PRJ-22,project_notion_3258ced4-3c47-8161-8493-d0533ea0fe3e,,PRJ-22,"metadata,project_code"
"Atlanta Office Midtown I, Atlanta Office Midtown II, Atlanta Office Midtown 주차빌딩",ast_2dabc46c306b,project_notion_3268ced4-3c47-8162-8149-efbb53678191,PRJ-111,project_notion_3258ced4-3c47-815f-b2c0-d9be44fbd27e,,PRJ-111,"metadata,project_code"
을지로3가 10지구,ast_5d4460265c4e,project_notion_3268ced4-3c47-8162-a8b7-df7bc124ded0,PRJ-57,project_notion_3258ced4-3c47-81f5-be7c-d44bb26eea52,,PRJ-57,"metadata,project_code"
둔산파이낸스센터,ast_e547d4e384c5,project_notion_3268ced4-3c47-8162-bbc1-c31d85c20612,PRJ-31,project_notion_3258ced4-3c47-8191-b315-e81df37e9631,,PRJ-31,"metadata,project_code"
이오타서울 427,,project_notion_3268ced4-3c47-8165-8ff6-e4763681b23a,PRJ-160,project_notion_3258ced4-3c47-818d-9da5-c27149a74a92,,PRJ-160,"metadata,project_code"
US Courtyard by Marriott Portfolio Mezzanine A Loan,ast_9de000745f5e,project_notion_3268ced4-3c47-8165-bc3d-fcfa6daf78ae,PRJ-104,project_notion_3258ced4-3c47-8139-9590-ed11ea9d7b29,,PRJ-104,"metadata,project_code"
양산 석암 물류센터,ast_4a2972f3fd4f,project_notion_3268ced4-3c47-8167-a328-f06e22dc7dcc,PRJ-10,project_notion_3258ced4-3c47-817e-9179-d285c2009a46,,PRJ-10,"metadata,project_code"
"Sanofi 본사(파리), Bell 본사(몬트리올), OJP사옥(워싱턴)",ast_bc4589571b0d,project_notion_3268ced4-3c47-8169-a369-de52c7a26de5,PRJ-124,project_notion_3258ced4-3c47-8122-b87b-da27e0bf4951,,PRJ-124,"metadata,project_code"
시그니쳐타워,,project_notion_3268ced4-3c47-816b-9774-fd5790ed0ba2,PRJ-180,project_notion_3258ced4-3c47-81ba-b46d-e7002cae3309,,PRJ-180,"metadata,project_code"
TH Real Estate China Outlet Mall Fund,ast_b439b42b3d44,project_notion_3268ced4-3c47-816a-92dd-d278c996b3c0,PRJ-95,project_notion_3258ced4-3c47-811b-8c7f-c3ccbce5cadd,,PRJ-95,"metadata,project_code"
아레나스 안성,ast_d3958acf9d57,project_notion_3268ced4-3c47-816b-bc66-d6dc896e5830,PRJ-137,project_notion_3258ced4-3c47-8126-ad66-f2a6056c4254,,PRJ-137,"metadata,project_code"
더강남832,,project_notion_3268ced4-3c47-816c-88df-fe9f52b3f3c6,PRJ-27,project_notion_3258ced4-3c47-81bd-8cae-d653d94a7a92,,PRJ-27,"metadata,project_code"
미국 뉴욕 맨하탄 소재 오피스 자산 “285 Madison Avenue”의 선순위 담보대출,ast_4273abf1dd9d,project_notion_3268ced4-3c47-8170-877d-d4ac221a3d08,PRJ-81,project_notion_3258ced4-3c47-81a5-bc98-e3f88c29b4fb,,PRJ-81,"metadata,project_code"
포포인츠바이쉐라톤 서울 명동,,project_notion_3268ced4-3c47-81ef-a723-f047fb5593c8,PRJ-183,project_notion_3258ced4-3c47-819e-838b-e9b1fd4015b0,,PRJ-183,"metadata,project_code"
태평로빌딩,,project_notion_3268ced4-3c47-81e7-8608-d7f1f1b9841c,PRJ-37,project_notion_3258ced4-3c47-81e5-b37d-ec3ca820bf1e,,PRJ-37,"metadata,project_code"
UBS Trumbull Property Income Fund,ast_8a2bc4422178,project_notion_3268ced4-3c47-8170-b1cf-fb18043205ae,PRJ-102,project_notion_3258ced4-3c47-817d-bebf-d3487e98e8a7,,PRJ-102,"metadata,project_code"
인천 석남 물류센터,ast_0920c9043185,project_notion_3268ced4-3c47-8175-ac2a-f97421459f44,PRJ-148,project_notion_3258ced4-3c47-8166-8841-e0de7316e354,,PRJ-148,"metadata,project_code"
이태원 문집·근생 개발사업,,project_notion_3268ced4-3c47-8176-9f29-d56e173b78a7,PRJ-58,project_notion_3258ced4-3c47-8111-946e-d89cf4d304f9,,PRJ-58,"metadata,project_code"
아레나스 양지,ast_3aee5443a745,project_notion_3268ced4-3c47-8178-8c58-f9e27b506db3,PRJ-146,project_notion_3258ced4-3c47-81b7-91a0-d8146935f603,,PRJ-146,"metadata,project_code"
선릉 위워크타워,,project_notion_3268ced4-3c47-8179-babe-c4047484b7be,PRJ-144,project_notion_3258ced4-3c47-8101-952b-d1a487343d32,,PRJ-144,"metadata,project_code"
미국 Scannell 물류 선매입 (No. 417),,project_notion_3268ced4-3c47-817a-be45-ccc436b74ea4,PRJ-109,project_notion_3258ced4-3c47-81f0-a6c8-d9a8b4cc6a1d,,PRJ-109,"metadata,project_code"
Apollo European Principal Finance Fund IV,ast_f78917a3690c,project_notion_3268ced4-3c47-817d-a536-e0e314dd4828,PRJ-85,project_notion_3258ced4-3c47-818b-9ada-c0f8fac21d0a,,PRJ-85,"metadata,project_code"
맹그로브 동대문,,project_notion_3268ced4-3c47-817f-86cf-e42d208ceef8,PRJ-65,project_notion_3258ced4-3c47-8117-8895-cc0dfe9cf471,,PRJ-65,"metadata,project_code"
Abry Advanced Securities Fund III CV-A,ast_4d35344df3a2,project_notion_3268ced4-3c47-817e-84dc-db6eb8dee5f2,PRJ-83,project_notion_3258ced4-3c47-81a6-a433-ed34928f9dcb,,PRJ-83,"metadata,project_code"
ARDIAN Infrastructure Fund VI,ast_4ae20e9370ca,project_notion_3268ced4-3c47-8184-9808-dea3ff489d9c,PRJ-87,project_notion_3258ced4-3c47-81f8-b08d-e7fdd34ce1d7,,PRJ-87,"metadata,project_code"
정동빌딩,,project_notion_3268ced4-3c47-819d-b3ef-e170bfa31e7e,PRJ-33,project_notion_3258ced4-3c47-8156-a370-d097e997f0bd,,PRJ-33,"metadata,project_code"
New York 787 Seventh Avenue Mezzanine Loan,ast_e82ed4b638d4,project_notion_3268ced4-3c47-8185-aa6b-f930c7c1d8b3,PRJ-186,project_notion_3258ced4-3c47-8193-99e0-f53579aa8e9f,,PRJ-186,"metadata,project_code"
IAYD,ast_0bed91ccb4ec,project_notion_3268ced4-3c47-8186-9bf6-f3c210b23ec1,PRJ-17,project_notion_3258ced4-3c47-8147-9434-e49976f6eaf9,,PRJ-17,"metadata,project_code"
Washington D.C. Washington Square Mezzanine Loan,ast_7a41b6b1cb32,project_notion_3268ced4-3c47-8186-ae59-ccdbad5d7d04,PRJ-197,project_notion_3258ced4-3c47-8110-9810-c4c422e5c402,,PRJ-197,"metadata,project_code"
공무원연금관리공단 글로벌부동산 재간접펀드 (AEW / Brookfieild) 설정,ast_4ce1803146bf,project_notion_3268ced4-3c47-8187-9c21-dde39ac7bb68,PRJ-80,project_notion_3258ced4-3c47-81fb-90c0-e6f4f92bb974,,PRJ-80,"metadata,project_code"
동일타워,ast_0eebe3722ecd,project_notion_3268ced4-3c47-8187-a4aa-cd3b979ff0a1,PRJ-30,project_notion_3258ced4-3c47-8131-9a62-c15e42f4c623,,PRJ-30,"metadata,project_code"
용산 더프라임,ast_6c15b114075c,project_notion_3268ced4-3c47-818b-8630-ff8cfc5a364a,PRJ-138,project_notion_3258ced4-3c47-814f-8090-fc2a4dd7a5ac,,PRJ-138,"metadata,project_code"
맹그로브 신설,,project_notion_3268ced4-3c47-818b-b9db-ea44f7fbf8dc,PRJ-66,project_notion_3258ced4-3c47-81b5-b572-d737e7319a8c,,PRJ-66,"metadata,project_code"
부림빌딩,,project_notion_3268ced4-3c47-818c-aed3-daba977f2d26,PRJ-135,project_notion_3258ced4-3c47-81af-974e-eb74e82227b7,,PRJ-135,"metadata,project_code"
아레나스 영종,ast_b9718f8cb5fe,project_notion_3268ced4-3c47-818e-8d7d-c91accb9124b,PRJ-175,project_notion_3258ced4-3c47-81b0-a461-ff2b7a8ff607,,PRJ-175,"metadata,project_code"
트윈트리,,project_notion_3268ced4-3c47-818f-97ad-d0100b70a096,PRJ-39,project_notion_3258ced4-3c47-810e-b90b-d9482afc46e5,,PRJ-39,"metadata,project_code"
삼성중공업 판교R&D센터,ast_156c375e17dc,project_notion_3268ced4-3c47-8190-bf32-fc7d759939c2,PRJ-69,project_notion_3258ced4-3c47-8123-9b77-e65b40d81060,,PRJ-69,"metadata,project_code"
AEW Partners Real Estate Fund X,ast_5c3c9c2755cf,project_notion_3268ced4-3c47-8192-9902-fb2b11578848,PRJ-84,project_notion_3258ced4-3c47-81ed-8a19-fc90ef9a9e18,,PRJ-84,"metadata,project_code"
Nuveen Real Estate U.S. Cities Multifamily Fund,ast_22f2b5989936,project_notion_3268ced4-3c47-8192-b83d-c0ae97a27553,PRJ-193,project_notion_3258ced4-3c47-8107-8ec5-cbecaf705a8d,,PRJ-193,"metadata,project_code"
건대 몰오브케이,,project_notion_3268ced4-3c47-8192-beef-fa0f80199925,PRJ-7,project_notion_3258ced4-3c47-814a-9829-e13bd6cd9b4f,,PRJ-7,"metadata,project_code"
Delaware Logistics Amazon FC,ast_5c591e0531aa,project_notion_3268ced4-3c47-8197-807d-fc8814e4f52f,PRJ-114,project_notion_3258ced4-3c47-81a2-98c6-dc94f2fa35c1,,PRJ-114,"metadata,project_code"
Nuveen Global Real Estate Debt Partners Fund III (UK),ast_a809ac0199e2,project_notion_3268ced4-3c47-819a-828e-c2b0d84b9a29,PRJ-191,project_notion_3258ced4-3c47-8112-a022-e02096b475c3,,PRJ-191,"metadata,project_code"
공주시 공동주택 개발사업,ast_acf1169ec73d,project_notion_3268ced4-3c47-819a-988e-e762b25ab325,PRJ-128,project_notion_3258ced4-3c47-81f1-8acf-fa0dcf911205,,PRJ-128,"metadata,project_code"
삼성동빌딩 (실물우선주),ast_d6b3682a1147,project_notion_3268ced4-3c47-819b-a152-ff2ec283b4f4,PRJ-68,project_notion_3258ced4-3c47-8170-9352-ecf811de25bd,,PRJ-68,"metadata,project_code"
원센티널(舊 신한금융투자타워),,project_notion_3268ced4-3c47-810a-abf1-f69630868445,PRJ-177,project_notion_3258ced4-3c47-81c6-87e2-f77e714dfccd,,PRJ-177,"metadata,project_code"
New York Jackson Park CMBS Loan,ast_4f430ef52910,project_notion_3268ced4-3c47-810e-a029-ce6227606a25,PRJ-187,project_notion_3258ced4-3c47-81a4-931d-fa69bddec6ff,,PRJ-187,"metadata,project_code"
Unico Core Plus Partners,ast_334dab757ff6,project_notion_3268ced4-3c47-81b1-9741-fd87a8c3a8e4,PRJ-103,project_notion_3258ced4-3c47-81a8-946f-ca93f4069c30,,PRJ-103,"metadata,project_code"
센터필드,,project_notion_3268ced4-3c47-8160-8815-f301cc87ff71,PRJ-178,project_notion_3258ced4-3c47-8137-9739-c4f8de51b0aa,,PRJ-178,"metadata,project_code"
인천 서구 가좌동 데이터센터 선매입,ast_6620a797dae4,project_notion_3268ced4-3c47-810e-a5e9-c9dd92e38c0b,PRJ-59,project_notion_3258ced4-3c47-816b-a48f-fe910c82beb6,,PRJ-59,"metadata,project_code"
안산 글로벌클라우드센터 개발,ast_512881449c97,project_notion_3268ced4-3c47-8111-80c5-f382fb82d91d,PRJ-176,project_notion_3258ced4-3c47-81cf-88a1-d01be50c7fd0,,PRJ-176,"metadata,project_code"
Balbec InSolve Global Credit Fund III,ast_0d9b6bc27220,project_notion_3268ced4-3c47-8111-8dd1-f999489f77a3,PRJ-92,project_notion_3258ced4-3c47-8146-acbe-e1a0f3f406a8,,PRJ-92,"metadata,project_code"
백암빌딩(OPUS459),,project_notion_3268ced4-3c47-8112-8dad-de7cf377d704,PRJ-163,project_notion_3258ced4-3c47-817b-b954-d181fde727df,,PRJ-163,"metadata,project_code"
Starwood European Real Estate Debt Finance II (SEREDF II,ast_dd63895bac49,project_notion_3268ced4-3c47-8113-9cf3-c1b62fe76421,PRJ-198,project_notion_3258ced4-3c47-8140-9b02-e2e7471cf4e1,,PRJ-198,"metadata,project_code"
효제동 주거용 오피스텔,ast_473b1c633c1b,project_notion_3268ced4-3c47-8116-9985-ee93e8fcc3d3,PRJ-134,project_notion_3258ced4-3c47-817a-8987-ca5881e5effb,,PRJ-134,"metadata,project_code"
Odawara Logistics Amazon FC I,ast_baffca3def0d,project_notion_3268ced4-3c47-8116-9b34-c5b964f19827,PRJ-119,project_notion_3258ced4-3c47-8106-8a3b-d2d13f5f94fc,,PRJ-119,"metadata,project_code"
타임워크 웨스트 (신도림),,project_notion_3268ced4-3c47-8119-bb90-dfa34d268dfe,PRJ-1,project_notion_3258ced4-3c47-81f4-825b-cecf97621dce,,PRJ-1,"metadata,project_code"
"Albany, Cleveland, Omaha BTS Logistics",ast_74b58d4dd7c7,project_notion_3268ced4-3c47-8117-ae0e-f6a2eeb1c294,PRJ-110,project_notion_3258ced4-3c47-81da-956e-e833fece1802,,PRJ-110,"metadata,project_code"
Dallas Office One AT&T Plaza,ast_8a013a44ba44,project_notion_3268ced4-3c47-81a1-8fba-f225c28fa9e0,PRJ-113,project_notion_3258ced4-3c47-81a4-bf1c-d0bb8e56df6a,,PRJ-113,"metadata,project_code"
Toronto The One Super-senior Loan (Receivership Funding),ast_beb45fea6c85,project_notion_3268ced4-3c47-811a-955d-d4879f6c369a,PRJ-99,project_notion_3258ced4-3c47-8120-8974-d89af9db54c3,,PRJ-99,"metadata,project_code"
AP Tower,,project_notion_3268ced4-3c47-811e-af3e-f5ffd2588739,PRJ-182,project_notion_3258ced4-3c47-81cf-afee-c4a0e68e4772,,PRJ-182,"metadata,project_code"
NPL 3호,ast_0bed91ccb4ec,project_notion_3268ced4-3c47-81b2-9dab-cca1334c19df,PRJ-77,project_notion_3258ced4-3c47-8178-917e-c3f68c562c3e,,PRJ-77,"metadata,project_code"
ARES Special Opportunities Fund,ast_71e4c2f1e642,project_notion_3268ced4-3c47-811f-932e-e289eb608c23,PRJ-90,project_notion_3258ced4-3c47-81ba-aaae-e4387fce5d2e,,PRJ-90,"metadata,project_code"
안산시 고잔동 오피스텔 개발,ast_2afd5e4b541f,project_notion_3268ced4-3c47-8122-8042-d520493fbf51,PRJ-131,project_notion_3258ced4-3c47-810c-b6ce-c7f33d6c28fc,,PRJ-131,"metadata,project_code"
대구 경산 쿠팡센터,ast_616c3d79da75,project_notion_3268ced4-3c47-8122-96e2-c99bf96da91c,PRJ-26,project_notion_3258ced4-3c47-819b-a52f-e7c8354328c7,,PRJ-26,"metadata,project_code"
Ares Landmark Real Estate Partners VIII,ast_4409771035d2,project_notion_3268ced4-3c47-8123-a2ec-f00fcd30009b,PRJ-89,project_notion_3258ced4-3c47-812d-b8db-dc1ea518edaf,,PRJ-89,"metadata,project_code"
서리풀 개발사업,ast_a5ca6d81dcd9,project_notion_3268ced4-3c47-8124-9d19-f74df970af1b,PRJ-159,project_notion_3258ced4-3c47-81aa-adde-cf3478b10198,,PRJ-159,"metadata,project_code"
뉴욕제과(OPUS407),,project_notion_3268ced4-3c47-81a1-9366-f55aa7361352,PRJ-169,project_notion_3258ced4-3c47-8174-bbc0-d6ba8619eea5,,PRJ-169,"metadata,project_code"
US Courtyard by Marriott Portfolio Rescue Capital Loan,ast_86bf4722d494,project_notion_3268ced4-3c47-8125-98b6-fdc24490a505,PRJ-105,project_notion_3258ced4-3c47-81dc-8c41-fd98a32e2344,,PRJ-105,"metadata,project_code"
마곡 원그로브,,project_notion_3268ced4-3c47-8128-8ec1-ed5ef467fa78,PRJ-179,project_notion_3258ced4-3c47-81ea-aa82-deda1dac2fe3,,PRJ-179,"metadata,project_code"
"Pantheon Viking Co-Invest LP, NMP V, PGSF VII, PSD III",ast_1c98656c9aa6,project_notion_3268ced4-3c47-8127-89d8-c7b8a4e189f0,PRJ-196,project_notion_3258ced4-3c47-81aa-8a38-eca933a0ef3a,,PRJ-196,"metadata,project_code"
부산 육양국 DC,ast_7b9ae18fb951,project_notion_3268ced4-3c47-812b-88e3-e4f6d552d62c,PRJ-153,project_notion_3258ced4-3c47-8146-a972-deb45e2e5bb9,,PRJ-153,"metadata,project_code"
금천구 물류 복합개발사업,,project_notion_3268ced4-3c47-812d-9975-fcc08c4f2d71,PRJ-64,project_notion_3258ced4-3c47-81cf-8ce2-fe2570b2f1c6,,PRJ-64,"metadata,project_code"
Jakarta Office Treasury Tower,ast_cb61fdbd9aa4,project_notion_3268ced4-3c47-812d-b6b2-c87aa3584527,PRJ-117,project_notion_3258ced4-3c47-81f0-8369-c28a6a18e400,,PRJ-117,"metadata,project_code"
세운5구역 개발사업,ast_508cc8fee1ee,project_notion_3268ced4-3c47-8131-b1f1-e0223542afc5,PRJ-154,project_notion_3258ced4-3c47-81fe-863b-d520374af4eb,,PRJ-154,"metadata,project_code"
IA 14차 유동화,ast_0bed91ccb4ec,project_notion_3268ced4-3c47-8131-be56-ec0ac40f45c8,PRJ-13,project_notion_3258ced4-3c47-81dc-a737-f2cb3c4b352c,,PRJ-13,"metadata,project_code"
용산PF재구조화 펀드,ast_5804290d6389,project_notion_3268ced4-3c47-8132-9b5a-f00e03f2d6e7,PRJ-72,project_notion_3258ced4-3c47-81c2-be12-f2654447d341,,PRJ-72,"metadata,project_code"
"Virginia Amazon Warehouse , Lakeville Amazon Warehouse , Kansas city Amazon Warehouse",ast_373f87c6b8d9,project_notion_3268ced4-3c47-8134-bde8-db87465641ba,PRJ-127,project_notion_3258ced4-3c47-8148-8d44-e1119e0d636a,,PRJ-127,"metadata,project_code"
하남2IDC 개발사업,ast_d139acda1f42,project_notion_3268ced4-3c47-8135-82f4-c5571b78de16,PRJ-156,project_notion_3258ced4-3c47-819d-982d-faf113678bdf,,PRJ-156,"metadata,project_code"
구리시 수택동 주거용 오피스텔 개발사업,ast_ee5b4d0511ec,project_notion_3268ced4-3c47-8135-b7c2-c2de5c7511d3,PRJ-129,project_notion_3258ced4-3c47-81cd-b5e6-d5dbcfd4bc13,,PRJ-129,"metadata,project_code"
타임테라스 동탄,ast_75c6cda594b3,project_notion_3268ced4-3c47-8136-bc2c-f9aa4ed4f6d8,PRJ-4,project_notion_3258ced4-3c47-81e8-94a9-fa596740cf42,,PRJ-4,"metadata,project_code"
"ARDIAN Infrastructure Fund VI S.C.S., SICAV-RAIF",ast_8fe5e8aa8a5f,project_notion_3268ced4-3c47-8138-851b-c845a969b162,PRJ-88,project_notion_3258ced4-3c47-81e5-8a70-da8f98aad94b,,PRJ-88,"metadata,project_code"
신라스테이 해운대,ast_39df6f35071a,project_notion_3268ced4-3c47-8138-ace2-e1b46fc2739d,PRJ-170,project_notion_3258ced4-3c47-8157-9c3e-ef6d1102c77c,,PRJ-170,"metadata,project_code"
TIKEHAU Capital이운용하는TIKEHAU Direct Lending 6L의수익증권,ast_864ff5655978,project_notion_3268ced4-3c47-813a-9904-f96bb264a48b,PRJ-96,project_notion_3258ced4-3c47-8197-b5da-ff934491f875,,PRJ-96,"metadata,project_code"
평택 아디다스 물류센터,ast_2652e06dfeaa,project_notion_3268ced4-3c47-813c-b7de-e5829f083d59,PRJ-150,project_notion_3258ced4-3c47-8170-8de5-f9c1b071c202,,PRJ-150,"metadata,project_code"
"Ardian Americas Infrastructure Fund V S.C.S., SICAV-RAIF",ast_89a55348d21e,project_notion_3268ced4-3c47-813d-98b2-c476ce584208,PRJ-86,project_notion_3258ced4-3c47-8154-be8d-ec7a529bfce4,,PRJ-86,"metadata,project_code"
제주 올레리조트,ast_f5e665f7cf35,project_notion_3268ced4-3c47-813d-a930-dc7b3df89c3d,PRJ-34,project_notion_3258ced4-3c47-81d4-87f0-c8ebc9069f6d,,PRJ-34,"metadata,project_code"
잠실 MICE,,project_notion_3268ced4-3c47-813e-a9c2-eab7297099c2,PRJ-60,project_notion_3258ced4-3c47-81a4-93b1-fa5abfb56fe4,,PRJ-60,"metadata,project_code"
홈플러스 전주효자,ast_1f446ce9025d,project_notion_3268ced4-3c47-813e-bcba-d8bcadf734f6,PRJ-141,project_notion_3258ced4-3c47-819a-a6ab-d0752c7e7cd0,,PRJ-141,"metadata,project_code"
SBW 턴어라운드,ast_d148de771db5,project_notion_3268ced4-3c47-813f-8c9b-c523d70148a1,PRJ-18,project_notion_3258ced4-3c47-812d-8b74-fc2d2994a424,,PRJ-18,"metadata,project_code"
Pantheon PGSF VII,ast_9e287de54a5c,project_notion_3268ced4-3c47-813f-980a-f4da8d9b9edb,PRJ-194,project_notion_3258ced4-3c47-81e5-aec3-f801e7ff1b6e,,PRJ-194,"metadata,project_code"
Nuveen RE-PCCP U.S. Core-Plus Real Estate Debt Fund,ast_7045c219d59c,project_notion_3268ced4-3c47-813f-aac2-f88af864f231,PRJ-192,project_notion_3258ced4-3c47-81c6-8e94-dc4d1e0afe7c,,PRJ-192,"metadata,project_code"
안성 홈플러스 물류센터,ast_52adbb346181,project_notion_3268ced4-3c47-813f-b8fd-f6800a53e0d7,PRJ-147,project_notion_3258ced4-3c47-81e0-81b0-fe1420d49b02,,PRJ-147,"metadata,project_code"
판교테크원타워 (실물우선주),ast_d6b3682a1147,project_notion_3268ced4-3c47-8141-8a16-c752203e78dc,PRJ-19,project_notion_3258ced4-3c47-817b-992a-df5b5aaff1f1,,PRJ-19,"metadata,project_code"
롯데 수원역 쇼핑타운 토지,ast_e0a9abed71bf,project_notion_3268ced4-3c47-8142-adea-c49f3e4eba09,PRJ-143,project_notion_3258ced4-3c47-8180-8b84-fcbb5e944aca,,PRJ-143,"metadata,project_code"
가산동 임대형 기숙사 개발사업,ast_37df20b9e30d,project_notion_3268ced4-3c47-8144-a1df-ff8b63c8e26f,PRJ-45,project_notion_3258ced4-3c47-8136-96d3-f99474d7d46d,,PRJ-45,"metadata,project_code"
AXA Real Estate Development Venture IV,ast_db4e0440e038,project_notion_3268ced4-3c47-8145-839d-d9dea5784324,PRJ-91,project_notion_3258ced4-3c47-8158-9ea3-ff51db53ac4e,,PRJ-91,"metadata,project_code"
부산 송정 물류센터,ast_afb26eedbbe3,project_notion_3268ced4-3c47-8147-8f6b-f51a419a69f2,PRJ-9,project_notion_3258ced4-3c47-8199-8f47-e575a5da4632,,PRJ-9,"metadata,project_code"
용인 남사 물류센터,ast_7b6e6d2a39c2,project_notion_3268ced4-3c47-8147-b112-f45702c90f42,PRJ-11,project_notion_3258ced4-3c47-815f-a7e6-d5193cd0cdfc,,PRJ-11,"metadata,project_code"
Nuveen Global Real Estate Debt Partners Fund II (UK),ast_7ff7300b8ef6,project_notion_3268ced4-3c47-819d-ab18-e5b6425eeb89,PRJ-190,project_notion_3258ced4-3c47-816e-b5d5-c4598a11f0d5,,PRJ-190,"metadata,project_code"
"홈플러스 4개점 (영등포, 금천, 동수원, 센텀시티)",,project_notion_3268ced4-3c47-8149-ab2f-d5545d1dae3e,PRJ-140,project_notion_3258ced4-3c47-8113-95b7-e748647ad9be,,PRJ-140,"metadata,project_code"
금강타워3,,project_notion_3268ced4-3c47-814b-8838-f2f2454f6cd1,PRJ-23,project_notion_3258ced4-3c47-81fc-afec-f367fe884416,,PRJ-23,"metadata,project_code"
탑빌딩,,project_notion_3268ced4-3c47-814f-8498-dccd6174b2a9,PRJ-171,project_notion_3258ced4-3c47-813a-ad6f-f1b693613c25,,PRJ-171,"metadata,project_code"
토론토 The One 주거복합시설 건설자금 대출 펀드 운용,ast_c7abc1f4627e,project_notion_3268ced4-3c47-814f-91fb-f3df2a130f89,PRJ-82,project_notion_3258ced4-3c47-8184-a631-d5d0ba437068,,PRJ-82,"metadata,project_code"
서여의도 임대주택 개발사업,ast_146d3e80165b,project_notion_3268ced4-3c47-814f-a040-f961b6e01c72,PRJ-136,project_notion_3258ced4-3c47-814e-8248-f4ca04db3fd1,,PRJ-136,"metadata,project_code"
Poland Logistics Zalando,ast_5264d55d0bc9,project_notion_3268ced4-3c47-8151-a62a-c37110f68442,PRJ-123,project_notion_3258ced4-3c47-8153-ada3-dc9c8d99feef,,PRJ-123,"metadata,project_code"
눈스퀘어,,project_notion_3268ced4-3c47-8152-9a50-c341d219e5df,PRJ-142,project_notion_3258ced4-3c47-818f-8658-c0aeb026bc8c,,PRJ-142,"metadata,project_code"
카스퀘어 NPL,ast_6526b194cc13,project_notion_3268ced4-3c47-8152-85f1-d4094801fe39,PRJ-36,project_notion_3258ced4-3c47-815d-a7f7-dbdc6a9cb545,,PRJ-36,"metadata,project_code"
TPG Real Estate Partners IV,ast_2e084a75011d,project_notion_3268ced4-3c47-8155-856d-cc1607f04e63,PRJ-101,project_notion_3258ced4-3c47-8172-84d8-c70af74ceece,,PRJ-101,"metadata,project_code"
고양삼송 데이터센터,ast_6c274653ed0b,project_notion_3268ced4-3c47-8155-b7a0-c18626b30479,PRJ-152,project_notion_3258ced4-3c47-817a-8d9d-ca7fa218d56f,,PRJ-152,"metadata,project_code"
마곡 명소화 부지 개발사업,ast_bfb1c5d3da5c,project_notion_3268ced4-3c47-8157-9e5b-c307268410a9,PRJ-130,project_notion_3258ced4-3c47-81ed-a229-f6953c68328a,,PRJ-130,"metadata,project_code"
CJ제일제당센터,,project_notion_3268ced4-3c47-8106-8b31-f7f4a6b34829,PRJ-44,project_notion_3258ced4-3c47-81d9-92e7-ddcbebd26b54,,PRJ-44,"metadata,project_code"
부산 해운대구 중동 공동주택 개발,ast_d4da0b74e017,project_notion_3268ced4-3c47-8102-9ac3-daa261cabed7,PRJ-49,project_notion_3258ced4-3c47-81a2-8889-e0127ab86d9c,,PRJ-49,"metadata,project_code"
경산 스페셜시츄에이션,ast_30efc1e2c218,project_notion_3268ced4-3c47-8102-ac19-e5adfb55962b,PRJ-20,project_notion_3258ced4-3c47-81d4-9cfc-eb667306d728,,PRJ-20,"metadata,project_code"
청라 오피스텔 개발사업,ast_4f18f7d89d7d,project_notion_3268ced4-3c47-8103-8808-c913c77929b1,PRJ-73,project_notion_3258ced4-3c47-8174-9ccc-e400e5a2f47d,,PRJ-73,"metadata,project_code"
은평 시니어리빙 1호,ast_7dc6f67bfd0a,project_notion_3268ced4-3c47-8105-b042-c36e53c4117d,PRJ-55,project_notion_3258ced4-3c47-817a-977f-f625bb42318f,,PRJ-55,"metadata,project_code"
Tokyo Office Harumi Island Triton Square Tower W,ast_b78f4cd39988,project_notion_3268ced4-3c47-8106-b764-c67e14df2e91,PRJ-125,project_notion_3258ced4-3c47-816d-b79a-d32f392c6d97,,PRJ-125,"metadata,project_code"
New York 685 5th Avenue Mezzanine Loan,ast_403ec12279a7,project_notion_3268ced4-3c47-8108-ad18-d962db115fa5,PRJ-185,project_notion_3258ced4-3c47-8171-943e-fd9cc83dd227,,PRJ-185,"metadata,project_code"
천호 스페셜시츄에이션,ast_9e6791cd4061,project_notion_3268ced4-3c47-8109-8697-d7c4ca7b70ca,PRJ-62,project_notion_3258ced4-3c47-813e-9d58-d1d583860844,,PRJ-62,"metadata,project_code"
타임워크 명동,,project_notion_3268ced4-3c47-81a9-9370-f10420dc5722,PRJ-3,project_notion_3258ced4-3c47-81c7-9617-e7c725c64bad,,PRJ-3,"metadata,project_code"
판교 아이스퀘어 D동,ast_578a66328a1e,project_notion_3268ced4-3c47-81a2-b758-f4d08f68a8f7,PRJ-41,project_notion_3258ced4-3c47-8190-9c2c-d9cdea369e36,,PRJ-41,"metadata,project_code"
오산세교 주상복합 개발사업,ast_04ce3ef6593c,project_notion_3268ced4-3c47-81a2-bc74-d2f1e81e5190,PRJ-71,project_notion_3258ced4-3c47-81dc-9709-fa150a62a94b,,PRJ-71,"metadata,project_code"
"판교 제2테크노밸리 C1, C2블록 아이스퀘어 개발사업",ast_cbf922113fc6,project_notion_3268ced4-3c47-81a4-bed2-e30818696e5a,PRJ-42,project_notion_3258ced4-3c47-8157-b1ac-f58d211a8fef,,PRJ-42,"metadata,project_code"
창원 두동 물류센터,ast_9bedafe14895,project_notion_3268ced4-3c47-81a9-bdb2-d84fc8a343c5,PRJ-35,project_notion_3258ced4-3c47-81fc-841c-c91c6aabb9b9,,PRJ-35,"metadata,project_code"
Blackstone Real Estate Debt Strategies V,ast_28fa6c0336df,project_notion_3268ced4-3c47-81aa-9fc1-c0b8f1b642ff,PRJ-93,project_notion_3258ced4-3c47-816f-a361-ce65d6ef8825,,PRJ-93,"metadata,project_code"
롯데백화점 분당점 리모델링,ast_af02aac59036,project_notion_3268ced4-3c47-81ab-ab53-d67ec1de875d,PRJ-2,project_notion_3258ced4-3c47-81be-a045-f6d9f2ee2c6a,,PRJ-2,"metadata,project_code"
위례 시니어리빙 개발사업,ast_cd234848887e,project_notion_3268ced4-3c47-81ac-8273-e1d685edeeae,PRJ-54,project_notion_3258ced4-3c47-8157-9a3c-d0552bc88d81,,PRJ-54,"metadata,project_code"
Chicago Student Housing Illini Tower,ast_92af696ba01e,project_notion_3268ced4-3c47-81ac-bde6-d38709d5ed72,PRJ-112,project_notion_3258ced4-3c47-8190-9788-dc95e11ee98a,,PRJ-112,"metadata,project_code"
IA 15차 유동화,ast_fa4bc636d98d,project_notion_3268ced4-3c47-81ae-9c0e-fd1eb9b5e250,PRJ-14,project_notion_3258ced4-3c47-81f2-9672-f0869c23d12e,,PRJ-14,"metadata,project_code"
NPL 5호,ast_58e37903d5ef,project_notion_3268ced4-3c47-81af-9629-e74d0039b03f,PRJ-79,project_notion_3258ced4-3c47-8182-8ab9-dd2b43a692ec,,PRJ-79,"metadata,project_code"
시그니쳐타워 매입 (실물우선주),,project_notion_3268ced4-3c47-81b4-9763-d6f43325d059,PRJ-70,project_notion_3258ced4-3c47-81e6-82fc-cedfc112ad78,,PRJ-70,"metadata,project_code"
가산IDC,,project_notion_3268ced4-3c47-81bc-b030-d95ba46c5620,PRJ-46,project_notion_3258ced4-3c47-81b6-8e3a-d15825e558f5,,PRJ-46,"metadata,project_code"
SI타워,,project_notion_3268ced4-3c47-81be-a591-f0330adceba9,PRJ-74,project_notion_3258ced4-3c47-8159-973d-cb76116e43bb,,PRJ-74,"metadata,project_code"
DCC,,project_notion_3268ced4-3c47-81b9-92bb-c2d5f3081a2e,PRJ-32,project_notion_3258ced4-3c47-8128-bbb6-d603525e49d2,,PRJ-32,"metadata,project_code"
"Hamburg Office Fleet II, Brussels Office Brederode, Barcelona Office Fontanella, Prague Office Praga Studios, Paris Office Louis David",ast_46a7ecc290e9,project_notion_3268ced4-3c47-81b7-9794-e0802c9cca6b,PRJ-116,project_notion_3258ced4-3c47-818c-a7f3-d0b5a538aeb4,,PRJ-116,"metadata,project_code"
Milano Office Pirelli HQ,ast_ee72b3682575,project_notion_3268ced4-3c47-81b7-9f37-fc206a57c961,PRJ-118,project_notion_3258ced4-3c47-8109-b77c-c27e4235bb64,,PRJ-118,"metadata,project_code"
분당 야탑 물류,ast_34e35d0dff33,project_notion_3268ced4-3c47-81ba-bcf5-cc8a02c3cbb5,PRJ-51,project_notion_3258ced4-3c47-812e-b745-f9ba6ea3a900,,PRJ-51,"metadata,project_code"
포천 정교리 물류,ast_deef81e70ae6,project_notion_3268ced4-3c47-81bb-9256-c5e640f30f92,PRJ-63,project_notion_3258ced4-3c47-8115-9bac-f9515d912ba0,,PRJ-63,"metadata,project_code"
Washington D.C. Atlantic Building Senior Loan,ast_c738d1b8cbc2,project_notion_3268ced4-3c47-81bc-818f-e55973faaeb1,PRJ-106,project_notion_3258ced4-3c47-8170-a96f-f1b19cb9e29e,,PRJ-106,"metadata,project_code"
김포 데이터센터 개발사업,ast_0bab0f479396,project_notion_3268ced4-3c47-81c0-b357-fae2bc9b20e6,PRJ-6,project_notion_3258ced4-3c47-81d8-b179-d43fa8bbe452,,PRJ-6,"metadata,project_code"
노스게이트,,project_notion_3268ced4-3c47-81cf-9858-d40ed456e06a,PRJ-24,project_notion_3258ced4-3c47-810d-93af-d3d563006e59,,PRJ-24,"metadata,project_code"
더케이호텔 재개발,,project_notion_3268ced4-3c47-81cb-a0fe-cb31ec3220c3,PRJ-158,project_notion_3258ced4-3c47-81a5-a7f1-c3d4a6b8c43b,,PRJ-158,"metadata,project_code"
Toronto The One Senior Loan (Term Facility),ast_5aa554bf9521,project_notion_3268ced4-3c47-81c2-8ae5-f29ce628f63b,PRJ-98,project_notion_3258ced4-3c47-8134-98c0-edd349f78c11,,PRJ-98,"metadata,project_code"
홈플러스 3개소,ast_1f446ce9025d,project_notion_3268ced4-3c47-81c4-8060-e206573a8da5,PRJ-139,project_notion_3258ced4-3c47-8104-93cb-e17d0756539b,,PRJ-139,"metadata,project_code"
신라스테이 서대문,ast_8237a62aef6a,project_notion_3268ced4-3c47-81c8-b742-e7c0a9c0085c,PRJ-174,project_notion_3258ced4-3c47-8123-8145-d71caeb10a11,,PRJ-174,"metadata,project_code"
Tokyo District 23 Residential Portfolio,ast_329735309847,project_notion_3268ced4-3c47-81cb-ace2-f8adcf89ad47,PRJ-97,project_notion_3258ced4-3c47-81de-9434-fe924893d737,,PRJ-97,"metadata,project_code"
제주 화북 프로젝트,ast_f5307db6bfad,project_notion_3268ced4-3c47-81cf-9c4d-eeec64e2f354,PRJ-132,project_notion_3258ced4-3c47-8119-9a2d-caecb456ac92,,PRJ-132,"metadata,project_code"
IA 16차 유동화,ast_fa4bc636d98d,project_notion_3268ced4-3c47-81d0-a5e3-c394d9214f40,PRJ-15,project_notion_3258ced4-3c47-8180-94e0-dfbdaa53d174,,PRJ-15,"metadata,project_code"
IA13차 유동화,ast_0bed91ccb4ec,project_notion_3268ced4-3c47-81d3-bfd5-e2d66940bddd,PRJ-12,project_notion_3258ced4-3c47-815c-8dbc-d5b32ed54523,,PRJ-12,"metadata,project_code"
안성 성은 물류센터,ast_d9f820e5df21,project_notion_3268ced4-3c47-81d4-9eaf-d8efbc29e52b,PRJ-157,project_notion_3258ced4-3c47-8146-b3a1-e78b9a3806b0,,PRJ-157,"metadata,project_code"
New York Office 85 Tenth Avenue Senior Loan,ast_54efcc8cb9d2,project_notion_3268ced4-3c47-81e3-a203-d7459ffa9df3,PRJ-188,project_notion_3258ced4-3c47-81cb-93e0-ff36ff99e089,,PRJ-188,"metadata,project_code"
동대문두산타워 재간접,,project_notion_3268ced4-3c47-81dc-9c21-ec4c26f4fb5d,PRJ-29,project_notion_3258ced4-3c47-8193-b59b-c6d663f0191a,,PRJ-29,"metadata,project_code"
씨티플라자,,project_notion_3268ced4-3c47-81de-97b4-e27bf7657ac8,PRJ-164,project_notion_3258ced4-3c47-817a-bcd5-eccec36f49be,,PRJ-164,"metadata,project_code"
논현 두산빌딩,ast_31a8b3ea9c30,project_notion_3268ced4-3c47-81d7-b580-daeec8664f2c,PRJ-162,project_notion_3258ced4-3c47-8186-a02f-de49c9c22bf2,,PRJ-162,"metadata,project_code"
Nuveen C-Pace Loan Fund III 재간접펀드 설정,ast_a48eb6e898c0,project_notion_3268ced4-3c47-81d8-80e7-d5887c88a363,PRJ-189,project_notion_3258ced4-3c47-811c-9ec1-ce2e311dd7b4,,PRJ-189,"metadata,project_code"
수서역 환승센터 복합개발사업,ast_cd2c32700ef7,project_notion_3268ced4-3c47-81d8-9bb3-d48bd44d3e32,PRJ-52,project_notion_3258ced4-3c47-811e-8425-ec7178f406ba,,PRJ-52,"metadata,project_code"
"Townsend Europe Logistics Venture II Korea Feeder, Venlo, Kuhn Portfolio, Nabuurs Portfolio",ast_89fe99414d33,project_notion_3268ced4-3c47-81d8-b739-d3e53faac7dd,PRJ-100,project_notion_3258ced4-3c47-8101-aad6-de7498fabf39,,PRJ-100,"metadata,project_code"
동부산 테마파크 개발사업,ast_0766c7718345,project_notion_3268ced4-3c47-81db-9a2a-fdb39614cb7b,PRJ-47,project_notion_3258ced4-3c47-81dc-a91b-efd55adef7d8,,PRJ-47,"metadata,project_code"
Washington D.C. Woodies Building Senior Loan,ast_e5daaa392be6,project_notion_3268ced4-3c47-81dd-8f0a-fd0f8836744c,PRJ-107,project_notion_3258ced4-3c47-814a-b6c2-fcbca891eddd,,PRJ-107,"metadata,project_code"
가로골목,ast_9a70bf0b0afd,project_notion_3268ced4-3c47-81df-830c-da1c411dce6b,PRJ-184,project_notion_3258ced4-3c47-8156-aa12-c6b4bc475222,,PRJ-184,"metadata,project_code"
부천 소사 공동주택 개발사업,ast_a6bdd852cbf7,project_notion_3268ced4-3c47-81df-8cdc-ed488ef17136,PRJ-50,project_notion_3258ced4-3c47-814d-8058-c37ab0260495,,PRJ-50,"metadata,project_code"
"Pantheon Viking Co-Invest LP, NMP V",ast_1c98656c9aa6,project_notion_3268ced4-3c47-81e3-9702-c2a1a96d0bca,PRJ-195,project_notion_3258ced4-3c47-81d9-bd6b-cf85190615ef,,PRJ-195,"metadata,project_code"
대학로 CGV,,project_notion_3268ced4-3c47-81ee-8e1f-d94f4fdfd2bc,PRJ-8,project_notion_3258ced4-3c47-81fb-8864-dd9f5ca0de7b,,PRJ-8,"metadata,project_code"
청휘빌딩,ast_6943582c5ffa,project_notion_3268ced4-3c47-81e5-a59f-dca9ade179d4,PRJ-165,project_notion_3258ced4-3c47-8127-8ac0-c2f491cf0eec,,PRJ-165,"metadata,project_code"
"StepStone Secondary Opportunities Fund V Offshore, L.P.",ast_3f19dc443d1d,project_notion_3268ced4-3c47-81e8-857c-da23b338f2d2,PRJ-94,project_notion_3258ced4-3c47-81c9-8142-c64d22ee4e6a,,PRJ-94,"metadata,project_code"
IAHF 합정,ast_0bed91ccb4ec,project_notion_3268ced4-3c47-81e8-95b9-d275ca255ff5,PRJ-16,project_notion_3258ced4-3c47-81e0-8163-fd56ff4c5225,,PRJ-16,"metadata,project_code"
NPL 4호,ast_fa4bc636d98d,project_notion_3268ced4-3c47-81e8-b898-efd26d5e525c,PRJ-78,project_notion_3258ced4-3c47-8120-bf18-edd508d827a6,,PRJ-78,"metadata,project_code"
스타필드 고양,ast_53a61027bef6,project_notion_3268ced4-3c47-81eb-8a57-e3a582501948,PRJ-145,project_notion_3258ced4-3c47-818c-952f-d3aaab07234e,,PRJ-145,"metadata,project_code"
반포 스페셜시츄에이션,ast_02e499cf476b,project_notion_3268ced4-3c47-81eb-b5a0-c02b7f306052,PRJ-48,project_notion_3258ced4-3c47-81c6-aa6d-fd1918557d0c,,PRJ-48,"metadata,project_code"
화성 석포리 물류,ast_109318d66df6,project_notion_3268ced4-3c47-81ed-88ed-e064f8fbf28f,PRJ-167,project_notion_3258ced4-3c47-816e-a0cf-fe088bbc0c2e,,PRJ-167,"metadata,project_code"
괌웨스틴호텔,ast_0e8530670140,project_notion_3268ced4-3c47-81f2-9ff9-c1b64060d048,PRJ-21,project_notion_3258ced4-3c47-81ef-83e7-e2f1a916caa3,,PRJ-21,"metadata,project_code"
트레블로지명동시티홀,,project_notion_3268ced4-3c47-81f8-a106-db67e31f9773,PRJ-38,project_notion_3258ced4-3c47-81ec-8f7a-ff2d8ae5730a,,PRJ-38,"metadata,project_code"
효제동 주거복합 개발사업,ast_dfa1348ddd15,project_notion_3268ced4-3c47-81f7-85d5-dfe72814334d,PRJ-133,project_notion_3258ced4-3c47-8144-a246-e143a4860886,,PRJ-133,"metadata,project_code"
"Paris Logistics Amazon , Bristol Logistics Amazon , Barcelona Logistics Amazon",ast_713f8b4e24da,project_notion_3268ced4-3c47-81f9-9bbf-c9aa5f8afcbd,PRJ-122,project_notion_3258ced4-3c47-8116-b1d2-e72db33d5b84,,PRJ-122,"metadata,project_code"
맹그로브 신촌,ast_64855a473d9f,project_notion_3268ced4-3c47-81f9-b5ed-fd6aad0d5a41,PRJ-67,project_notion_3258ced4-3c47-81ca-894d-d5b44d3c5ca4,,PRJ-67,"metadata,project_code"
팩토리얼 성수,ast_fa825d8bd449,project_notion_3268ced4-3c47-81fa-9940-efbd6d41063d,PRJ-181,project_notion_3258ced4-3c47-814b-bf36-ec234ae43b2d,,PRJ-181,"metadata,project_code"
티맥스 수내타워,ast_dd22d6a3cb4f,project_notion_3268ced4-3c47-81fb-8cc3-d43861ad2f4b,PRJ-172,project_notion_3258ced4-3c47-8110-979d-cb1bf2ae6f8e,,PRJ-172,"metadata,project_code"
애월 복합관광단지 개발사업,ast_8870b9567bcd,project_notion_3268ced4-3c47-81fb-b3b0-d1d716899402,PRJ-53,project_notion_3258ced4-3c47-81d0-aae6-fed0986cadd7,,PRJ-53,"metadata,project_code"
Vienna Office & Retail Wien Mitte,ast_ebd723e072c4,project_notion_3268ced4-3c47-81fc-b963-dbd5d76cd7d5,PRJ-126,project_notion_3258ced4-3c47-81a9-abe1-ef1efcd1299a,,PRJ-126,"metadata,project_code"
"Paris Logistics Amazon , Barcelona Logistics Amazon , Bristol Logistics Amazon",ast_713f8b4e24da,project_notion_3268ced4-3c47-81d7-82d1-d7c0c8e09216,PRJ-121,project_notion_3258ced4-3c47-8118-ae0f-dd60c937a8f8,,PRJ-121,"metadata,project_code"
V플렉스 (舊 NC타워2),,project_notion_3268ced4-3c47-81e4-ae6b-f287ffea4e45,PRJ-151,project_notion_3258ced4-3c47-8128-bd7f-fcd601dd9754,,PRJ-151,"metadata,project_code"
은평 시니어리빙 2호,ast_13b334c7bf6b,project_notion_3268ced4-3c47-81eb-bde1-e34050f5002c,PRJ-56,project_notion_3258ced4-3c47-815c-a71e-effed6ca2386,,PRJ-56,"metadata,project_code"
평창동 시니어주택,,project_notion_3268ced4-3c47-81f5-ac8e-e86da52df783,PRJ-43,project_notion_3258ced4-3c47-8176-a201-e6ba6ae3785a,,PRJ-43,"metadata,project_code"
울산역 KTX S3블럭 오피스텔 개발사업,ast_eb6dfd75233b,project_notion_3268ced4-3c47-81b4-8e89-f7ace4ba83c7,PRJ-5,project_notion_3258ced4-3c47-81a1-ae94-e9ff46be5503,,PRJ-5,"metadata,project_code"
Frankfurt Office Trianon,ast_3b4b047a6381,project_notion_3268ced4-3c47-81c1-a7ea-f8827a934b01,PRJ-115,project_notion_3258ced4-3c47-817a-b713-cc1721ffc64b,,PRJ-115,"metadata,project_code"
천안 성성7지구 공동주택 개발사업,ast_8bd8d91c9bb8,project_notion_3268ced4-3c47-81c8-8825-e93d7e438b4e,PRJ-61,project_notion_3258ced4-3c47-8168-b61b-f37e347025ae,,PRJ-61,"metadata,project_code"
국내 PF 재구조화 1호,ast_4e15ca971054,project_notion_3268ced4-3c47-8101-8cb6-d9d2a5d40ee2,PRJ-75,project_notion_3258ced4-3c47-814e-82a7-ee711e28e008,,PRJ-75,"metadata,project_code"
판교 아이스퀘어 C1블록 숙박/상업시설,ast_ea83005ce057,project_notion_3268ced4-3c47-81a2-93c9-fa8262b5cbf6,PRJ-40,project_notion_3258ced4-3c47-811a-b4c3-f2ab4747275c,,PRJ-40,"metadata,project_code"
