sample_no,sample_frame,audit_class,audit_reason,region,sgg_code,sgg_name,umd_name,jibun,deal_date,building_type,building_use,building_area_m2,plottage_area_m2,floor,deal_amount_10k_krw,area_bin,document_id
1,RANDOM_60,REMOVE_CLEAR,건물면적 500㎡ 이하로 대형 비주거 거래 기준에서 명확히 소규모,인천,28710,강화군,불은면 두운리,2**,2025-10-04,일반,제2종근린생활,94.2,387,,15000,A_0_100,da79fa0a784451e19812cb5f23729289
2,RANDOM_60,REMOVE_CLEAR,집합건물·소면적·층 정보로 개별 호실 거래 가능성 높음,서울,11140,중구,을지로6가,18-35,2025-11-21,집합,제1종근린생활,3.77,,5,2350,A_0_100,e9f3f032b80b5ae28b7ccf0d0be0d01e
3,RANDOM_60,REMOVE_CLEAR,집합건물·소면적·층 정보로 개별 호실 거래 가능성 높음,서울,11710,송파구,풍납동,506,2025-05-22,집합,제1종근린생활,19.44,,1,13000,A_0_100,b75ffeea8df256c2ad23ff19cbeb177b
4,RANDOM_60,REMOVE_CLEAR,집합건물·소면적·층 정보로 개별 호실 거래 가능성 높음,경기,41461,용인시 처인구,고림동,1021,2025-09-29,집합,제2종근린생활,46.49,,,50000,A_0_100,45f59f25f653584cb500654a1f99b20b
5,RANDOM_60,REMOVE_CLEAR,집합건물·소면적·층 정보로 개별 호실 거래 가능성 높음,경기,41173,안양시 동안구,호계동,1054-8,2025-09-18,집합,제2종근린생활,32.5,,,26000,A_0_100,f452fdfaf92e537181976db754a6490a
6,RANDOM_60,REMOVE_CLEAR,집합건물·소면적·층 정보로 개별 호실 거래 가능성 높음,서울,11230,동대문구,제기동,892-71,2025-12-05,집합,판매,8.8,,,7000,A_0_100,5b55948799065da38d51bef353047ed0
7,RANDOM_60,REMOVE_CLEAR,건물면적 500㎡ 이하로 대형 비주거 거래 기준에서 명확히 소규모,경기,41610,광주시,초월읍 지월리,6**,2025-09-02,일반,제2종근린생활,341.52,962,,130000,B_100_500,e206e06d2b0a5bc4bb5fceda463969a3
8,RANDOM_60,REMOVE_CLEAR,집합건물·소면적·층 정보로 개별 호실 거래 가능성 높음,경기,41173,안양시 동안구,호계동,555-9,2025-09-29,집합,판매,27.93,,,16300,A_0_100,2206a6b01b0a5c07935f67618abaae57
9,RANDOM_60,REVIEW_EDGE,"일반건물 1,000㎡ 초과로 건물 전체 거래일 수 있어 단순 소형으로 보기 어려움",인천,28237,부평구,청천동,5*,2025-12-23,일반,제2종근린생활,1348.71,993,,287000,D_1000_2000,823ccc8a4d0350fe9588a88d8ef3e58a
10,RANDOM_60,REMOVE_CLEAR,집합건물·소면적·층 정보로 개별 호실 거래 가능성 높음,경기,41135,성남시 분당구,구미동,25-1,2025-02-03,집합,제2종근린생활,71.86,,,30775,A_0_100,a362a6e2e6b45142b2fa30e8c26a393f
11,RANDOM_60,REMOVE_CLEAR,집합건물·소면적·층 정보로 개별 호실 거래 가능성 높음,서울,11350,노원구,상계동,693-1,2025-03-19,집합,기타,9.5,,,3500,A_0_100,99da966f13095feeac401ffcc25b455a
12,RANDOM_60,REMOVE_CLEAR,집합건물·소면적·층 정보로 개별 호실 거래 가능성 높음,서울,11320,도봉구,창동,5,2025-01-22,집합,제2종근린생활,56.0,,,19500,A_0_100,9352ea6cc999569c9da4713cfa843665
13,RANDOM_60,REMOVE_CLEAR,건물면적 500㎡ 이하로 대형 비주거 거래 기준에서 명확히 소규모,경기,41310,구리시,아천동,2**,2025-04-30,일반,제2종근린생활,163.8,322,,97000,B_100_500,ec24eaac595f585bbc980bf1c63581fa
14,RANDOM_60,REMOVE_CLEAR,집합건물·소면적·층 정보로 개별 호실 거래 가능성 높음,경기,41410,군포시,산본동,1136-1,2025-04-16,집합,제1종근린생활,44.2,,4,16000,A_0_100,2b15480479765ae3982c8f99ca534304
15,RANDOM_60,REMOVE_CLEAR,집합건물·소면적·층 정보로 개별 호실 거래 가능성 높음,경기,41360,남양주시,다산동,6052,2025-07-03,집합,교육연구,55.59,,6,21000,A_0_100,f7e36e30048d56f694637ccc9549d4eb
16,RANDOM_60,REMOVE_CLEAR,건물면적 500㎡ 이하로 대형 비주거 거래 기준에서 명확히 소규모,서울,11500,강서구,방화동,1**,2025-12-09,일반,제2종근린생활,354.29,435,,120200,B_100_500,6216df97b10158b0ab24e2106057ea0a
17,RANDOM_60,REMOVE_CLEAR,집합건물·소면적·층 정보로 개별 호실 거래 가능성 높음,인천,28237,부평구,산곡동,293,2025-04-12,집합,제1종근린생활,42.12,,1,142000,A_0_100,163facfae53b5518a622714593b6281c
18,RANDOM_60,REMOVE_CLEAR,집합건물·소면적·층 정보로 개별 호실 거래 가능성 높음,서울,11140,중구,을지로2가,199-39,2025-10-28,집합,제2종근린생활,33.15,,,165000,A_0_100,73cee3097a6457a094682b5547a1dccb
19,RANDOM_60,REMOVE_CLEAR,집합건물·소면적·층 정보로 개별 호실 거래 가능성 높음,경기,41287,고양시 일산서구,대화동,2220,2025-12-15,집합,제2종근린생활,47.33,,1,48250,A_0_100,c85e76dcf39c5c599c1154925ecdb76c
20,RANDOM_60,REMOVE_CLEAR,집합건물·소면적·층 정보로 개별 호실 거래 가능성 높음,인천,28237,부평구,부평동,397-4,2025-06-10,집합,기타,128.52,,9,22100,B_100_500,8543bddd291b51b581f59e934bd548ec
21,RANDOM_60,REMOVE_CLEAR,집합건물·소면적·층 정보로 개별 호실 거래 가능성 높음,서울,11650,서초구,양재동,1-7,2025-08-19,집합,판매,10.84,,,13458,A_0_100,76f609941cd85c86b62e21c5f532e940
22,RANDOM_60,REMOVE_CLEAR,집합건물·소면적·층 정보로 개별 호실 거래 가능성 높음,인천,28200,남동구,서창동,708-3,2025-07-25,집합,기타,80.38,,4,15800,A_0_100,02c59f45f0905cfeabed838047eb0aa6
23,RANDOM_60,REMOVE_CLEAR,집합건물·소면적·층 정보로 개별 호실 거래 가능성 높음,서울,11710,송파구,오금동,43,2025-06-21,집합,제1종근린생활,22.5,,,65000,A_0_100,254d6dcfe8fd5ecfad14d84415432eb0
24,RANDOM_60,REMOVE_CLEAR,집합건물·소면적·층 정보로 개별 호실 거래 가능성 높음,인천,28275,서해구,석남동,471-2,2025-10-27,집합,제2종근린생활,113.4,,2,15000,B_100_500,4be9cc780ec75498871d2c480b1a807f
25,RANDOM_60,REMOVE_CLEAR,집합건물·소면적·층 정보로 개별 호실 거래 가능성 높음,서울,11380,은평구,녹번동,83-30,2025-03-18,집합,제2종근린생활,58.64,,1,18000,A_0_100,3ddf9dbc72365832904a5e2864c6ae38
26,RANDOM_60,REMOVE_CLEAR,집합건물·소면적·층 정보로 개별 호실 거래 가능성 높음,인천,28177,미추홀구,주안동,141-8,2025-05-29,집합,판매,6.86,,,3671,A_0_100,ddabe082d7fa5cee91b94a51200e2389
27,RANDOM_60,REVIEW_EDGE,"일반건물 1,000㎡ 초과로 건물 전체 거래일 수 있어 단순 소형으로 보기 어려움",경기,41131,성남시 수정구,복정동,6**,2025-04-17,일반,제1종근린생활,1661.75,472.2,,635000,D_1000_2000,1d7fecde961c5c2fa5e20cfcf6dfb10d
28,RANDOM_60,REMOVE_CLEAR,집합건물·소면적·층 정보로 개별 호실 거래 가능성 높음,경기,41830,양평군,옥천면 신복리,141-5,2025-12-09,집합,숙박,1.88,,36,1216,A_0_100,12ed2cd1a7dc56a29936af456b6d1493
29,RANDOM_60,REMOVE_CLEAR,집합건물·소면적·층 정보로 개별 호실 거래 가능성 높음,서울,11545,금천구,가산동,543-1,2025-04-03,집합,업무,118.45,,,58000,B_100_500,19e621bc259c53e1870f09012214c46a
30,RANDOM_60,REMOVE_CLEAR,집합건물·소면적·층 정보로 개별 호실 거래 가능성 높음,인천,28177,미추홀구,도화동,986-2,2025-01-21,집합,제1종근린생활,108.0,,2,68000,B_100_500,a1d9f209047452299ac13e3085dc5071
31,RANDOM_60,REMOVE_CLEAR,집합건물·소면적·층 정보로 개별 호실 거래 가능성 높음,서울,11650,서초구,서초동,1542-1,2025-07-24,집합,업무,38.68,,3,57500,A_0_100,80f0f2d3f7645fffb86bc5e5c2e4c34a
32,RANDOM_60,REMOVE_CLEAR,집합건물·소면적·층 정보로 개별 호실 거래 가능성 높음,서울,11140,중구,을지로6가,18-35,2025-10-23,집합,제1종근린생활,3.77,,,1000,A_0_100,5a9b093026dd50deb5b18a2a0fcae154
33,RANDOM_60,REMOVE_CLEAR,집합건물·소면적·층 정보로 개별 호실 거래 가능성 높음,서울,11170,용산구,한강로3가,98,2025-12-08,집합,업무,127.33,,16,196373,B_100_500,2243efe185ba5a68afe664757b585e85
34,RANDOM_60,REMOVE_CLEAR,집합건물·소면적·층 정보로 개별 호실 거래 가능성 높음,서울,11530,구로구,고척동,75-1,2025-02-13,집합,제1종근린생활,6.0,,4,700,A_0_100,1358ec94668f537ca2a531586f4aef58
35,RANDOM_60,REMOVE_CLEAR,집합건물·소면적·층 정보로 개별 호실 거래 가능성 높음,서울,11140,중구,중림동,355,2025-08-06,집합,판매,50.4,,,55000,A_0_100,1518cdc37ebf54ca90df374622f30ebc
36,RANDOM_60,REMOVE_CLEAR,건물면적 500㎡ 이하로 대형 비주거 거래 기준에서 명확히 소규모,경기,41285,고양시 일산동구,중산동,1***,2025-03-07,일반,제2종근린생활,70.0,319.8,,70000,A_0_100,b2b9da97e0355314a090cbaedef8d819
37,RANDOM_60,REVIEW_EDGE,"일반건물 1,000㎡ 초과로 건물 전체 거래일 수 있어 단순 소형으로 보기 어려움",서울,11140,중구,흥인동,1**,2025-05-16,일반,제1종근린생활,1235.79,406.3,,1000000,D_1000_2000,bc5d0baf1dc55e69b99e137ee42580ed
38,RANDOM_60,REMOVE_CLEAR,집합건물·소면적·층 정보로 개별 호실 거래 가능성 높음,서울,11440,마포구,신수동,450,2025-04-23,집합,제2종근린생활,17.82,,1,10000,A_0_100,bbf27471b48859a38298a2ae537c8299
39,RANDOM_60,REMOVE_CLEAR,집합건물·소면적·층 정보로 개별 호실 거래 가능성 높음,서울,11230,동대문구,답십리동,542-1,2025-09-25,집합,제1종근린생활,37.49,,1,57500,A_0_100,852a85c9701258ab91987847ab833594
40,RANDOM_60,REMOVE_CLEAR,집합건물·소면적·층 정보로 개별 호실 거래 가능성 높음,경기,41173,안양시 동안구,호계동,1327,2025-03-29,집합,제2종근린생활,28.0,,,38500,A_0_100,50ec30de7bca5eb79b66c85b0acde101
41,RANDOM_60,REMOVE_CLEAR,건물면적 500㎡ 이하로 대형 비주거 거래 기준에서 명확히 소규모,경기,41113,수원시 권선구,고색동,2**,2025-02-17,일반,제2종근린생활,298.12,499,,170000,B_100_500,2433636cac0a5672a9e781ed6c68ce63
42,RANDOM_60,REMOVE_CLEAR,집합건물·소면적·층 정보로 개별 호실 거래 가능성 높음,경기,41273,안산시 단원구,원곡동,994-8,2025-09-23,집합,업무,21.0,,2,11415,A_0_100,a62614899c625d3fb5a5f92d62414883
43,RANDOM_60,REMOVE_CLEAR,집합건물·소면적·층 정보로 개별 호실 거래 가능성 높음,서울,11230,동대문구,제기동,892-71,2025-11-22,집합,판매,6.6,,,6000,A_0_100,03f9562829b75e939bd2922f0be64de6
44,RANDOM_60,REVIEW_EDGE,"일반건물 1,000㎡ 초과로 건물 전체 거래일 수 있어 단순 소형으로 보기 어려움",서울,11440,마포구,연남동,5**,2025-02-18,일반,업무,2907.63,355.7,,3300000,E_2000_3300,cb77ba44eb2f5e2090c9f824a0edd8fe
45,RANDOM_60,REMOVE_CLEAR,집합건물·소면적·층 정보로 개별 호실 거래 가능성 높음,서울,11500,강서구,마곡동,798-17,2025-04-30,집합,제1종근린생활,38.6,,2,50350,A_0_100,1ac0063dd86c58bc90aa35893ecbb2e7
46,RANDOM_60,REMOVE_CLEAR,집합건물·소면적·층 정보로 개별 호실 거래 가능성 높음,서울,11290,성북구,안암동5가,147-5,2025-11-24,집합,제2종근린생활,231.44,,3,65000,B_100_500,9d8dba543af55ceb9c268ed0ccc65efc
47,RANDOM_60,REMOVE_CLEAR,집합건물·소면적·층 정보로 개별 호실 거래 가능성 높음,서울,11215,광진구,구의동,546-4,2025-07-10,집합,판매,13.02,,,350,A_0_100,23e7ba3898bf57f79eeca000a587fb4a
48,RANDOM_60,REMOVE_CLEAR,집합건물·소면적·층 정보로 개별 호실 거래 가능성 높음,서울,11740,강동구,고덕동,210-1,2025-11-04,집합,제1종근린생활,99.0,,1,120000,A_0_100,71cd7883ddd658d3a735b464d21402d6
49,RANDOM_60,REMOVE_CLEAR,집합건물·소면적·층 정보로 개별 호실 거래 가능성 높음,경기,41135,성남시 분당구,서현동,94,2025-06-13,집합,제1종근린생활,90.79,,,35500,A_0_100,bde09862d2ff514e8c16886ce25fe74b
50,RANDOM_60,REMOVE_CLEAR,집합건물·소면적·층 정보로 개별 호실 거래 가능성 높음,인천,28177,미추홀구,주안동,939-30,2025-04-17,집합,제1종근린생활,166.56,,3,38680,B_100_500,03c60db3d26e5128abd12b46c03a5e11
51,RANDOM_60,REMOVE_CLEAR,집합건물·소면적·층 정보로 개별 호실 거래 가능성 높음,서울,11650,서초구,양재동,215,2025-11-28,집합,판매,40.0,,11,27372,A_0_100,1b25d38452ce567fa1982caa98ee115b
52,RANDOM_60,REMOVE_CLEAR,집합건물·소면적·층 정보로 개별 호실 거래 가능성 높음,서울,11200,성동구,성수동1가,685-696,2025-07-09,집합,판매,59.61,,1,156870,A_0_100,38bcc5243c345cacaeac551eb4561cff
53,RANDOM_60,REMOVE_CLEAR,집합건물·소면적·층 정보로 개별 호실 거래 가능성 높음,서울,11530,구로구,고척동,75-1,2025-04-15,집합,판매,6.38,,1,1000,A_0_100,e8ae70b030555f3a89df1cf906dd59f6
54,RANDOM_60,REMOVE_REASONABLE,"일반건물이지만 1,000㎡ 이하로 대형 거래 기준에서는 소규모",경기,41192,부천시 원미구,원미동,7*,2025-08-20,일반,제2종근린생활,732.19,557.1,,394900,C_500_1000,1e098c105fc95859aed804ec86e7fe1d
55,RANDOM_60,REMOVE_CLEAR,집합건물·소면적·층 정보로 개별 호실 거래 가능성 높음,서울,11215,광진구,자양동,831-1,2025-09-16,집합,제2종근린생활,87.18,,,55000,A_0_100,45e4b2c784245962a8048ad2976468f4
56,RANDOM_60,REMOVE_CLEAR,집합건물·소면적·층 정보로 개별 호실 거래 가능성 높음,경기,41173,안양시 동안구,호계동,555-9,2025-06-17,집합,판매,24.1,,,13500,A_0_100,840f6b617e8f5c72ab90defc9834b466
57,RANDOM_60,REMOVE_CLEAR,집합건물·소면적·층 정보로 개별 호실 거래 가능성 높음,서울,11560,영등포구,영등포동3가,9-13,2025-12-10,집합,판매,4.96,,10,8000,A_0_100,0b06b5a5797e530f82c32a6b9a7e726d
58,RANDOM_60,REMOVE_CLEAR,집합건물·소면적·층 정보로 개별 호실 거래 가능성 높음,경기,41390,시흥시,정왕동,1728-16,2025-04-11,집합,제2종근린생활,127.83,,,14900,B_100_500,31befc4428c95495ba742c7e45e929d5
59,RANDOM_60,REMOVE_CLEAR,집합건물·소면적·층 정보로 개별 호실 거래 가능성 높음,경기,41597,화성시 동탄구,능동,1114-3,2025-05-16,집합,제2종근린생활,80.04,,2,19500,A_0_100,b5bc79e0a7ee5259b0c0ea3424e41cd7
60,RANDOM_60,REMOVE_CLEAR,집합건물·소면적·층 정보로 개별 호실 거래 가능성 높음,경기,41480,파주시,와동동,1557-4,2025-12-22,집합,제1종근린생활,110.0,,3,22000,B_100_500,430d431f011b51fcbe94548f82234fff
61,GENERAL_1000_3300_BOOST,REVIEW_EDGE,"일반건물 1,000㎡ 초과로 건물 전체 거래일 수 있어 단순 소형으로 보기 어려움",경기,41463,용인시 기흥구,신갈동,3**,2025-09-25,일반,교육연구,2455.54,6088,,1409495,E_2000_3300,f6f4bd413b185c32831eed89a5ab4b92
62,GENERAL_1000_3300_BOOST,REVIEW_EDGE,"일반건물 1,000㎡ 초과로 건물 전체 거래일 수 있어 단순 소형으로 보기 어려움",서울,11230,동대문구,회기동,6*,2025-07-09,일반,제2종근린생활,1085.52,426,,700000,D_1000_2000,7930dbaed53a556ca5a31964c59f614f
63,GENERAL_1000_3300_BOOST,REVIEW_EDGE,"일반건물 1,000㎡ 초과로 건물 전체 거래일 수 있어 단순 소형으로 보기 어려움",경기,41150,의정부시,의정부동,3*,2025-01-25,일반,제2종근린생활,2024.77,580,,561440,E_2000_3300,e631a30485e250519fed9e56a2790167
64,GENERAL_1000_3300_BOOST,REVIEW_EDGE,"일반건물 1,000㎡ 초과로 건물 전체 거래일 수 있어 단순 소형으로 보기 어려움",경기,41285,고양시 일산동구,중산동,*,2025-06-19,일반,기타,1184.93,875,,372000,D_1000_2000,ce45f6461d8c5e219a8cddda2eb08bc7
65,GENERAL_1000_3300_BOOST,REVIEW_EDGE,"일반건물 1,000㎡ 초과로 건물 전체 거래일 수 있어 단순 소형으로 보기 어려움",서울,11680,강남구,도곡동,5**,2025-05-30,일반,제2종근린생활,1872.32,49.1,,147929,D_1000_2000,79c1aae7a8055c4995fc6f7f5dd6a082
66,GENERAL_1000_3300_BOOST,REVIEW_EDGE,"일반건물 1,000㎡ 초과로 건물 전체 거래일 수 있어 단순 소형으로 보기 어려움",인천,28200,남동구,고잔동,3**,2025-12-05,일반,제2종근린생활,1270.73,1086,,568488,D_1000_2000,e67037b0fba4514ca2121257d55b7c37
67,GENERAL_1000_3300_BOOST,REVIEW_EDGE,"일반건물 1,000㎡ 초과로 건물 전체 거래일 수 있어 단순 소형으로 보기 어려움",경기,41370,오산시,오산동,4**,2025-05-09,일반,기타,1457.45,413,,241000,D_1000_2000,25b0bdbd13ad5bb99696617d96abb6f1
68,GENERAL_1000_3300_BOOST,REVIEW_EDGE,"일반건물 1,000㎡ 초과로 건물 전체 거래일 수 있어 단순 소형으로 보기 어려움",서울,11680,강남구,청담동,7*,2025-12-05,일반,제2종근린생활,2031.9,499.5,,2660000,E_2000_3300,db285b150cc8524381314e43562d8232
69,GENERAL_1000_3300_BOOST,REVIEW_EDGE,"일반건물 1,000㎡ 초과로 건물 전체 거래일 수 있어 단순 소형으로 보기 어려움",경기,41550,안성시,삼죽면 마전리,1**,2025-05-13,일반,기타,3221.2,15654,,717140,E_2000_3300,ba4e4ac5b92a56e3aa45f54ae9545af8
70,GENERAL_1000_3300_BOOST,REVIEW_EDGE,"일반건물 1,000㎡ 초과로 건물 전체 거래일 수 있어 단순 소형으로 보기 어려움",경기,41173,안양시 동안구,평촌동,3**,2025-09-02,일반,제2종근린생활,1777.97,436.9,,375000,D_1000_2000,45bd3ce1c33f5b619acd6a3a773569a2
71,GENERAL_1000_3300_BOOST,REVIEW_EDGE,"일반건물 1,000㎡ 초과로 건물 전체 거래일 수 있어 단순 소형으로 보기 어려움",서울,11200,성동구,도선동,3*,2025-03-31,일반,업무,2342.63,1652.9,,6700000,E_2000_3300,cc4608e958be5d789777d44edd26a140
72,GENERAL_1000_3300_BOOST,REVIEW_EDGE,"일반건물 1,000㎡ 초과로 건물 전체 거래일 수 있어 단순 소형으로 보기 어려움",서울,11650,서초구,서초동,1***,2025-07-03,일반,제2종근린생활,1108.44,291.6,,1100000,D_1000_2000,e90b0c51e51f5d7d8729e746e5a7f431
73,GENERAL_1000_3300_BOOST,REVIEW_EDGE,"일반건물 1,000㎡ 초과로 건물 전체 거래일 수 있어 단순 소형으로 보기 어려움",서울,11215,광진구,화양동,1*,2025-12-24,일반,숙박,1047.54,330.6,,764000,D_1000_2000,096aaea7ba7a5fb098f99793e955bca6
74,GENERAL_1000_3300_BOOST,REVIEW_EDGE,"일반건물 1,000㎡ 초과로 건물 전체 거래일 수 있어 단순 소형으로 보기 어려움",서울,11710,송파구,가락동,1**,2025-05-26,일반,업무,2888.76,664.2,,2000000,E_2000_3300,7b73b1e9f753533aa29e66c0979451e8
75,GENERAL_1000_3300_BOOST,REVIEW_EDGE,"일반건물 1,000㎡ 초과로 건물 전체 거래일 수 있어 단순 소형으로 보기 어려움",인천,28275,서해구,심곡동,2**,2025-09-05,일반,제2종근린생활,1546.44,365.6,,320000,D_1000_2000,0411483ad686553ab9b36946e2751240
76,GENERAL_1000_3300_BOOST,REVIEW_EDGE,"일반건물 1,000㎡ 초과로 건물 전체 거래일 수 있어 단순 소형으로 보기 어려움",서울,11530,구로구,구로동,5**,2025-11-05,일반,숙박,1604.5,430,,930000,D_1000_2000,993766c0664354c58b45957553d89467
77,GENERAL_1000_3300_BOOST,REVIEW_EDGE,"일반건물 1,000㎡ 초과로 건물 전체 거래일 수 있어 단순 소형으로 보기 어려움",서울,11110,종로구,명륜3가,6*,2025-09-12,일반,제2종근린생활,2134.73,879.3,,760000,E_2000_3300,1c423c29a3f8501e9de4765f32f11a55
78,GENERAL_1000_3300_BOOST,REVIEW_EDGE,"일반건물 1,000㎡ 초과로 건물 전체 거래일 수 있어 단순 소형으로 보기 어려움",인천,28275,서해구,심곡동,2**,2025-04-11,일반,제2종근린생활,1935.36,641.2,,410000,D_1000_2000,21d523cfd49a5715920623e4c76428fb
79,GENERAL_1000_3300_BOOST,REVIEW_EDGE,"일반건물 1,000㎡ 초과로 건물 전체 거래일 수 있어 단순 소형으로 보기 어려움",경기,41115,수원시 팔달구,인계동,1***,2025-10-21,일반,숙박,1567.86,372.1,,340000,D_1000_2000,0e3d9dcb775b5c9cb439672168820e5a
80,GENERAL_1000_3300_BOOST,REVIEW_EDGE,"일반건물 1,000㎡ 초과로 건물 전체 거래일 수 있어 단순 소형으로 보기 어려움",경기,41370,오산시,오산동,8**,2025-10-30,일반,기타,3114.01,1731.8,,1350000,E_2000_3300,521cf164772858c5afdcea554975e685
81,COLLECTIVE_1000_3300_BOOST,REVIEW_EDGE,"집합건물이나 면적이 1,000㎡ 초과해 대형 호실·복수호실 가능성 존재",서울,11170,용산구,동자동,45,2025-05-16,집합,업무,1244.99,,8,2292977,D_1000_2000,a498e909c71258158bf63fa98451f1fe
82,COLLECTIVE_1000_3300_BOOST,REVIEW_EDGE,"집합건물이나 면적이 1,000㎡ 초과해 대형 호실·복수호실 가능성 존재",서울,11110,종로구,창신동,328-18,2025-05-30,집합,제2종근린생활,2053.74,,,35000,E_2000_3300,5ee48ac5fec855d2bb4437f192c6ed5f
83,COLLECTIVE_1000_3300_BOOST,REVIEW_EDGE,"집합건물이나 면적이 1,000㎡ 초과해 대형 호실·복수호실 가능성 존재",인천,28185,연수구,송도동,23-3,2025-11-21,집합,기타,1178.78,,,260000,D_1000_2000,aa8e0b8fed025f5ba4da5045d5e8167b
84,COLLECTIVE_1000_3300_BOOST,REVIEW_EDGE,"집합건물이나 면적이 1,000㎡ 초과해 대형 호실·복수호실 가능성 존재",서울,11170,용산구,동자동,45,2025-05-16,집합,업무,1245.79,,9,2292977,D_1000_2000,2a74b7cb6e7b561493b17f52f0cb4fa3
85,COLLECTIVE_1000_3300_BOOST,REVIEW_EDGE,"집합건물이나 면적이 1,000㎡ 초과해 대형 호실·복수호실 가능성 존재",서울,11650,서초구,반포동,2-8,2025-01-15,집합,판매,3075.63,,,31000,E_2000_3300,a0617686e23b5bcab5d52a8640cdc31e
86,COLLECTIVE_1000_3300_BOOST,REVIEW_EDGE,"집합건물이나 면적이 1,000㎡ 초과해 대형 호실·복수호실 가능성 존재",서울,11140,중구,충무로3가,60-1,2025-02-26,집합,업무,2768.96,,,2135908,E_2000_3300,68c96ecd03565cd5ac758439c1828899
87,COLLECTIVE_1000_3300_BOOST,REVIEW_EDGE,"집합건물이나 면적이 1,000㎡ 초과해 대형 호실·복수호실 가능성 존재",경기,41465,용인시 수지구,상현동,254-14,2025-12-12,집합,제1종근린생활,1957.84,,,284203,D_1000_2000,329d2f38622e5ccb83f48a213c7bb343
88,COLLECTIVE_1000_3300_BOOST,REVIEW_EDGE,"집합건물이나 면적이 1,000㎡ 초과해 대형 호실·복수호실 가능성 존재",서울,11440,마포구,상암동,1595-1,2025-08-29,집합,제2종근린생활,1555.67,,12,1026000,D_1000_2000,7f3f575b79265ba18e5a35ae412d94f3
89,COLLECTIVE_1000_3300_BOOST,REVIEW_EDGE,"집합건물이나 면적이 1,000㎡ 초과해 대형 호실·복수호실 가능성 존재",서울,11170,용산구,동자동,45,2025-05-16,집합,업무,1263.21,,26,2508786,D_1000_2000,3f3937c485a857f683d6340202f4bdc0
90,COLLECTIVE_1000_3300_BOOST,REVIEW_EDGE,"집합건물이나 면적이 1,000㎡ 초과해 대형 호실·복수호실 가능성 존재",서울,11230,동대문구,신설동,97-8,2025-10-01,집합,제1종근린생활,2436.84,,,214000,E_2000_3300,2f444af6462655f3a3a9b63f6a066c8c
91,COLLECTIVE_1000_3300_BOOST,REVIEW_EDGE,"집합건물이나 면적이 1,000㎡ 초과해 대형 호실·복수호실 가능성 존재",서울,11110,종로구,신문로2가,92,2025-10-20,집합,업무,1253.68,,3,2214487,D_1000_2000,bd6dc8a9fb6c5a89a5d42ba8e801ee10
92,COLLECTIVE_1000_3300_BOOST,REVIEW_EDGE,"집합건물이나 면적이 1,000㎡ 초과해 대형 호실·복수호실 가능성 존재",서울,11140,중구,충무로3가,60-1,2025-02-26,집합,교육연구,2768.96,,,2135908,E_2000_3300,137843b4b4b95d8e84e7483b1ab932d9
93,COLLECTIVE_1000_3300_BOOST,REVIEW_EDGE,"집합건물이나 면적이 1,000㎡ 초과해 대형 호실·복수호실 가능성 존재",서울,11440,마포구,상암동,1595-1,2025-08-29,집합,제2종근린생활,1564.98,,3,1354320,D_1000_2000,f61016775f4853e1a65509652b280dab
94,COLLECTIVE_1000_3300_BOOST,REVIEW_EDGE,"집합건물이나 면적이 1,000㎡ 초과해 대형 호실·복수호실 가능성 존재",경기,41465,용인시 수지구,상현동,254-14,2025-12-12,집합,기타,1693.27,,,245797,D_1000_2000,8ebdc279be1e58e480e3deb431fc2965
95,COLLECTIVE_1000_3300_BOOST,REVIEW_EDGE,"집합건물이나 면적이 1,000㎡ 초과해 대형 호실·복수호실 가능성 존재",경기,41465,용인시 수지구,상현동,254-14,2025-12-12,집합,제1종근린생활,1957.84,,,284203,D_1000_2000,3dd260d140a35f2a8cc534dc91665d74
96,COLLECTIVE_1000_3300_BOOST,REVIEW_EDGE,"집합건물이나 면적이 1,000㎡ 초과해 대형 호실·복수호실 가능성 존재",서울,11110,종로구,신문로2가,92,2025-10-20,집합,업무,1253.68,,10,2214487,D_1000_2000,523d0335eee95bbd9ad37d2397577b01
97,COLLECTIVE_1000_3300_BOOST,REVIEW_EDGE,"집합건물이나 면적이 1,000㎡ 초과해 대형 호실·복수호실 가능성 존재",경기,41390,시흥시,정왕동,1203,2025-01-15,집합,판매,1473.92,,1,7500,D_1000_2000,f29de2635b2c531985cd41431985a2e2
98,COLLECTIVE_1000_3300_BOOST,REVIEW_EDGE,"집합건물이나 면적이 1,000㎡ 초과해 대형 호실·복수호실 가능성 존재",서울,11140,중구,충무로3가,60-1,2025-02-26,집합,업무,2768.96,,,2135908,E_2000_3300,7ae4138159c153fd81bf7ff038d1e325
99,COLLECTIVE_1000_3300_BOOST,REVIEW_EDGE,"집합건물이나 면적이 1,000㎡ 초과해 대형 호실·복수호실 가능성 존재",경기,41210,광명시,일직동,512-3,2025-06-13,집합,기타,2499.02,,5,1108490,E_2000_3300,07619ec3cfcf5b4eb6f113258dca44a3
100,COLLECTIVE_1000_3300_BOOST,REVIEW_EDGE,"집합건물이나 면적이 1,000㎡ 초과해 대형 호실·복수호실 가능성 존재",서울,11650,서초구,서초동,1446-11,2025-12-22,집합,기타,2701.62,,,870000,E_2000_3300,bdbd9ee36ce45b29a380a3f3d6bccf6e
