sgg_code,sgg_name,umd_name,jibun,deal_date,deal_amount_10k_krw,building_type,row_count,sum_building_area_m2,row_areas_m2,floors,uses,document_ids
11140,중구,충무로3가,60-1,2025-02-26,2135908,집합,20,55379.2,2768.96|2768.96|2768.96|2768.96|2768.96|2768.96|2768.96|2768.96|2768.96|2768.96|2768.96|2768.96|2768.96|2768.96|2768.96|2768.96|2768.96|2768.96|2768.96|2768.96,|||||||||||||||||||,교육연구|교육연구|업무|업무|업무|업무|업무|업무|업무|업무|업무|업무|업무|업무|업무|업무|업무|업무|업무|업무,35b70c24b3e05dac8c9c00999837cdd6|137843b4b4b95d8e84e7483b1ab932d9|1818980cae1a54e6baa31ba856bf67fa|06f407907cc456ed8058a3fe39032c56|13761357ac3e53fca0296633cf18c394|cc24c3468d7b5cf78e1a3f36e1789f55|d30d393f95f25acdbd81e9992e4d48f9|509ccc681cfd5ffdb656f4648d597ee3|68c96ecd03565cd5ac758439c1828899|b062ab767d5855e7ab675cbf9ab23b37|9c9d70e2cd715c8fb55b1eac9f8cf707|300ed317d8aa5c97a680d45b35076303|7ae4138159c153fd81bf7ff038d1e325|f2f6dc421cdb5da7a172d0feb8359101|c014479fcb655cf893b5f88925e1ffd2|bebfe9b9ee9b503c91085850915506ca|b8e74cf48e94579d996f2ed054b40cbe|8a013c4fd5a85e7e86e57cd74f85979e|aa3037fc6bb755a89602904ad8e7a521|2948289329d558c9b5deea68827ea378
41150,의정부시,의정부동,3*,2025-01-24,32041,일반,16,11404.64,712.79|712.79|712.79|712.79|712.79|712.79|712.79|712.79|712.79|712.79|712.79|712.79|712.79|712.79|712.79|712.79,|||||||||||||||,제1종근린생활|제1종근린생활|제1종근린생활|제1종근린생활|제1종근린생활|제1종근린생활|제1종근린생활|제1종근린생활|제1종근린생활|제1종근린생활|제1종근린생활|제1종근린생활|제1종근린생활|제1종근린생활|제1종근린생활|제1종근린생활,c1ce7ccd67235074b3f1a2e433978e78|cd91fe0ddfca5175b80d6f70f10f8b36|ffe6197af97654bc9f165bf07dbbc29f|8aa5c6b7cfb65faf97c53c87508dbe9d|1420fd7455c45ae3b43ff910cc00bdf7|80a13cb2748b53d2aad8b58a585a3658|cc7d98fe55775effaa7ea42ebcc56ea6|e7e30a9cbecf5c30872382dd35d8b545|5b31df109cde58b7bf4f4da8fbbc17ff|49b706b2c170508ba0a36918e4d57b8a|feafd6bba6a454c98a2f9da3e26fb1db|d58dab2f8f615f8bb4d6aa920e077903|9c7ad2ab25425081a920cf59c4e3b570|f52edbd63574548493ece9e9ff6a536d|9fcc054701e25975a5b2c5e47d3a067b|464a947890de591493505ff76cc153b9
11110,종로구,신문로2가,92,2025-10-20,2214487,집합,9,11283.12,1253.68|1253.68|1253.68|1253.68|1253.68|1253.68|1253.68|1253.68|1253.68,10|3|9|11|8|5|6|7|4,업무|업무|업무|업무|업무|업무|업무|업무|업무,523d0335eee95bbd9ad37d2397577b01|bd6dc8a9fb6c5a89a5d42ba8e801ee10|fc894d0313f55507b1daa6a02c9bd5d1|e576a1155a1e54729cf4ac22c3d57713|9b3b2c25e0595ce5a409c24a393293bb|d912201ccc65563d9c8e7f3d1a61e8ab|287016ee38995565924b078a53882f4b|34de09f1278151cdbce815e3597895dd|b125864e091e5e7682579c2416ec68b1
41597,화성시 동탄구,여울동,979,2025-04-11,383744,집합,19,10016.23,527.17|527.17|527.17|527.17|527.17|527.17|527.17|527.17|527.17|527.17|527.17|527.17|527.17|527.17|527.17|527.17|527.17|527.17|527.17,26|18|14|12|11|8|10|17|24|16|25|13|20|15|9|23|21|22|7,업무|업무|업무|업무|업무|업무|업무|업무|업무|업무|업무|업무|업무|업무|업무|업무|업무|업무|업무,5e3d9b4cbc1a58f9ab80df1972a3637f|ba65dce876ac5620ae617190db217137|d1af158cc31b5ca68de8d9012aaf94de|0fb7c961ed7d514ca134407b857787a0|c7b2e85af58a5dcc8baa3e3bd848084e|86809ca29c5d5b67b2faa9efd3a4491e|fd67df3125685dfba18a976874079b14|8fee1dfb41f05948baae263bf8405ada|4f3e2d2cfe835baeae71f3d4a25b3eb3|8a9234780e6254c2b40ddc17d1045f01|c46515198a8556639de22ccc52cc4df1|82338d4117845eff802e24a7e9848edd|4d1401ff1edc5f689b0c52e9e57ec7d6|3047152dbfd45bf4bf2783a046849d9d|f4620f31846751f5b51b4393b89f1bd7|5ab0d70ea792536a873039caa293dcd3|6c3798318fe0552e95fc3875638b4cce|c4ff5ee92a8352e881053437b37ac568|7df9df14409a512b8e5da5024388ce01
11500,강서구,염창동,2**,2025-10-31,1260000,일반,3,9670.68,3223.56|3223.56|3223.56,||,제1종근린생활|제1종근린생활|제1종근린생활,697a60065b5152f7951dfe7bed88c6ab|85ca39d2d11d5a308d1fcc2374613a52|f5d1b99e437b58df80677ce32952c96a
11500,강서구,마곡동,767,2025-07-04,2514908,집합,4,8152.0,2038.0|2038.0|2038.0|2038.0,|||,업무|업무|업무|업무,43b3d64304f35a9eb5beca8ba1b1502f|3e8d2fafa98151299b5ab3b6ac7acfc0|4cbc57c67abc529b830727e7af541594|ae6f817ee83e548fb254f0b75fdbf184
11170,용산구,동자동,45,2025-05-16,2488554,집합,6,7521.74,1251.87|1252.78|1255.67|1253.03|1254.67|1253.72,12|13|16|27|15|14,업무|업무|업무|업무|업무|업무,9dfb6486875b59cbae0241391324c0fa|27da8db3864155be83615a7fc855df52|2b58f1b550795e689d921a38eb3f55ca|211d62473ee655f78f325037e5c1b9fb|d8be2b3736eb598caec80c448fa1ae81|fb159f91c7575d9d81b9fdb4d19334ba
11110,종로구,신문로2가,92,2025-10-20,1344102,집합,9,6848.55,760.95|760.95|760.95|760.95|760.95|760.95|760.95|760.95|760.95,6|8|3|7|11|4|10|9|5,업무|업무|업무|업무|업무|업무|업무|업무|업무,896306ac1c42523ca9668bd43884eac5|7d98a12a07985273a47c2db0262523d8|aceb036d87265b9dafe64ef004e76ae0|21b22680739b5216ac8f65e3dbaad313|4897cd2229b053e683f8562a9df4570b|19bf8fa96248520fa1b3c7fba2afb870|c4aacad2ac6a5542b3de162a0483647a|71213ed6be3354e7bde5f32648d6119c|7cdeeb3c15e157ba9ce5b7a05fc89d68
11650,서초구,서초동,1445-14,2025-05-12,1753583,집합,4,6625.8,1656.45|1656.45|1656.45|1656.45,|||,업무|업무|업무|업무,fe8de83bf2f755d38d5d314f7f6eecd5|8cb665073679575bbd23deb975a70ca7|10e0f0e8f4755f099bb9c49e5f57c0e7|b10e4042e2cb5867901e493cfea483bb
41597,화성시 동탄구,여울동,979,2025-04-11,242026,집합,19,6317.12,332.48|332.48|332.48|332.48|332.48|332.48|332.48|332.48|332.48|332.48|332.48|332.48|332.48|332.48|332.48|332.48|332.48|332.48|332.48,12|13|15|20|16|9|25|17|10|21|14|26|11|24|8|22|7|23|18,업무|업무|업무|업무|업무|업무|업무|업무|업무|업무|업무|업무|업무|업무|업무|업무|업무|업무|업무,e600bedeadec5c2fa6cc8c1842a7e220|828524f61de9582eabc08d1921ee8d70|3b0267c4bee656399d3d273ba893722c|4fdcd21aa1a4515eb0a6ec0f7215f2b0|0ff3caefb2b3531d8337875721868040|5f4daf63e53d5e279a1e520f24b2d924|c69a18e4bc77538f8cd8886e7177f8af|d6875ff0fd3e5a27839cc868e9a370ce|7ef8cb24d9ee5a7e8c82ac7369c123b7|5bc08952d13a5084a0bd9bc0b9905035|b6267f9feae95452b3b3963d4dfb11e7|72440be6bc9f545a98c181be9ae4b49d|e2bcd53874915738aa1e5c4410206666|035d65d1058151608206f06bfd245adb|a93ca5929acc5fd9a8c8559e7318fafc|1f0838f7d9d75b5ab9afe518ea4c2b4e|153f8136b3a755e2a3981ea28982c453|23778d8f7fd5548a98db49aadcdc27d5|ba79f89b55e9508e86690618968b7ff7
11500,강서구,마곡동,767,2025-12-15,1356520,집합,4,6197.92,1549.48|1549.48|1549.48|1549.48,|||,숙박|숙박|숙박|숙박,2ab8c1e08b2854e6a65cbcaf155e74ec|6a85f948a33c56138049587bba01cfab|7b46f702c40c5188914bda4903096458|4cf61aa03fd9581c8f67f89f82146bd1
11650,서초구,서초동,1445-14,2025-05-12,1579675,집합,4,5968.76,1492.19|1492.19|1492.19|1492.19,|||,업무|업무|업무|업무,423e06f31a4f50628f07ea030beb4127|df3dd3cf850c5cbbb05cd2fd04ef0bff|379bd240e29a56b9846bad9141e04222|f1bfba06fd87540e897f68a7c1c308ee
11560,영등포구,여의도동,25,2025-12-23,795839,집합,10,5968.1,596.81|596.81|596.81|596.81|596.81|596.81|596.81|596.81|596.81|596.81,|||||||||,업무|업무|업무|업무|제2종근린생활|제2종근린생활|제2종근린생활|제1종근린생활|제1종근린생활|제1종근린생활,fcdfbc9cacc459b2b1b1e603a1203926|5fe4d7a8649e5c09a0219bac78d3bf4f|b3ca91c9fb0e5b5f88f874a5490da102|e79d139ff2025108b392551994bc9aa3|bb91124ef81f52e59c7836e641e1ec22|b3321c51a6a35a6e81e3c6020a1a7b5c|dbe43dfdbe8c56889622e41b5c923ea3|d14d6e2bc43b5dcfa3589cfebd05b11d|76780a66b5e85eb78524d3fbedb58e80|8c3056eb886f5d7ba5e0baee4226c76f
11500,강서구,마곡동,767,2025-07-04,2442387,집합,3,5937.69,1979.23|1979.23|1979.23,||,업무|업무|업무,e4bfa655e9b95c8381eeef81206892de|ce12740660885a539f48a0814e30db8a|a4eeb28b741759cb90ecbfce448e3db0
11170,용산구,동자동,56,2025-02-27,1439914,집합,8,5883.04,735.38|735.38|735.38|735.38|735.38|735.38|735.38|735.38,|||||||,숙박|숙박|숙박|숙박|숙박|숙박|숙박|숙박,c4b7c07220e057d8b3d9b1d7678c9698|301976fe7ebb546b85817e8402d63a93|823ac7d11e9a541ab014deee16de8f7b|94b6b92242985895bfa6042a8240c611|13203736f4ad5dc297cd4863494f8bf4|fdb65edf668f5169b16e7b899d216635|bffdcd93af62546eb8a14814625d9ed5|ce21e5a33f435712a46adde15b6e2fea
11650,서초구,서초동,1321-11,2025-06-20,2494461,집합,6,5593.38,932.23|932.23|932.23|932.23|932.23|932.23,16|13|15|11|14|17,업무|업무|업무|업무|업무|업무,36a82142a53b5f49a4480d740ef5f8b7|6826aed02b1157eb9919d1f608e00311|8f1ee34ec6135885a0ed26003494cea4|88f5e2a674275fcaab6c36dfaab94419|33befc3bd981509983134bb5694f4cd1|d9edc0cf9eb9524cb2316f54656fccc3
11140,중구,신당동,4**,2025-07-25,1330000,일반,2,5328.94,2664.47|2664.47,|,업무|업무,0b32d16fbf1d596f9eedbbbeca6af047|6c39cc40d31953c296b28ab153e363eb
11650,서초구,서초동,1445-14,2025-05-12,1389143,집합,4,5248.96,1312.24|1312.24|1312.24|1312.24,|||,업무|업무|업무|업무,47180db672ba5e0aa9fb371cec222bb2|180f657cd4c15bd08edd6a4facb22aa1|b324878b99dd5401906e48b5cf6f4e30|89672e8c7d3250a685ffc664b57025ab
41150,의정부시,의정부동,3*,2025-01-24,64082,일반,7,4989.53,712.79|712.79|712.79|712.79|712.79|712.79|712.79,||||||,제1종근린생활|제1종근린생활|제1종근린생활|제1종근린생활|제1종근린생활|제1종근린생활|제1종근린생활,8ee1844afbc051b7a1e22669f7a8e4ca|ac1f99e8b2095dcd8f075121da600b3d|753f24d1def15681b42994c1f58ea8e9|8823b4611196589fa00645b9dc8ca573|7187c56da2b95e93b399f45e3491f8ad|252ecbacfdb95aa490a563733b564792|35646f04575d596ab1908ceff49f2eca
11200,성동구,도선동,3*,2025-03-31,6700000,일반,2,4685.26,2342.63|2342.63,|,업무|업무,ff8b7303be0a57349b23f70055876818|cc4608e958be5d789777d44edd26a140
11680,강남구,대치동,9**,2025-11-07,3290000,일반,2,4614.04,2307.02|2307.02,|,업무|업무,bebcfe7d60e25d94ba8ab792e26fa62f|c3857cdf935355dc8a596bcec6e88184
11680,강남구,역삼동,718-20,2025-04-08,1120843,집합,8,4569.84,571.23|571.23|571.23|571.23|571.23|571.23|571.23|571.23,10|5|8|9|3|7|4|6,업무|업무|업무|업무|업무|업무|업무|업무,869226c5aa285f2282deaffad0928ba6|443123cde4b657f0ace1ae60010a9c43|f44ab0c645555bf28b6b8b472c538ecd|4e12b7f7d7c95b1db9c57fa64cf9aa88|daf1ed3cfa485cca95b88a0296fd3261|d98875506db550919584a066070e75b4|ce39dde824c25ab482cf6a0a1208615e|8a909f0c6a6459f991de4dfc1283fec2
11440,마포구,상암동,1595-1,2025-08-29,1104660,집합,3,4296.78,1432.26|1432.26|1432.26,9|7|8,제2종근린생활|제2종근린생활|제2종근린생활,6d0319a0cda05ebfab94deb56ffaa1f6|02879cf0e54c5bfd92f11d3438bab0a9|ab4cdac84f82535386fd661e39d22b20
41150,의정부시,의정부동,3*,2025-01-25,32041,일반,6,4276.74,712.79|712.79|712.79|712.79|712.79|712.79,|||||,제1종근린생활|제1종근린생활|제1종근린생활|제1종근린생활|제1종근린생활|제1종근린생활,1348eb7d8f285cb994acd5e4c8670c52|58bc10a5ebae50969bd8a795d18f9e26|d10259c1746d5f1c9a75a81751065826|09e5a960f7aa50bd91fe3f91d4da95d6|017e39b93eaf5d32b27b608f4c19597b|ef273cb18b49590390a99102c1139a48
11620,관악구,신림동,1**,2025-08-29,500000,일반,4,4259.96,1064.99|1064.99|1064.99|1064.99,|||,제2종근린생활|제2종근린생활|제2종근린생활|제2종근린생활,a1ea63655841507980283003755fb420|748d12e140085304a2b598306e757d27|ca9f9c7284ee55b7b9279c81509e7c22|783f7d03bf0c50c7b3349b0c7752b811
11530,구로구,구로동,4**,2025-06-23,11220,일반,2,4214.76,2107.38|2107.38,|,제1종근린생활|제1종근린생활,bef87ede71825a4b9500fbed32a2adcf|d2292360cef657ba94e478793c16fa96
11440,마포구,상수동,3**,2025-11-06,1210000,일반,2,4182.38,2091.19|2091.19,|,업무|업무,705a013171c852f6abcee80eb4b72f79|2e23666b93e2532899cf70b60ed55c24
11680,강남구,청담동,7*,2025-12-05,2660000,일반,2,4063.8,2031.9|2031.9,|,제2종근린생활|제2종근린생활,db285b150cc8524381314e43562d8232|fdbcf7dd39ff585ebeee6a7ea1577cd5
41465,용인시 수지구,상현동,254-14,2025-12-12,284203,집합,2,3915.68,1957.84|1957.84,|,제1종근린생활|제1종근린생활,329d2f38622e5ccb83f48a213c7bb343|3dd260d140a35f2a8cc534dc91665d74
28275,서해구,심곡동,2**,2025-04-11,410000,일반,2,3870.72,1935.36|1935.36,|,제2종근린생활|제2종근린생활,5ca5d1a2496652b3b529bfb8465664cf|21d523cfd49a5715920623e4c76428fb
28200,남동구,수산동,5**,2025-03-14,508000,일반,2,3834.68,1917.34|1917.34,|,기타|기타,49fbe1d645c352dcab0d32ac813a2454|03ef7ee2bfea555dbebed6c4a8e07038
11710,송파구,문정동,641-3,2025-09-30,1930000,집합,3,3781.44,1260.48|1260.48|1260.48,11|12|13,업무|업무|업무,7601f3e42a1e5ae18859ea26f3bca545|68bf72acd5bb5adb85910477c8667d8f|992cdb658e3d59be9d487fe4e74538ae
11170,용산구,동자동,45,2025-05-16,2292977,집합,3,3735.33,1244.55|1244.99|1245.79,7|8|9,업무|업무|업무,9a313d1f36f2516581e80c01a535b8d8|a498e909c71258158bf63fa98451f1fe|2a74b7cb6e7b561493b17f52f0cb4fa3
11710,송파구,문정동,641-3,2025-09-30,1635000,집합,3,3688.35,1229.45|1229.45|1229.45,6|8|7,업무|업무|업무,da7433fdd156513687bd52eb970f09bd|e0e3ea64d756560ca4f1bd8b2f3c3e44|50277b14bfe752628b83ee3dd6743d52
11440,마포구,합정동,3**,2025-08-26,1630000,일반,2,3451.5,1725.75|1725.75,|,제2종근린생활|제2종근린생활,a96f51d97ecc57d3b0ad66fd0330d670|316f5e6bfd535e41a2ab65ff7e815a56
41650,포천시,소흘읍 이동교리,7**,2025-05-21,303000,일반,2,3403.15,1738.49|1664.66,|,제2종근린생활|제2종근린생활,c249b7d0b10c5359b31835ecc7799edf|3c2925eeafa0595883cb3d5733b1f2af
41465,용인시 수지구,상현동,254-14,2025-12-12,245797,집합,2,3386.54,1693.27|1693.27,|,기타|기타,8ebdc279be1e58e480e3deb431fc2965|b6d2e816a57d52caa2b4fd8f54c0c8ca
41131,성남시 수정구,복정동,6**,2025-04-17,635000,일반,2,3323.5,1661.75|1661.75,|,제1종근린생활|제1종근린생활,1d7fecde961c5c2fa5e20cfcf6dfb10d|eaef58edec0a53068ded27116d0c5707
