theme,quarter,date,publisher,title,url
금리,2025Q3,2025-09-30,SPI - 상업용 부동산 콘텐츠 & 데이터 애널리틱스,"여의도 파크원 타워2, 6,000억원 규모 담보대출 리파이낸싱 추진 .. 선순위 금리 3.8% 수준 - SPI - 상업용 부동산 콘텐츠 & 데이터 애널리틱스",https://news.google.com/rss/articles/CBMiW0FVX3lxTE5PRzdzODEzcGs1R2xRdWRmRDJEX3EzX3Zpdzl0ZWNSTVZDakgxUjk5bDNsN1RGaTU2RDREV2lqZW9GWExrZHljRzVXLVhaRWdMcV9EOTZNTUJ1ZGs?oc=5
유동성,2025Q2,2025-05-20,한국경제,"SD바이오센서, 1000억 규모 분당빌딩 매각…""유동성 확보"" - 한국경제",https://news.google.com/rss/articles/CBMiWkFVX3lxTE9JWU1ZM25LeUFZRl81RUNkTXRFbTNsR2JHZTZDYzVvS1VfaG9IT1hxaWdBV2JOWWo5RExxYWNYeWtZeVdTTVpJb25yeFk0YUNISzJwalg2aEpfUQ?oc=5
유동성,2025Q2,2025-06-16,코어비트,"초대형 물류 브룩필드청라, 유동성부족 장세에서 가치 인정받나 - 코어비트",https://news.google.com/rss/articles/CBMiT0FVX3lxTFBnTE1zV1RFX29hSWRsWHNaZGVPampOZXM4MFZyVHplVkRTODZiS0JUdFRlNzR1QmlWaDBHOUpnVmNjVkJOS0ViaVZGOXVkaFk?oc=5
유동성,2025Q4,2025-10-07,딜북뉴스,성수동 오피스 개발 줄잇는 자금조달...매각시장도 활기 - 딜북뉴스,https://news.google.com/rss/articles/CBMipAFBVV95cUxPY0hSMkZhTmltazFqb1F6UjlJSHBNOXVvNjVEV2JzYXo5ODA2STZvSldoNUNydXYyV1o2ZVJuR2FnUlZnMWc3cWw4ZG4zU0toYmtsdC0wTHh5VHhPRG5pMTBKYWQ3a0lsYWhwZ0J2MU8wbGNZeXJQekxaVmFNOHprVlptV0pyc1dPelQ3ZlhOanJlYjAxQmwtd3FEUDhPcUMwd0JMbw?oc=5
유동성,2025Q4,2025-12-11,파이낸셜포스트,"'적자 늪' AK플라자, 마포 애경타운까지 넘겼다… 유동성 확보 사활 - 파이낸셜포스트",https://news.google.com/rss/articles/CBMidEFVX3lxTE13XzhxUFVndl9fLWV4WUYtYUhzYVotbU9HVlVRT2wxLW9BbXpMU1d4WGNsOUlxdDJHMG1tSk5zOUFMbGxFUDBvY0MycmNMVjVXWDBkTjFSZTY5VlpzeFhERXgyb3VMdl9Tb0tLY2lLeXI4aVU5?oc=5
PF,2025Q1,2025-01-08,딜사이트,"캡스톤자산운용, 구로 데이터센터 본PF전환 - 딜사이트",https://news.google.com/rss/articles/CBMiT0FVX3lxTE13Y0hOVmlmb2FXRlE2SUp0Rlctam1LX2VpZC13Mnh0VEVKYVVCbS1fQ29RM1otY0JmOG1LdFpVQ1Q0Um5RWWJTdkJNZUdZb0E?oc=5
PF,2025Q1,2025-01-24,대한경제,"[흔들리는 건설, PF 경색 우려] “부동산PF, 내부 승인 받기 어려워요”…서울 PF도 만기연장시 이자보증 요구 - 대한경제",https://news.google.com/rss/articles/CBMidEFVX3lxTFA1akxVV2F1OXFGOHRtMXJaeDhEV1N4d1JYUWZ4Y2gtQXg0QkJROG5HeVR5bDViOVgtM2pqRkswcEtFQmxkTjI5MjFHalJjdVdWX0k2eVpyRnhkQzdUREl2Rktqak9vLW14QWh3RnBOWVRsZFhR?oc=5
PF,2025Q2,2025-04-11,v.daum.net,‘반값 수준’ 서울 경매도 34차례 유찰…위기 더 커지나 [부동산PF 출구가 없다] - v.daum.net,https://news.google.com/rss/articles/CBMiRkFVX3lxTE9pNmRxSm42c0pJc3NyM3dtRFlJZXlhcVhfRXItYS1wSHpRSmRraHVWWFJhZ2t2WmtlM3NFaU1MUFZqVVhoOWc?oc=5
PF,2025Q2,2025-05-12,코어비트,"이지스운용, 메트로·서울로타워 7170억 원 브릿지론 만기연장 요청 - 코어비트",https://news.google.com/rss/articles/CBMiT0FVX3lxTE96ODBvVTUzQW9BX2hZeEo5eTZ3YTczT185LVhPZnhyZ245M0NpMDE4WU5zU0pBekJzR2dHS1RIbGRBbFpuNS1BU3F5WGowWWM?oc=5
PF,2025Q2,2025-05-19,DealSite경제TV,[시행사 점검] [화이트코리아] 안산 홈플러스 개발…본PF 전환 '물음표' - DealSite경제TV,https://news.google.com/rss/articles/CBMiVkFVX3lxTFA2WUxQdWdzd2I0TjhJWUdNOEc1YlFJTWRzREpSTnJJdFB0bzJCdUZ5ZjBYcmQ4cEJRNUxTdWlHSFlldlB5NjZNWHhYZE1PQUgtOXVRcGVR?oc=5
PF,2025Q3,2025-07-17,딜사이트,[핀셋+] [호반산업] 인천 항동 브릿지론 '6년'…첫삽 '차일피일' - 딜사이트,https://news.google.com/rss/articles/CBMiT0FVX3lxTE4zeWl1OGY5MkNMQzUtallCWUdtUlNMSWlUUGVNc0U4bHd4TWFNWmxvSWdRRDh1N3JjTGRXVGw5RFNPdkczalllWndDY21OY0k?oc=5
PF,2025Q3,2025-08-13,마켓인,"강남 르메르디앙 개발, 다음달 본PF 전환…건축허가 '아직' - 마켓인",https://news.google.com/rss/articles/CBMickFVX3lxTE9XdzJzYVUzVGpTYlRoRjE4bHJ2YkxfMlpqVm1fR3JPVWRCNG5NSXY3U1hvSG84R1ZiRkNfRVVvR043cDVGM0N5UFUyS1JOdFV6SXUwZFZGNWloSHV0Y3VCLWFUemZKeVNodnpwUTNFSVpLUQ?oc=5
PF,2025Q3,2025-08-21,코어비트,"메트로·서울로타워 재개발, 2조원 규모 본PF 전환 추진 - 코어비트",https://news.google.com/rss/articles/CBMiUEFVX3lxTE81anZKQ1c5YUxkbDB6QkhlU05vTTZmUWN2ZVZNalhFXzI5bFBkMUF1WG5QNVBDektvdm1uMmpXYlV5TjYzNWNieGpodEhheE92?oc=5
PF,2025Q4,2025-10-15,마켓인,"강남 르메르디앙 개발, 브릿지론 연장…다음달 본PF 전환 - 마켓인",https://news.google.com/rss/articles/CBMickFVX3lxTE1xRzZsbjFNdWdUWU81dVpUcXBOUHNud0QtWG5IS0RHN0VvdXB2dTEwa0J5a3J3ZEY2UzFEdXNzc3hqUS11WHMtUG9Wd3llNnN6WW5SX1NqdzlIUGFTdzNpNEdELTgxaUhBSkQtdFZSbE9uZw?oc=5
PF,2025Q4,2025-10-17,코어비트,"삼성물산, 메트로·서울로타워 책임임차 확정..브릿지론 3개월 만기연장 성공 - 코어비트",https://news.google.com/rss/articles/CBMiUEFVX3lxTFAtTzRubnk3Z1NaRUFzNXZEUmRUZ1BJeEREWm1rMnkyLVRBMFMwSmJPelY0bGZvV1h5V2s4NS1yWWJJWlBmNzloZmVKVTlBWGoy?oc=5
PF,2025Q4,2025-10-24,딜사이트,"메트로·서울로타워 브릿지론, 내년 1월까지 연장 - 딜사이트",https://news.google.com/rss/articles/CBMiT0FVX3lxTE9VWHNpMlRBbWQyVmtiQ3BWY09mNDI5T3BJVUJNa2c1clI4clZlaVo5X3FkOGVSb1VncHBJdXBqcTNuV05CcnhFd0ZKSlM0Xzg?oc=5
대출,2025Q1,2025-01-15,연합인포맥스,"강남 임피리얼 팰리스 호텔, 4천억 리파이낸싱…""PF보단 담보대출"" - 연합인포맥스",https://news.google.com/rss/articles/CBMicEFVX3lxTFBoUF80eHNqLUpNZXlrcmJ3RlVfV3Zpb1JyVHV0bEVidXNEZGNDTVR4MDFvU3lHeW0xN2wwSW9yS0p0T21LVWRNZC11ZWs3emNrQUdob0ZYSjJBQjJtc1VsU1k4c1ptVDFNaFFNM01uUmY?oc=5
대출,2025Q1,2025-01-24,대한경제,"[흔들리는 건설, PF 경색 우려] “부동산PF, 내부 승인 받기 어려워요”…서울 PF도 만기연장시 이자보증 요구 - 대한경제",https://news.google.com/rss/articles/CBMidEFVX3lxTFA1akxVV2F1OXFGOHRtMXJaeDhEV1N4d1JYUWZ4Y2gtQXg0QkJROG5HeVR5bDViOVgtM2pqRkswcEtFQmxkTjI5MjFHalJjdVdWX0k2eVpyRnhkQzdUREl2Rktqak9vLW14QWh3RnBOWVRsZFhR?oc=5
대출,2025Q1,2025-02-04,땅집고,"엠디엠플러스 '아크로 여의도 더원', 완판 앞두고 '1400억' 리파이낸싱 - 땅집고",https://news.google.com/rss/articles/CBMif0FVX3lxTE85bTNvTUNoZW1CY1U2SWtKNzVpSmlKUWdwcUlqV3htbHl1TWtLNWRmTlM5S2FqSzc3dVVhejFodVdTc3RLUTAweVFLWHliMXBDdkZWOUFnSzRaT2gyQlV0ZUd0NV92NHVYcHA1eWpvdXc3dGZQS18tVkxjR2hPUW_SAXNBVV95cUxPUVdCemozR1ZnV2FvRUhTa2lYM3VGbXIwMzExa2lXbF9lQjBKaG43ZE1qZVRRMlpHb1A0LWpQbklZQ0o2MjNlSTJpbVZyUll6WmlZNVdER0xBaXRQUDNEUG9CaERHUk1VZjlBeHVidkQ0RVFF?oc=5
대출,2025Q2,2025-04-03,매일경제,1.75兆 여의도 파크원 리파이낸싱 속도 - 매일경제,https://news.google.com/rss/articles/CBMiUkFVX3lxTFBLVlJkVEZBOUlKVU1NTmZFT3VtV2lvWlQyTmVzMktnaTdPYjF0RXdmc3JjbzZQbGJnQTMxYlltMkFJR3R5bzVvb3Z5S3JvbGk4Y3c?oc=5
대출,2025Q2,2025-04-09,ksdaily.co.kr,LS증권 PF대출 변제 방해 법원 판단...김포공원 개발사업권 강탈 미수 - ksdaily.co.kr,https://news.google.com/rss/articles/CBMibEFVX3lxTE1zc3ZiNFhEcnI3QU54SlBYbk0wbGpLdjNFQnNwZXZpU1liWlE3X2hJWUp6VGhKVGtfMlg3TVAxTHJGZzJsSkxkbGh4MUZkVGNIUVBaMjAzX2dlSjBLQUJCOGtqWVRyWVBmcDdVQg?oc=5
대출,2025Q2,2025-04-20,bloter.net,"코람코라이프인프라리츠, 1900억 규모 자금 조달…남청라 물류센터 담보대출 차환 - bloter.net",https://news.google.com/rss/articles/CBMiaEFVX3lxTE5tUEhNY1JaV1Y1ZVVtREwtdTZlcXpTb0NacDN3bnR0cG5xRFJBREgySUpDWXdZMFUwM19PM1habWJRaHVwOG9CM0l0U3p3ZWNNU3FBZXpubzVhU1dqUEExaGNpYjY5b2Vv0gFsQVVfeXFMUER2eExiVmtnSVJnQllzcnpkaERGYURDdkZBNFloUzk5bHhmVUZ5dVdYTklaRml2Ymdqc1V1MmpVYk1OS21NcENOd2hUZktKYWk4M0VpamU4WHNtaVhmTHNxdDR0bS1SaHRUazU5?oc=5
대출,2025Q3,2025-07-14,매일경제,수도권 대출 절벽…제2금융권 문의 빗발 - 매일경제,https://news.google.com/rss/articles/CBMiVEFVX3lxTE5HVFBlVEp1UUdoTDI1c1V4aGFzN2tWOG5rcm5ONml0eGhrU1FqSzI4S2RfTkN3cG5mQjNpUVBwOEVPY01YeTVmWnNRWkVOSktpem9Haw?oc=5
대출,2025Q3,2025-07-25,마켓인,"군인공제회 보유 판교H스퀘어, 내년 7월 대출 5380억 만기…매각 '아직' - 마켓인",https://news.google.com/rss/articles/CBMickFVX3lxTE1XTkF0cjVRZjZxT0h0ZnVKekl6Vmd5aUNqc0NJTTBCSlJNNE1SRVJjS0JrSE1md0dHYlNsWC03WGg5bE9GNEJhYlhsT05OLVBFckhldlV1Z3k3bW52UjdEcUswdlI4ZVIyNTV3VWhRTWZJQQ?oc=5
대출,2025Q3,2025-08-20,마켓인,신영 '브라이튼 여의도' 배당이익 담보대출 500억 상환 완료 - 마켓인,https://news.google.com/rss/articles/CBMickFVX3lxTE5RV0pxSlJEdFNXWEw0dDNtRFNTcVhwWkd2a1dWMXVibVl6RmtLelV5T1R6eGJUVGNydENaQmRzaHkxYzRkZlJIMzgxVm9mWkU5NDAxV2s5LW52ek1BWDVqaEI5dktVZm4zOEtGeDhKWUxrZw?oc=5
대출,2025Q4,2025-10-15,MBC 뉴스,내일부터 수도권 25억 초과 주택담보 대출 한도 2억 원으로 축소 - MBC 뉴스,https://news.google.com/rss/articles/CBMidEFVX3lxTFBvMTZhTEQ0bE1MV3RQLS0xeVBFdUdvQ1JMRk1KME10M1pNSFhlcEwzbnpFZjlYa2hJR3VtcGZzQkpkUFpGSTVJU3VkSDJuaUpWOHpheFRxQTJmWkR1aGRwcUlGX1kxVGg3clNDSnJPOVh4dmRX0gF0QVVfeXFMUGNmU1hVUWZXZld0Y2dvQ1hhdWZWZU9yRzcwbEJOZk1Ia3B1ZVRJd291ZlYxcEVTMFNFYS13dGRuazljZHl2cGJSdmdFclVDZVduS1NSQk9HaVJOOFBWMWNfTWViWkUzSF9rOE94S05zMkVQYi0?oc=5
대출,2025Q4,2025-10-16,bloter.net,"서울 마곡 '뉴브클라우드힐스', 부동산담보대출로 리파이낸싱 - bloter.net",https://news.google.com/rss/articles/CBMiaEFVX3lxTE1yc1RVZENsb0FfZnBieFZHMXM3MzB5cTEwYkljNGNlYWJ3NDhsdDFHX25EU1Y0Q3ltY0VVaC1ON3RQTWNlN3RYdjFWU0hSeElCMFVVYTh2YlBpUzJXYUp6Vm9CRkxSQnQw0gFsQVVfeXFMUEhyLUdtb1dGdGhPVU5iRmk1RWFPbkFkMFNBU0k5b3BYd3g4Y1BtalFCemJyWDZrZXFlZ3lEdXYyemtZd0pNNm9oWFJWdnZMODhaNUx3SGhxS2sxLWRMS0lndjRfRWdvSVhzblJp?oc=5
대출,2025Q4,2025-10-16,v.daum.net,"서울 마곡 '뉴브클라우드힐스', 부동산담보대출로 리파이낸싱 - v.daum.net",https://news.google.com/rss/articles/CBMiRkFVX3lxTFA2b256c3lnRk1CU3k5ODB3cjRGLXd2SkdLNHVrakhITU1rVEc4Rjd4d0pTZVpCSGR6LXRwQUdDcVFGQUc4T0E?oc=5
리츠,2025Q1,2025-02-27,딜사이트,"켄달스퀘어리츠, 이천4물류센터 매각…배당 안정성 '방점' - 딜사이트",https://news.google.com/rss/articles/CBMiT0FVX3lxTFBQaThJeGxhcV92enpTQ0Z3Umd3UktsaVRGQmZnaFVjM2JuMDc5M2VsNFZVRjZ6c0ozTWcwZEo0a2dsWGdVT2c2OGtWQ3NkVUU?oc=5
리츠,2025Q2,2025-04-02,SPI - 상업용 부동산 콘텐츠 & 데이터 애널리틱스,구 크래프톤 타워로 알려진 그레이츠 판교는 한화리츠의 자산이다? - SPI - 상업용 부동산 콘텐츠 & 데이터 애널리틱스,https://news.google.com/rss/articles/CBMiaEFVX3lxTE1oNm41Tl9za3Y3UGVScHUyU3poenpOZUVSMzRXRVJ5c2tmbW9PN2YwS09Hd0hyNHdLdlVIZVZyTTBiZzl6UXVHUFVVTHpSNWpHNFNMNzJfaW9KNVV1eFM1UThjaFlZdUZm?oc=5
리츠,2025Q2,2025-04-20,bloter.net,"코람코라이프인프라리츠, 1900억 규모 자금 조달…남청라 물류센터 담보대출 차환 - bloter.net",https://news.google.com/rss/articles/CBMiaEFVX3lxTE5tUEhNY1JaV1Y1ZVVtREwtdTZlcXpTb0NacDN3bnR0cG5xRFJBREgySUpDWXdZMFUwM19PM1habWJRaHVwOG9CM0l0U3p3ZWNNU3FBZXpubzVhU1dqUEExaGNpYjY5b2Vv0gFsQVVfeXFMUER2eExiVmtnSVJnQllzcnpkaERGYURDdkZBNFloUzk5bHhmVUZ5dVdYTklaRml2Ymdqc1V1MmpVYk1OS21NcENOd2hUZktKYWk4M0VpamU4WHNtaVhmTHNxdDR0bS1SaHRUazU5?oc=5
리츠,2025Q2,2025-04-23,마켓인,"NH올원리츠, 금싸라기 자산매입 '러시'…다음달 '하이트진로 서초사옥' 인수 - 마켓인",https://news.google.com/rss/articles/CBMickFVX3lxTE41WkhPU0tVQnNKVHV6RUxmdmpZcG8tbDktY1dGQU5MYmlWdUhxWUl0SGVnUEhYWkpzbjR2N2VVMkRURUVwYWZCUndFaDVxeGV2VE04Vl8zNVlIaUZ4b21wNmNtdWRQdDA0aHZseXhZRkd2Zw?oc=5
리츠,2025Q3,2025-07-08,bloter.net,"케이탑리츠, 경기 안양 소재 25억원 규모 부동산 취득 - bloter.net",https://news.google.com/rss/articles/CBMiaEFVX3lxTE5PNGFvTjM4T3M0aWRtYWg3RDVFZmlPZFFsYnhEWXA1eXZFNUNOYnVPMG9hNHdPWFdZM1h2YVVCTjNWM3gya09KZTRIRnU2V1BWQnJFWWRxUGsxaVduMXlmZktpZUFqZGdu0gFsQVVfeXFMTkVLOEtWb3l6RURuTGNlUUpscmpMZlJQbHM4dl9uN0thbF82aE9SYVdQd29tVkI1ZTJ2eEZvZWlrX2hmbzFEdkFXRVZpblZ2S2N5NDZfdTBoLW5lZFRyN0oteW16dWVfc1c5S3Bi?oc=5
리츠,2025Q3,2025-07-14,한국경제,"""목돈 없이 용산 개발 투자 OK""…지역상생리츠에 쏠린 눈 - 한국경제",https://news.google.com/rss/articles/CBMiWkFVX3lxTE4ydFpsYXJLVUpiOTJWYjg0UE42dm5lVkVvek1GYTBXVXdRd2lOMHl2X0xNaXUzRjRIbXVRbnlQNUxGNkVQV2NrYlV0ZE5uV0pFY3ZTN1pVenhNUQ?oc=5
리츠,2025Q3,2025-08-05,딜북뉴스,"댓글 - 한토신 리츠, 분당 '휴맥스빌리지' 매각계획 승인...사옥 용도 적합 자산 - 딜북뉴스",https://news.google.com/rss/articles/CBMiwgFBVV95cUxOM0Q0NlZROXBHYUw5eE40MnNMOGpuLTVkNGxGQXA5VUZFajJ6dHVKLTZDTlFaMDZEYkhXejlWU2ZmSU56RWhCT016TGw3eVVpMWRtRDdESjJLa2xuUnRtS2FYUTd1VjJPRkx6c3VTbjFBYmZDLTdYVUY4UnFITU1xVnNiUEFXNmJUaHBwWEpxUmRWYk5nVC1iaEJ2VDdEQ24xZkYxMmtOendoTHhKcFUwOXhrQk9vRTR2ZDlQSDYtZ045dw?oc=5
리츠,2025Q4,2025-10-01,SPI - 상업용 부동산 콘텐츠 & 데이터 애널리틱스,대형화 효과 확실히 누리는 'SK리츠' (부제:증자 없이 판교 오피스 편입) - SPI - 상업용 부동산 콘텐츠 & 데이터 애널리틱스,https://news.google.com/rss/articles/CBMiakFVX3lxTE0wUFdSVXFqMkZ3MVdGa0pfaWhCSER0SkU0NGNEanVlTWttbG0tTXd1RExydDNpV0laUWQ5YUpCUlZma1NOVk53VWtjbjNPQXNvQnJwWkNfM1VKcjdSX096UlRPRW9vMy04MXc?oc=5
리츠,2025Q4,2025-10-01,연합뉴스,서울 민간임대 공급절벽 없앤다…건축규제 풀고 리츠 출자지원 - 연합뉴스,https://news.google.com/rss/articles/CBMiW0FVX3lxTE1yNTlCa2F1aEhOSHhwdXNacUQ5Z0w0QlVTdXctN2tCSjVUSUNlSVh5YTFZVjRqOW8zQmJvNGVTbThoZkx0NXZqQzFYS3lZQ0NrLVFLQm81dTJ0N2_SAWBBVV95cUxNR09LNlNZY2NrUWxZOHAwYW9rRXdEUHNGZTIyMERVckp3MW0zVll5QjhlSm1xdWQwZGU3ck9yb2o2N2lBY25tbGJuRzlCQVhfZGdsYWhfcXREYnMtNGh6V3c?oc=5
리츠,2025Q4,2025-10-01,v.daum.net,서울시 민간임대 공급 정책 추진…건축규제 풀고 리츠 출자지원 - v.daum.net,https://news.google.com/rss/articles/CBMiT0FVX3lxTE9XcVoxVFowV01Oemx2OVBmQzNjVEZSaXRZYVk5N0hMcWhpVWpSY1c1ZlF2RmR2VjM3YzZESU1XSm1qUEJZZnRpZG9tWXoxenc?oc=5
오피스,2025Q1,2025-01-02,연합뉴스,"SK에코플랜트, 2027년 영등포로 사옥 이전한다 - 연합뉴스",https://news.google.com/rss/articles/CBMiW0FVX3lxTE9DYUsyNkNzcUpmMWZCQjBXVDdJTURZaEg3VVpNVlpsWDhOaDVnN0lGUU1OZm44QUF4ZHRTUFdJRGR2aVBUZXZadEhVa2dXOFhCMk1PMm05aUxBMXPSAWBBVV95cUxOZjBoVWNHN3NOZVUxX0FVX0FWOXkwTG5wMGNURFJFS1E3c3VkdmYzY0NiUVh2LS1uSkVFdUZUWG04VWcwY2sxN3Vha3hRQjJOc18wc1pOQnJBZGFXWlJ0T2I?oc=5
오피스,2025Q1,2025-01-03,businesspost.co.kr,"SK에코플랜트 서울 영등포로 통합 사옥 이전, SK엔지니어링과 시너지 창출 - businesspost.co.kr",https://news.google.com/rss/articles/CBMic0FVX3lxTFB6Vl9VeEZ2MTJ5bzRtclE5WlVaM0J0WmJ1N2xtUFdybi1QSExxdFpkb3VNN0pwVzd3RF9KVDVTQjZrMGJuWXp1ak81NHQxVjNJaTFVZUx5TV96YlRCdHJGLVVhNDJveGRkNkNjTkRJOHFpbkU?oc=5
오피스,2025Q1,2025-01-05,매일경제 마켓,“올 부동산시장 심상치않다”...큰손들 서울역·강남 오피스 매각 속도 높인다는데 - 매일경제 마켓,https://news.google.com/rss/articles/CBMiUEFVX3lxTE5TV1FBUy13Y0dXWTVKS0xkNmUtclFobjF6WnhOWG12TnVwZDVMY1NNcUpiUzV2WjdVc0RKaTVvZnJpcjBwWXY3ckp5MHUySnk3?oc=5
오피스,2025Q2,2025-04-04,매일경제,"2兆 오피스 판교 테크원타워 매각 속도…주관사 CBRE, 쿠시먼 선정 - 매일경제",https://news.google.com/rss/articles/CBMiUkFVX3lxTE4zUDZDaU1qb1hkUzlkdkdMOXE3Y1pHNzUxYWdHcG5hTE9VeEV3bHNZUlVsaG5EaVZKU2NDUGRHNGprWHluVUpxenRKbjJBUXpqQVE?oc=5
오피스,2025Q2,2025-04-04,매일경제 마켓,"2兆 오피스 판교 테크원타워 매각 속도…주관사 CBRE, 쿠시먼 선정 - 매일경제 마켓",https://news.google.com/rss/articles/CBMiUEFVX3lxTE1yd1JoU09yRnFsYWlMSXFuNzZKWnpLNUhlczA4NmdBRlVFV3BSMW56dnRBVlIwd2dhQWhpVlpVOHFLMGgzZWNkQXI0Y1hHTl9Q?oc=5
오피스,2025Q2,2025-04-08,dt.co.kr,"""오피스 짓다 말고 호텔로?"" 서울 도심 `호텔 컨버전` 늘어 - dt.co.kr",https://news.google.com/rss/articles/CBMiTkFVX3lxTE5yOTU0NnZHQU5uQWw1Q3gteFBtV3NBUnNCdVRaMzBvUWpjZVpYWG96WkY1bXhlY3RFYUQtd1hUUUdkU0s0eEJfbUM5dkMtdw?oc=5
오피스,2025Q3,2025-07-02,글로벌에픽,"㈜파메어스, 신용산 센트럴파크타워 매입…올해 중 사옥 이전 - 글로벌에픽",https://news.google.com/rss/articles/CBMifEFVX3lxTE1QRFZBamtWXzRxQjFfNjdFYzhvT3pjVEVoNExseDRVQTRILXR1SUZoRm9Qb1BabmZGSVpSR0RLU0hXWkp1MkptdmQ1b2l3YzJ2anREVHFWd1NuRGZNSnJBY21xSk5YaTZXcTZ2Nkg3bWxmbnItTHhzNW5TUDk?oc=5
오피스,2025Q3,2025-07-11,마켓인,"'최고 185억' 용산 유엔사부지 오피스텔, 드디어 베일 벗었다 - 마켓인",https://news.google.com/rss/articles/CBMickFVX3lxTE1Oenp5eFN1aE9WaWFSYWJtd0tIRmZxMzR2YmxQb1FhVS1tXzU3ZmRDeVlIaXJ6Q0RmMEFvTHV5R0hCSVZsNUFyS3Y0MWprS2RRNTVPdy00LXBjUWVNd2NrVW1xSDVUUUVHcXBfQXJTWGc0dw?oc=5
오피스,2025Q3,2025-07-11,v.daum.net,1조 대어 ‘시그니쳐타워’ 매각 눈앞…강남 우량 오피스도 동시 입찰 나서 - v.daum.net,https://news.google.com/rss/articles/CBMiT0FVX3lxTFBId3ZTZU1CbjIyYXBmNlB3NHhFakszMElzWFdBd1RBRlVaVmc1ZUp4WkY2dGVjcmthcFNYNGREbThQdFMwYzJzcFJBcnVQeDQ?oc=5
오피스,2025Q4,2025-10-01,SPI - 상업용 부동산 콘텐츠 & 데이터 애널리틱스,대형화 효과 확실히 누리는 'SK리츠' (부제:증자 없이 판교 오피스 편입) - SPI - 상업용 부동산 콘텐츠 & 데이터 애널리틱스,https://news.google.com/rss/articles/CBMiakFVX3lxTE0wUFdSVXFqMkZ3MVdGa0pfaWhCSER0SkU0NGNEanVlTWttbG0tTXd1RExydDNpV0laUWQ5YUpCUlZma1NOVk53VWtjbjNPQXNvQnJwWkNfM1VKcjdSX096UlRPRW9vMy04MXc?oc=5
오피스,2025Q4,2025-10-01,마켓인,"오피스텔 규제 풀고, 리츠 출자지원…서울시 민간임대 '심폐소생' - 마켓인",https://news.google.com/rss/articles/CBMic0FVX3lxTE4wM1pvdWx4MjJ5VldfSnVrWmFTaE9udEJGRkZsTUVPZ2g5UW1QS2VueUphN3ZrUnEycTZaRGpsbEI4c3AzSngxOHZubm9jV0JzeW1GT0dsaFZVWWtOUF9teDA3UXNHTEtlZUJTMGU2Z1pHbDg?oc=5
오피스,2025Q4,2025-10-05,마켓인,"서울 도심권역 오피스, 공급폭탄 다가온다…2028년 공실률 '12%' 육박 - 마켓인",https://news.google.com/rss/articles/CBMickFVX3lxTE43U3RtUU5RV1lvQ21vTmRQYkg1UC04dUM5bGRBUmpDeUY2eEc0dlhDa3VDZ2JwaVJZUzQzQ2RkM2t6bTJnMXhNRHE3UmRpMERtOEYxQTB3MXU3dVh2R2ZMY1dMc2RIakZtSnpWa05VOVFIUQ?oc=5
물류센터,2025Q1,2025-01-09,Chosunbiz,"‘물류센터 개발’ 용인 남사읍 11만㎡ 땅, 법정관리 들어갔다 - 조선비즈 - Chosunbiz",https://news.google.com/rss/articles/CBMimAFBVV95cUxQTTdhNDI2SUxycjhqa19RRDZrNXJmRXZXMlNwRTI5d0p4MG13aUgxZ0EyajRKSThkNmdwQWk5WVZ4VWs0R2hiVk1xODB1TWlraGJ0aTAzS05UZE02Uzd2clp5VjJmbTdxYUw0dVl2S3pxNWszYTlqTDNkYnUzZVl4eUp1RkJCdHhkTnNHSDNxQzRUTUxoMTFxdtIBrAFBVV95cUxQNGpXWWJ2RGYyVTdNTnJHZEdkX0U3ZWZJaTVxUnpvZUlnV3ZkQXItbHdSWUdFdjh5WUl0QTQzWks2Nk1tWXFvckZUYlgzcUhON0E2QmRoYTVIM0lKN25SX1ZCbms1bWZMMlVReUJIazZSUnAzRWh6NWhIU1l5bno3WFMzZzdCU2p3c2taWGFOTTZ4Z2xHTGpEZzVlX1l3eHl3SHFfVHAwNFRuOUVP?oc=5
물류센터,2025Q1,2025-01-12,중부일보,"양주시 물류센터 건축주 직접 밝혔다… ""지역주민 일자리 창출·세수증대 기여할 것"" - 중부일보",https://news.google.com/rss/articles/CBMib0FVX3lxTFA3NmI3MnJFTWs5aEVmRDlUeFd2TGpQMkNTXy1FS0NOVFNVc3p5R3IzaTlWR2RFSnZhWEJaZGo5LUlxSl9Bbk1aTjhJZjlHMXcyVEx2bzNYTTFFaEZhelBlWkk4ak9rby1kdE9BZ1VRMA?oc=5
물류센터,2025Q1,2025-01-16,연합인포맥스,물류센터 선매입 거부하는 운용사…서울보증보험은 보험사고 우려 - 연합인포맥스,https://news.google.com/rss/articles/CBMicEFVX3lxTE5tVm43RDBpczBPSkx6aHcwMDMwUS1CYmNxYVR1aEdpRGpUUm1YWWI3bWdCalJJSXhsSWFBMWNseUZXX1hUQ2NVb2MxZ0NjOEphTThqMzc1WkN4czFNNnl5d2otMVNEWlBaU1dYdHNqNHI?oc=5
물류센터,2025Q2,2025-04-03,네이트,"DHG운용, 화성 한솔제지 물류센터 750억 PF 주선[fn마켓워치] - 네이트",https://news.google.com/rss/articles/CBMiU0FVX3lxTE5VN2lkTmVtTk5rZUF4NE1wallMemVCR05iOV9DazZJOXBxRWlNUXNaaXFSNHdLaWZ3Rk1QMFFmeHFvMmV6dlZaTFVaZm05MElqbDgw?oc=5
물류센터,2025Q2,2025-04-09,물류신문,"S사의 김포물류센터 오픈, 테무의 국내 물류시장 진출일까? - 물류신문",https://news.google.com/rss/articles/CBMia0FVX3lxTE44eVh0am1DZzNRZ1JGbjY0Zkg2Qm5uLU9YbjU5VVlua2FvaF8ya0FIT1RvRlFUQmxmRF93blJzUHU1cUh6NmszeXVmU2JSZTk2YzBlSmt3UElvekdoaW9SNGhXUHgyeXNwUi1z?oc=5
물류센터,2025Q2,2025-04-16,Chosunbiz,“공급 과잉에 임차인 찾기 힘들다”… 인천 북항 물류센터 매물로 - 조선비즈 - Chosunbiz,https://news.google.com/rss/articles/CBMihwFBVV95cUxPZGQyd21hSkpsQVk4UjJudlNJaFlDZEhuekVEMzQ4VXhQX0Y4TlRxTFpxYnlxenA2SFh4UWlZckJMMUtTc2NRWWdqWGJuWVdJckVYc2RkX2FES0ljeHFObm16c0dkcUZ2VEUxM1NCN09HcnJvblhCTlVjRWJsaWV3UHFwUHZlVFHSAZsBQVVfeXFMTy1TWU1jWEs2enkyVzdVaFRoWjRMa21PUHdyTUN1YUkzYmZYQzVYc1o1dDZ1ank2NGNMTFh0TjBRZ1J5eVRkZndoYnZISHZLWmtvSlFraDJiczFOcmdITnVwYWlheFVQS3NlUGJseGNqYXk1TTNrR3BtMUVfN2ZqV0doNXFmZHprUGtveXhxTk1BUDIxWmhzQ2p0WGc?oc=5
물류센터,2025Q3,2025-07-10,SPI - 상업용 부동산 콘텐츠 & 데이터 애널리틱스,"이지스, 삼성전자가 쓰는 피벗로지스 화성물류센터 매각 추진 - SPI - 상업용 부동산 콘텐츠 & 데이터 애널리틱스",https://news.google.com/rss/articles/CBMiW0FVX3lxTE5mZDluY09tekt2M296UVFUaG5LbEhBbk5VbjhQNjJ6cGhOYmZOSTFsRFVRS1NlcDFaY2czdTJldXU5OVVZX21wamotVlQwWk9pYVJqZTBJZS03NWM?oc=5
물류센터,2025Q3,2025-07-16,newswire.co.kr,"수도권 동북 권역 물류센터 최적의 입지, 포천 진목지구 유통산업공단 매각 - newswire.co.kr",https://news.google.com/rss/articles/CBMiX0FVX3lxTFB2S1BWRHVnTEFtRmhwNFBBd1d5TldzWkQyYlAyUC1fZlNxVWFQdHNIOWFVYmtiSDlyMU95T0YyZzZUVzVvUll0M3dTWng2V2NHYXFmYmUyX1VHR1l0aTBZ?oc=5
물류센터,2025Q3,2025-07-17,산업단지신문,포천 진목지구 유통산업공단 매각...수도권 동북 권역 물류센터 최적의 입지 - 산업단지신문,https://news.google.com/rss/articles/CBMib0FVX3lxTE9VOWdEeE1GcUUyQXl1UUJvSm5LUEVoUlZZR215UEVPOG5vQU5OTEpjMDFNQXRUX2hMczJ4aG5iMHpoTFhxT0xkTUhkeUlGMkt3aWhJbEROeWVZVnFZZVVjVktkM2JPS3V6Tlk4dGRHbw?oc=5
물류센터,2025Q4,2025-10-06,마켓인,"'최악 벗어난' 물류센터 시장…""수도권 주춤, 지방이 이끈다"" - 마켓인",https://news.google.com/rss/articles/CBMickFVX3lxTE9TaXlpUDNYc05BbEZ0M2VHdEZPNEtORE1NbFVBUkVyelNPR21ZMEpEcng5M2N3MVBpWnZjUnVGd1VZdHg5ZHhlUVR3QTBKNnE0MjV4M1ZuSWpnX2p3RnlZVlN3VHFVRXlDdjJWVFhidURBUQ?oc=5
물류센터,2025Q4,2025-10-13,물류신문,"인천글로벌풀필먼트센터, 13일 정식 개장 - 물류신문",https://news.google.com/rss/articles/CBMia0FVX3lxTFBucUk1akREQk4weUlHN0xlbjJoVFRJMmJHakJXd2I1NVBUcjRxOXJPaFpXcEJ6aXlXdzNiRGZzcFJIT3A3SFBmZW15UzV0TzBfaHExaDV0bmczb2kyV0F4WHFXQkZ6ZDhRdFJJ?oc=5
물류센터,2025Q4,2025-10-14,한국해운신문,인천글로벌풀필먼트센터 13일 공식 개장 - 한국해운신문,https://news.google.com/rss/articles/CBMic0FVX3lxTFBWUGs3LWwxdXlQbmR1a3pSWXJRdFFWeUYzVms3amNRQ05tR0I3WHFLdU9DMnNjU19vQ3hDS2xyWWtXb1ZHSTdXTWstWE9tdkVUbS1YVE5KUWdZNmpIeGZySGx1RExCYU9BeTBvandWMWhWdzg?oc=5
데이터센터,2025Q1,2025-01-06,ibtomato.com,"안산 데이터센터, PF 완료…현대건설·공제회 협력 빛났다 - ibtomato.com",https://news.google.com/rss/articles/CBMiakFVX3lxTFBsMnJQUDRCek45a0tfRGlSNlhKQlVodTRWTDhXTGVuZjRMSjlfYUR0cndQV0xJRmNDS0g3VDdFdjlrNGFjOUdfT0JPdDhUMWFTem10MlNoQzJiTVhXaHFfaWJPSG5JQVdUcUE?oc=5
데이터센터,2025Q1,2025-01-08,딜사이트,"캡스톤자산운용, 구로 데이터센터 본PF전환 - 딜사이트",https://news.google.com/rss/articles/CBMiT0FVX3lxTE13Y0hOVmlmb2FXRlE2SUp0Rlctam1LX2VpZC13Mnh0VEVKYVVCbS1fQ29RM1otY0JmOG1LdFpVQ1Q0Um5RWWJTdkJNZUdZb0E?oc=5
데이터센터,2025Q1,2025-01-30,전자신문,"LGU+, 파주 AIDC 착공 9부 능선 넘었다 - 전자신문",https://news.google.com/rss/articles/CBMiTkFVX3lxTFBIZm82WnNRYzl6NW02d25ZTzdwd2MxU25FSGxaMzlhandQZEtIYWNHRGpnd3NIQW9hUFlJaDV5SklJaE5ueGtTZWRzYUw4Zw?oc=5
데이터센터,2025Q2,2025-04-03,중부일보,이동환 고양시장 “데이터센터 건립에 대한 주민 우려 충분히 공감” - 중부일보,https://news.google.com/rss/articles/CBMib0FVX3lxTFA5VDhZc2U0ckRKRHlhN3pKRDRrSUt1OTM3RmxSZk5DekZUR1BYcG50WmlFODMySi1SRlZfMmFoZVY4cXJLazVVRS1zd3FOdVFqWUxhRTVjZ1ZQSklhUmRiUXdOWHdsdXhfXzdpaVlmQQ?oc=5
데이터센터,2025Q2,2025-04-04,주간한국,"현대건설, 안산 데이터센터 신축공사 수주...8074억원 규모 - 주간한국",https://news.google.com/rss/articles/CBMicEFVX3lxTE5XdU1qQk9fUEkyWTF4Z0pRcUNtYVFWRVIzY2VtTlo0UXcwU3pxX05BRFdSOXJzQkpJMm00Si03RjZueWdod1NFQlp0SFhxME82NHZBZi1Zem9LZ3g1YWVOX0YzNkljNVY2RDlhdUZSLVjSAXRBVV95cUxOaWpLNHdvbkZLdTJIc2o4RzNoSnVOSC1XcWtUclpzSWNBdUFTMG9qNmhVSTZwNmR0dURxc2s2bzRKRnRvbmI4SHRnMEFUdXRWYVZLN1pjOTJ2eWFSRklTSHA2bERMdjlSeXE5QmZIbFl6N0tJaA?oc=5
데이터센터,2025Q2,2025-04-11,코어비트,"현대건설, 안산에서 대규모 데이터센터 공사 잇따라 수주 - 코어비트",https://news.google.com/rss/articles/CBMiT0FVX3lxTE9ObHJLdm9NeXFBeXRwZzZIRGJ6T1Uxb0JVWG1IR05uWG1RZnhuZzdFOFU3UF9Qcm43RlY4Vm4yc1JHaE51TDRfTS1wc1JycjA?oc=5
데이터센터,2025Q3,2025-07-02,연합뉴스,"[PRNewswire] 엠피리온 디지털, KR1 강남 데이터 센터 그랜드 오픈 - 연합뉴스",https://news.google.com/rss/articles/CBMiW0FVX3lxTE5JelVacmYwNm9mN0dOemMwX2NvaDFZRDUyS184TUtJcVFEdExkLWVaalE1dWVTcGZIQkRRejl6Tl9uOTB6LW9mRzRZclBUcUZQSDlqb05NVjQ5OWs?oc=5
데이터센터,2025Q3,2025-07-02,코어비트,서울 강남에 20년 만에 대형 데이터센터 가동 - 코어비트,https://news.google.com/rss/articles/CBMiT0FVX3lxTE5CbEFtdGFFd0lmODV2MW1FY1BaWnBmdTFnSDZGYVRGdWpJOGtLaHZ5d05vNHg0T0Z1aHdzaEtxa1JTZ2t1eUdaU1BxVzJjemc?oc=5
데이터센터,2025Q3,2025-07-03,딜북뉴스,"엠피리온, 강남 KR1데이터센터 준공...쿠팡과 임차계약 임박 - 딜북뉴스",https://news.google.com/rss/articles/CBMimwFBVV95cUxPQzIxOFFfRXNXemI1Z1diRG5SMTVORHFocG1Ia2VJUmppeXhBRlZSZS13MWk2cDRjVzVYSU4yZ2hpYWZnVFkyZGVuVmw1Sk91VEhtRG1SWUtCRWwtV3AzSWd3Nm5WTGw2ZTVLRkxHUWVLdkZfMDJHWW9wR214STMzc0lzc0tSLWliS0phS2NrV0lNU19WVmQ2NEdmTQ?oc=5
데이터센터,2025Q4,2025-10-06,뉴스핌,"""그룹 공사는 나의 힘"" 한화 건설부문 '영등포 데이터센터 사업' 착공 돌입 - 뉴스핌",https://news.google.com/rss/articles/CBMiXEFVX3lxTFBlOWF0UE51MWdiSkhwdXA2dkJPOTZvbEdmaWo0cmZGRkhIOS1xY3dtWXJHVnNYRzNZejZZNFpRYlhzZlNxdkwtZi1GNFBacmoyRUtzUkptSG9ON3Zi?oc=5
데이터센터,2025Q4,2025-10-17,뉴데일리,"마스턴투자운용, 서울 영등포에 '엣지 데이터센터' 개발 … 2028년 준공 목표 - 뉴데일리",https://news.google.com/rss/articles/CBMie0FVX3lxTFBmYndGMHFpelhNVFVDVnpVeE5sU2s5RlhjUmJ0SnlYaVdxc0tMazFvTkx3Z3k2OWtGWHIzcXVoYUstcnRESVM5NnZTOVFjbFRsRVhVN3lja09Sel85RVFnTm5kN0NKOXFRZTZ3LXRYZDl1bHphQk80NnlSONIBgAFBVV95cUxQaF9nOGswVFZGYW5RMmU5S0RQZFpmNVRBTVNjMFRrQV8tc2RCbVpQeDRJT0d1S29jNEVPX1RiSm9SUF9ydEFEOGlwX1dpT0hFLUhJVkQxLXUxelZWWkpTNkRmRzZDNlNST09zaDRpS1gwTE1la1BXM0tHMXZuRmlXcg?oc=5
데이터센터,2025Q4,2025-10-24,ebn.co.kr,"현대건설, 1.3조 규모 '용인 죽전 퍼시픽써니 데이터센터' 준공 - ebn.co.kr",https://news.google.com/rss/articles/CBMiaEFVX3lxTFBUb2M5SWt3b0pQbzM1REFrTkJsaG5HajFiVjVyX0NSMmxiUkVEV2dXVEZVX2hROEtkZEdlUXY2eGI4ZkMtNldybXRmbGN2TDUyNDBnMkViamZRcHdiWU0tU0JyWGliZ2lU?oc=5
호텔,2025Q1,2025-01-15,연합인포맥스,"강남 임피리얼 팰리스 호텔, 4천억 리파이낸싱…""PF보단 담보대출"" - 연합인포맥스",https://news.google.com/rss/articles/CBMicEFVX3lxTFBoUF80eHNqLUpNZXlrcmJ3RlVfV3Zpb1JyVHV0bEVidXNEZGNDTVR4MDFvU3lHeW0xN2wwSW9yS0p0T21LVWRNZC11ZWs3emNrQUdob0ZYSjJBQjJtc1VsU1k4c1ptVDFNaFFNM01uUmY?oc=5
호텔,2025Q1,2025-01-17,코어비트,"한양학원그룹, 서울 프레지던트호텔 매각 추진 - 코어비트",https://news.google.com/rss/articles/CBMiT0FVX3lxTE16TEhXN2tIVm5ZOG5HNEZMNWFPNzJMZ3Y2dXpGRWZadndzM2N5eE85ZWJXanFwSEVnQTFmWDZIOWIxMlBsX3VUZC01dmhweTg?oc=5
호텔,2025Q1,2025-01-21,이코노미스트,[단독] 서울시청 앞 프레지던트호텔 팔린다…‘조선호텔’이 위탁 운영 유력 - 이코노미스트,https://news.google.com/rss/articles/CBMiYkFVX3lxTE80QjJsZlZQRkd2d0ZLSkpLUTE4blRxM3Zpa3BlbUprM0hvVXpMeWduSVBDWXJ2bnhhNXNhWW0yWlpjX0F3ZW1pbWtzQzczQW1vWEhNc0VGaWlNd0Y0aXpyV0xR?oc=5
호텔,2025Q2,2025-04-08,dt.co.kr,"""오피스 짓다 말고 호텔로?"" 서울 도심 `호텔 컨버전` 늘어 - dt.co.kr",https://news.google.com/rss/articles/CBMiTkFVX3lxTE5yOTU0NnZHQU5uQWw1Q3gteFBtV3NBUnNCdVRaMzBvUWpjZVpYWG96WkY1bXhlY3RFYUQtd1hUUUdkU0s0eEJfbUM5dkMtdw?oc=5
호텔,2025Q2,2025-04-08,biz.heraldcorp.com,“프리마호텔 부지 개발로 서울 최고 랜드마크 만들겠다” - biz.heraldcorp.com,https://news.google.com/rss/articles/CBMiVkFVX3lxTFAxX1ZlLUdEMkN2OFRETGdkNHhLbzNPSWNzVFVESU1WVDIzRHlqYzJkcHlMUlJ1OUQ5dGhNUkVVNjdtSlRyYzl5LS13ZkJnUkZCeFJjaFR3?oc=5
호텔,2025Q2,2025-04-09,경인일보,송도국제도시 경원재 호텔 운영사로 ‘대일인터내셔널…’ 우선협상자 선정 - 경인일보,https://news.google.com/rss/articles/CBMiUkFVX3lxTE9zOTNxQmNhbXozTkFRNkM3QXBBRjk1OUhpQUVBZnhIbXI0d3lMeThZUEwwNF9KVGdGcTJPOFg2WHp0cTlXZlNITWY5bTZOcDNsWlE?oc=5
호텔,2025Q3,2025-07-04,매일경제 마켓,"[단독] 퍼시픽운용, 포포인츠 바이 쉐라톤 조선 서울 명동 호텔 품는다 - 매일경제 마켓",https://news.google.com/rss/articles/CBMiUEFVX3lxTE9pWXVFOVpsbjNjdkFhUWUwcTlZRnprVVBKaGtrcVE3UlhqUjJkSlItNzM4S3lMblczV05YSDVwdEQxMjU5UlMtUFpjSHlmSlho?oc=5
호텔,2025Q3,2025-07-06,서울경제,"KT, 서울 호텔 2곳 1조 매각 가닥…SK이노, LNG발전 묶어 5조 마련 [시그널] - 서울경제",https://news.google.com/rss/articles/CBMiV0FVX3lxTFBBaklUUjZiTXF5T01LVFFJbF9PT1ZtU0R4cmppT2gweDZQcFkwT3VUckJGLXZCdVlmRFpzYnN6cEZvQWk5UmNSU3BOV1k3NHhSUDZNS1I4SQ?oc=5
호텔,2025Q3,2025-07-08,서울경제,[단독]호텔스카이파크 임차 '센트럴 서울 판교 호텔' 매각 [시그널] - 서울경제,https://news.google.com/rss/articles/CBMiUkFVX3lxTFA5aHVDZEVvdWZCU3ZmLWtjNExiT1FIbGpiMzRwaTVrQmpWemMwWUpVVUQ1SS01MjNtbkw4MnlVRFMwTVZBNi11MHp2Wmdnc2hhSXc?oc=5
호텔,2025Q4,2025-10-11,연합뉴스,"""안전 우려"" vs ""부당 행정""…송도 호텔 운영 놓고 갈등 심화 - 연합뉴스",https://news.google.com/rss/articles/CBMiW0FVX3lxTE1KZHRGNE16anZHQkMwUGJNSzA2QnNSUUZ4cU96VWpNcUIyVTRHWnZFV3JmbkMxU2RydHRhSnVZS1VwRW5uOG5EMU1tejdaakxmM3BUcHVpMFpGdGPSAWBBVV95cUxOdWJvbHhtNzBoOE0wWEZGakcyVVJ3dUFQTlJVQUpSOGJzVW1jcVUyWktvWVJ3b1hXMVByVjRKM2htRnBybnQxZkxJQ2c0VVM3SlBjQThXc1BJRkFhMURYQTM?oc=5
호텔,2025Q4,2025-10-13,biz.heraldcorp.com,"[이홍석의 시선고정]인천 송도센트럴파크호텔, 임시사용 승인 다툼에 휘말려… 인천경제청에 행정소송 대응 - biz.heraldcorp.com",https://news.google.com/rss/articles/CBMiVkFVX3lxTE4yNmJnNUNHajB3dmRISVhuR2ZXTWRLUkdydE5HeTFBd3JjOUZuZ19Ec05MM19uMTh0c0JfYktqY0xyWThuT1RpM0hldF9MUDNRTm1kU3dR?oc=5
호텔,2025Q4,2025-10-15,뉴스1,"울산역 포기한 롯데, 강동 롯데리조트는 제때 문 열까…공정률 55% - 뉴스1",https://news.google.com/rss/articles/CBMiUkFVX3lxTE1HdDhHUUhkdFY1WjFCU3N2enVlUE5hal93NVJsdy14QWRXS1U4elJoR2tZWUprZzl4SE9oUlpRNzR4U2F0NHNKMFkwUHF0MkNfZWc?oc=5
리테일,2025Q1,2025-01-06,한국주택경제신문,"걸림돌 된 상가의무 비율… 서울시, 절반으로 줄인다 - 한국주택경제신문",https://news.google.com/rss/articles/CBMiaEFVX3lxTE9LR1Nza2J2V1RXZENhbkN6MHNBRk1hdmRUUy1sXzhrcTFta0JEd05kMnMtTW1EQi1ZVVAzdUVpNTUzaGdMSExOc3lxOHpueFBjN2kzNUNMeTkyb2tYMDJ5aDNhaEhBYnhu?oc=5
리테일,2025Q1,2025-01-06,koscaj.com,"서울시 규제철폐 1·2호···상가 의무비율 완화, 환경영향평가 면제 확대 - koscaj.com",https://news.google.com/rss/articles/CBMiaEFVX3lxTE11UFV2WnVwOHNFOFNvcXpsTVp2R1RFZER1Zm05Y0RzMUF6WUtsOGhmcEUweC1na2Q5dVJMVU53cXVCQkZ3WGh5N01weF9CVTRtejJnT0tEcXBGR2t2b29Bdk96VTlpOUVP0gFsQVVfeXFMUHJaUFRTUFRNVWJUYTFFeGk5LUwwYnRWaEtHSFRmakExUFh4QjlocVZ5ZE40VXkxUlhXbFVuUVpYSXNrSGNsT0J0T1VtbjUzNXpnMTVIaEpFVjhuQy1RMW5ZUEI2TmlYUWhDTHQz?oc=5
리테일,2025Q1,2025-01-22,땅집고,"강남 신축도 폭삭 망했다…아파트 상가 공실폭탄에 통매각, 할인매각 줄줄 - 땅집고",https://news.google.com/rss/articles/CBMif0FVX3lxTE5XNldZRHlHMHJRVGdqRHZLbTRTbk1ETEVFTU9FZ0JUOS1BUDVlOThKdDdCUVJUQ3JpaTZaSmdCS2ZtZHAwMHo0bkRvcTZ4YllZLVlHbGNiMy15cmd2X1E5eHl5WF85SDdtc2ROZmFGak1yOUxsNmU1WEZUejROX3fSAXNBVV95cUxOZEFYeHVyd2VONHA1V1J2dmZTQlpqd2Z1dU1hcTV5SnByZW5GS2FKcTdvcGxydDRXVHlPVGlEdWtWTy11d0ZOV09QM2RZWk10V0Rjb0xCeGZWR25ZLWlJWFlsZGk3aTMtSTVfNVBoTkp4dE13?oc=5
리테일,2025Q2,2025-04-01,땅집고,[단독] 입주 6개월 지연에…'의왕스마트시티 퀀텀' 100실 계약 해지 소송 - 땅집고,https://news.google.com/rss/articles/CBMif0FVX3lxTE51SjVPRVRPVENwLWJFN0tOQTZHLVA3TE03aVRuX2U1aWJuX2plRVNhbXNFZmRMYklJcWVGN2t1ckVnUmhrM3FTcTFhVEZYQjB6RV84X1BJRUFhcTF2Ui1Bb0N5b25CTG9qc05rTlY4OTl6U2VmY3BmZlExZ2dYRkHSAXNBVV95cUxPOW55LTd0aVRCdFVNSm9CRjI5X0tJRGJWRHJOODBiczRFTjRaaEtRajV2bVpwajgyUFlRVEp5ekRpZEg5U0xsRHVZZ0VEcXhJYmFSSy1YRGROQ0czYlJvZUsxSlJwTHRGNmVseDRfa1Z2cW9J?oc=5
리테일,2025Q2,2025-04-08,SPI - 상업용 부동산 콘텐츠 & 데이터 애널리틱스,"서울역도 매물 쌓인다, 이마트 본사 ‘오렌지센터’도 매각 추진 - SPI - 상업용 부동산 콘텐츠 & 데이터 애널리틱스",https://news.google.com/rss/articles/CBMiW0FVX3lxTE9IOW1CYUdrZ0tRY1hiUk5qVGhHaFFHajYzV3FrQjZ6NVFOY0dCV1ZnV3pneWJucGxMV2Y0N2tpY1lYYklidlFqa0hfQkRSbTMyanRzV3FPa0lUTjg?oc=5
리테일,2025Q2,2025-04-11,땅집고,"강동 고덕 초역세권에 5년째 '유령 상가'…""가격 수십억 낮춰도 외면"" - 땅집고",https://news.google.com/rss/articles/CBMif0FVX3lxTE01N2NwVmZJR2V1djB6OFNaelVHYy0wZENnLUpQazJvNnJXa09pNVR0WGJhbkVJOWFJd0VjYVBxV1RGY2tPWUQzcnh4bDlrNVl5VkhabFNOTGpHWGFXZHdFUFI2MXNzQWJ1cU9NZk9WNHRXb0tkZkNKWEhsdkgzUmvSAXNBVV95cUxQaHlQSGViNDdwdmt1cXNqekc5S2RSWEUxM01nQnlPMTkwZzgzeEZ2anNRc01QTzJFeXZTZUNza3JWbWhvbGlpVDJ6bHphSkEwa1o4YkM2VkVCVnJveEhDTG1rZld6MzhmeFNQMXNXZWlVN0Fn?oc=5
리테일,2025Q3,2025-07-16,스마트비즈,"알이엠부동산중개, 포천 진목지구 유통산업공단 매각 주관 - 스마트비즈",https://news.google.com/rss/articles/CBMibEFVX3lxTE9zaEJCci1wUUU0bEFfVWViZk81OWpmUFhLSXBDNUx4MEEwNXJyM3I5X0E1WFFRYllCMXRGcXFiTEVoMkpwTlhwcU9pTl9FdjBxLXBpMHZETjNHWkp0dXJ6WnlXQU4tU0RmQ1JZVw?oc=5
리테일,2025Q3,2025-07-28,코어비트,용산 나진상가 개발계획 확정...전자상가 재편 첫 단추 - 코어비트,https://news.google.com/rss/articles/CBMiUEFVX3lxTE5JLVF0Y2J0bTZzbkFoZms0dTMxNUZHR21CalRzNE1qN2xTUEZxT2daQkpFSm1kLUtsQy1nYzlwbTlGaGVZMmlSYkI5eTUtbWhl?oc=5
리테일,2025Q3,2025-08-08,매일경제,[MK부동산 단신] 1.2만여 세대 中心 ‘잠실 래미안·아이파크’ 독점 ‘마트’ 상가 - 매일경제,https://news.google.com/rss/articles/CBMiWEFVX3lxTE9MNGxXM0V3RHR4WGNNMGI3dTdEOHZqa1oyVGRnVWN6X3dMdjUyaURkMFRJVXlyQnJId0E3MGJwNEZwYm8wSlM0aDF3aXN0WG9OT1AxMTVTd3E?oc=5
리테일,2025Q4,2025-10-14,인천일보,인천항 스마트물류센터 본격 가동 - 인천일보,https://news.google.com/rss/articles/CBMicEFVX3lxTE9RUnM3LTFzVnF3YmdPdlhxelM5U2dHS3pnZ2NQSUFSSWRxNy1CeFY0Zm45QmFqOW1HT3RRZm5ZcGl1OUlvVEdFZFd6QWNBeTJlalgxYnNLVmN1RTM5a000eHJtdnZ4d3FST0t0cmVPTEE?oc=5
리테일,2025Q4,2025-10-16,경기일보,유탑건설 회생 신청... 여주 스마트 물류센터 추진 ‘빨간불’ - 경기일보,https://news.google.com/rss/articles/CBMiW0FVX3lxTFBSVXBOQlEwS0FmOFE2a1doaXViQklvYWF5QUNqODcwZUFlbUlmRW9BNnlJWXBtYl9yWFNoV1lXSTc3eF9oMU0tV00wV3lsYVdTc0hSYzE5ZXptR00?oc=5
리테일,2025Q4,2025-10-20,SPI - 상업용 부동산 콘텐츠 & 데이터 애널리틱스,"시흥 데콘 스마트물류센터, 구조고도화사업 준공인가·산단공 적극 협조로 활로 모색 - SPI - 상업용 부동산 콘텐츠 & 데이터 애널리틱스",https://news.google.com/rss/articles/CBMiW0FVX3lxTE5DMk12VzBTNm5ySnQtT2o0T0lwS3MxdzBOVHY0dlhMN0txUElKY29EY1NFYUFzY2VPV0ZOT1FfYlFTTmFrcC1pR2I3MkZWRElKeGx6ZzJWek0zN00?oc=5
매각/투자,2025Q1,2025-01-05,매일경제 마켓,“올 부동산시장 심상치않다”...큰손들 서울역·강남 오피스 매각 속도 높인다는데 - 매일경제 마켓,https://news.google.com/rss/articles/CBMiUEFVX3lxTE5TV1FBUy13Y0dXWTVKS0xkNmUtclFobjF6WnhOWG12TnVwZDVMY1NNcUpiUzV2WjdVc0RKaTVvZnJpcjBwWXY3ckp5MHUySnk3?oc=5
매각/투자,2025Q1,2025-01-10,Chosunbiz,분당 도담빌딩 매각 주관사에 교보리얼코·딜로이트안진 - 조선비즈 - Chosunbiz,https://news.google.com/rss/articles/CBMiiAFBVV95cUxNNmgyY0V3NVJkUUlqVE9pZXhBcDRRVExsVkJmTExfNnNRT2oyTG9JdzBvdzY3Y1FlUmlaRjRjemxRaTl6RTdHMmNjWjlqMnNWaXZnS2dRYWpvekI0WjM0OUZZOVRPWWFnTUZ3Tm5lTFN3NkMtREJIeG8zVm0wUHRjRzJsU2lCVkxm0gGcAUFVX3lxTE5mU3g2YXN3SEdyTnl6U0ZRVkp5TkNNRkxXWGgtTTZxZ1ljMnlNM0RNaUE2Wm5zNUJMMGVkRXFpM2VHX2Jyd21ZUkptZGE2VjExUXBJUkxHVmpHUDJ1Y0ZzdENNbUQtNkdFa3RwTXRxSE9fVVpzNW5WYmVQU2dQbXJQYVptWGFvUlF5NC00ZVd3V2UzVlpsVGgzTkp6eQ?oc=5
매각/투자,2025Q1,2025-01-10,매일경제 마켓,분당 알짜 오피스 ‘도담빌딩’ 매각 속도…주관사 교보리얼코·딜로이트안진 선정 - 매일경제 마켓,https://news.google.com/rss/articles/CBMiUEFVX3lxTE1hcTZBcFpDU3FKdG82akQ3TmRkemFnM0RMNTFHWjZva3J4MG9yZ2VKSWQ1R1ZSQlQtdm1tc3BiczNQQmhQazBWaWIwVjZFSVJY?oc=5
매각/투자,2025Q2,2025-04-04,매일경제,"2兆 오피스 판교 테크원타워 매각 속도…주관사 CBRE, 쿠시먼 선정 - 매일경제",https://news.google.com/rss/articles/CBMiUkFVX3lxTE4zUDZDaU1qb1hkUzlkdkdMOXE3Y1pHNzUxYWdHcG5hTE9VeEV3bHNZUlVsaG5EaVZKU2NDUGRHNGprWHluVUpxenRKbjJBUXpqQVE?oc=5
매각/투자,2025Q2,2025-04-04,매일경제 마켓,"2兆 오피스 판교 테크원타워 매각 속도…주관사 CBRE, 쿠시먼 선정 - 매일경제 마켓",https://news.google.com/rss/articles/CBMiUEFVX3lxTE1yd1JoU09yRnFsYWlMSXFuNzZKWnpLNUhlczA4NmdBRlVFV3BSMW56dnRBVlIwd2dhQWhpVlpVOHFLMGgzZWNkQXI0Y1hHTl9Q?oc=5
매각/투자,2025Q2,2025-04-08,땅집고,"구로 오피스가 핫해졌다…G밸리비즈플라자, 싱가포르투자청에 4100억 매각 - 땅집고",https://news.google.com/rss/articles/CBMif0FVX3lxTE1VZ0VheHVoM3IwUW9hVko0MWdKbkRjS0ZoMWZYRXJobkZoc0EwTFA3b3J6TnZ3M08wUldRZzVfai1UbmxEVGVCM3pWLVFTbktpSVBucGlvV25XU29odmcxblhuSGNtVFJXVWpReHpSQS1FQ2s2VzVfQnlXbld1VlnSAXNBVV95cUxNLWt1OVpoQXBhYnVjaUQweVZnNXpDTlJBemRteDFiSmVTdXpMbEtQTkw0ZWUwVXVXSmZBRldvMC1GTlY3WGxNdmRUR2VMSEhEdExmVGVsbW9FZGFKdzFYNUhXZFhNQzV2cFBDT2JibXJLNXgw?oc=5
매각/투자,2025Q3,2025-07-02,글로벌에픽,"㈜파메어스, 신용산 센트럴파크타워 매입…올해 중 사옥 이전 - 글로벌에픽",https://news.google.com/rss/articles/CBMifEFVX3lxTE1QRFZBamtWXzRxQjFfNjdFYzhvT3pjVEVoNExseDRVQTRILXR1SUZoRm9Qb1BabmZGSVpSR0RLU0hXWkp1MkptdmQ1b2l3YzJ2anREVHFWd1NuRGZNSnJBY21xSk5YaTZXcTZ2Nkg3bWxmbnItTHhzNW5TUDk?oc=5
매각/투자,2025Q3,2025-07-06,서울경제,"KT, 서울 호텔 2곳 1조 매각 가닥…SK이노, LNG발전 묶어 5조 마련 [시그널] - 서울경제",https://news.google.com/rss/articles/CBMiV0FVX3lxTFBBaklUUjZiTXF5T01LVFFJbF9PT1ZtU0R4cmppT2gweDZQcFkwT3VUckJGLXZCdVlmRFpzYnN6cEZvQWk5UmNSU3BOV1k3NHhSUDZNS1I4SQ?oc=5
매각/투자,2025Q3,2025-07-08,서울경제,[단독]호텔스카이파크 임차 '센트럴 서울 판교 호텔' 매각 [시그널] - 서울경제,https://news.google.com/rss/articles/CBMiUkFVX3lxTFA5aHVDZEVvdWZCU3ZmLWtjNExiT1FIbGpiMzRwaTVrQmpWemMwWUpVVUQ1SS01MjNtbkw4MnlVRFMwTVZBNi11MHp2Wmdnc2hhSXc?oc=5
매각/투자,2025Q4,2025-10-01,SPI - 상업용 부동산 콘텐츠 & 데이터 애널리틱스,"미래에셋운용, 여의도 '아이엠증권빌딩' 다시 매각 추진 - SPI - 상업용 부동산 콘텐츠 & 데이터 애널리틱스",https://news.google.com/rss/articles/CBMiW0FVX3lxTE5uYmZNMjAtdGVWVEFJT1k0LV9pZE1aUVlwcW5KdndBV052cmJWM1gwS010ZEphdE9pdW5MZThhb0l2d1AwQWs2ME5GZ1FFT1VzZzdnVWRfMnA4YzA?oc=5
매각/투자,2025Q4,2025-10-01,연합뉴스,서울 민간임대 공급절벽 없앤다…건축규제 풀고 리츠 출자지원 - 연합뉴스,https://news.google.com/rss/articles/CBMiW0FVX3lxTE1yNTlCa2F1aEhOSHhwdXNacUQ5Z0w0QlVTdXctN2tCSjVUSUNlSVh5YTFZVjRqOW8zQmJvNGVTbThoZkx0NXZqQzFYS3lZQ0NrLVFLQm81dTJ0N2_SAWBBVV95cUxNR09LNlNZY2NrUWxZOHAwYW9rRXdEUHNGZTIyMERVckp3MW0zVll5QjhlSm1xdWQwZGU3ck9yb2o2N2lBY25tbGJuRzlCQVhfZGdsYWhfcXREYnMtNGh6V3c?oc=5
매각/투자,2025Q4,2025-10-01,v.daum.net,서울시 민간임대 공급 정책 추진…건축규제 풀고 리츠 출자지원 - v.daum.net,https://news.google.com/rss/articles/CBMiT0FVX3lxTE9XcVoxVFowV01Oemx2OVBmQzNjVEZSaXRZYVk5N0hMcWhpVWpSY1c1ZlF2RmR2VjM3YzZESU1XSm1qUEJZZnRpZG9tWXoxenc?oc=5
